ISO-10303-21;
HEADER;
/* Generated by software containing ST-Developer
 * from STEP Tools, Inc. (www.steptools.com) 
 */

FILE_DESCRIPTION(
/* description */ (''),
/* implementation_level */ '2;1');

FILE_NAME(
/* name */ 'box.step',
/* time_stamp */ '2026-10-01T00:06:10+02:00',
/* author */ (''),
/* organization */ (''),
/* preprocessor_version */ 'ST-DEVELOPER v20.1',
/* originating_system */ 'Autodesk Translation Framework v15.8.0.0',
/* authorisation */ '');

FILE_SCHEMA (('AUTOMOTIVE_DESIGN { 1 0 10303 214 3 1 1 }'));
ENDSEC;

DATA;
#10=MECHANICAL_DESIGN_GEOMETRIC_PRESENTATION_REPRESENTATION('',(#137,#138,
#139,#140,#141,#142,#143,#144,#145,#146,#147,#148),#6764);
#11=ITEM_DEFINED_TRANSFORMATION($,$,#4227,#4488);
#12=ITEM_DEFINED_TRANSFORMATION($,$,#4246,#4489);
#13=ITEM_DEFINED_TRANSFORMATION($,$,#4261,#4490);
#14=ITEM_DEFINED_TRANSFORMATION($,$,#4316,#4491);
#15=ITEM_DEFINED_TRANSFORMATION($,$,#4383,#4492);
#16=ITEM_DEFINED_TRANSFORMATION($,$,#4406,#4493);
#17=ITEM_DEFINED_TRANSFORMATION($,$,#4435,#4494);
#18=ITEM_DEFINED_TRANSFORMATION($,$,#4448,#4495);
#19=ITEM_DEFINED_TRANSFORMATION($,$,#4461,#4496);
#20=ITEM_DEFINED_TRANSFORMATION($,$,#4226,#4497);
#21=(
REPRESENTATION_RELATIONSHIP($,$,#6803,#6802)
REPRESENTATION_RELATIONSHIP_WITH_TRANSFORMATION(#11)
SHAPE_REPRESENTATION_RELATIONSHIP()
);
#22=(
REPRESENTATION_RELATIONSHIP($,$,#6804,#6802)
REPRESENTATION_RELATIONSHIP_WITH_TRANSFORMATION(#12)
SHAPE_REPRESENTATION_RELATIONSHIP()
);
#23=(
REPRESENTATION_RELATIONSHIP($,$,#6805,#6802)
REPRESENTATION_RELATIONSHIP_WITH_TRANSFORMATION(#13)
SHAPE_REPRESENTATION_RELATIONSHIP()
);
#24=(
REPRESENTATION_RELATIONSHIP($,$,#6806,#6802)
REPRESENTATION_RELATIONSHIP_WITH_TRANSFORMATION(#14)
SHAPE_REPRESENTATION_RELATIONSHIP()
);
#25=(
REPRESENTATION_RELATIONSHIP($,$,#6807,#6802)
REPRESENTATION_RELATIONSHIP_WITH_TRANSFORMATION(#15)
SHAPE_REPRESENTATION_RELATIONSHIP()
);
#26=(
REPRESENTATION_RELATIONSHIP($,$,#6808,#6802)
REPRESENTATION_RELATIONSHIP_WITH_TRANSFORMATION(#16)
SHAPE_REPRESENTATION_RELATIONSHIP()
);
#27=(
REPRESENTATION_RELATIONSHIP($,$,#6809,#6802)
REPRESENTATION_RELATIONSHIP_WITH_TRANSFORMATION(#17)
SHAPE_REPRESENTATION_RELATIONSHIP()
);
#28=(
REPRESENTATION_RELATIONSHIP($,$,#6810,#6802)
REPRESENTATION_RELATIONSHIP_WITH_TRANSFORMATION(#18)
SHAPE_REPRESENTATION_RELATIONSHIP()
);
#29=(
REPRESENTATION_RELATIONSHIP($,$,#6811,#6802)
REPRESENTATION_RELATIONSHIP_WITH_TRANSFORMATION(#19)
SHAPE_REPRESENTATION_RELATIONSHIP()
);
#30=(
REPRESENTATION_RELATIONSHIP($,$,#6802,#6801)
REPRESENTATION_RELATIONSHIP_WITH_TRANSFORMATION(#20)
SHAPE_REPRESENTATION_RELATIONSHIP()
);
#31=CONTEXT_DEPENDENT_SHAPE_REPRESENTATION(#21,#6791);
#32=CONTEXT_DEPENDENT_SHAPE_REPRESENTATION(#22,#6792);
#33=CONTEXT_DEPENDENT_SHAPE_REPRESENTATION(#23,#6793);
#34=CONTEXT_DEPENDENT_SHAPE_REPRESENTATION(#24,#6794);
#35=CONTEXT_DEPENDENT_SHAPE_REPRESENTATION(#25,#6795);
#36=CONTEXT_DEPENDENT_SHAPE_REPRESENTATION(#26,#6796);
#37=CONTEXT_DEPENDENT_SHAPE_REPRESENTATION(#27,#6797);
#38=CONTEXT_DEPENDENT_SHAPE_REPRESENTATION(#28,#6798);
#39=CONTEXT_DEPENDENT_SHAPE_REPRESENTATION(#29,#6799);
#40=CONTEXT_DEPENDENT_SHAPE_REPRESENTATION(#30,#6800);
#41=NEXT_ASSEMBLY_USAGE_OCCURRENCE('Component2:1','Component2:1',
'Component2:1',#6814,#6815,'Component2:1');
#42=NEXT_ASSEMBLY_USAGE_OCCURRENCE('Component3:1','Component3:1',
'Component3:1',#6814,#6816,'Component3:1');
#43=NEXT_ASSEMBLY_USAGE_OCCURRENCE('Component4:1','Component4:1',
'Component4:1',#6814,#6817,'Component4:1');
#44=NEXT_ASSEMBLY_USAGE_OCCURRENCE('Component5:1','Component5:1',
'Component5:1',#6814,#6818,'Component5:1');
#45=NEXT_ASSEMBLY_USAGE_OCCURRENCE('Component6:1','Component6:1',
'Component6:1',#6814,#6819,'Component6:1');
#46=NEXT_ASSEMBLY_USAGE_OCCURRENCE('Component7:1','Component7:1',
'Component7:1',#6814,#6820,'Component7:1');
#47=NEXT_ASSEMBLY_USAGE_OCCURRENCE('Component8:1','Component8:1',
'Component8:1',#6814,#6821,'Component8:1');
#48=NEXT_ASSEMBLY_USAGE_OCCURRENCE('Component9:1','Component9:1',
'Component9:1',#6814,#6822,'Component9:1');
#49=NEXT_ASSEMBLY_USAGE_OCCURRENCE('Component10:1','Component10:1',
'Component10:1',#6814,#6823,'Component10:1');
#50=NEXT_ASSEMBLY_USAGE_OCCURRENCE('front:1','front:1','front:1',#6813,
#6814,'front:1');
#51=FACE_BOUND('',#469,.T.);
#52=FACE_BOUND('',#471,.T.);
#53=FACE_BOUND('',#494,.T.);
#54=FACE_BOUND('',#496,.T.);
#55=FACE_BOUND('',#528,.T.);
#56=FACE_BOUND('',#530,.T.);
#57=FACE_BOUND('',#540,.T.);
#58=FACE_BOUND('',#542,.T.);
#59=CIRCLE('',#4264,4.);
#60=CIRCLE('',#4265,4.);
#61=CIRCLE('',#4281,3.99999999999999);
#62=CIRCLE('',#4282,3.99999999999999);
#63=CIRCLE('',#4285,4.);
#64=CIRCLE('',#4286,4.);
#65=CIRCLE('',#4291,4.);
#66=CIRCLE('',#4292,4.);
#67=CIRCLE('',#4308,3.99999999999999);
#68=CIRCLE('',#4309,3.99999999999999);
#69=CIRCLE('',#4312,4.);
#70=CIRCLE('',#4313,4.);
#71=CIRCLE('',#4318,2.05);
#72=CIRCLE('',#4319,2.05);
#73=CIRCLE('',#4332,10.0000001490116);
#74=CIRCLE('',#4333,10.0000001490116);
#75=CIRCLE('',#4336,4.);
#76=CIRCLE('',#4337,4.);
#77=CIRCLE('',#4340,4.);
#78=CIRCLE('',#4341,4.);
#79=CIRCLE('',#4344,3.99999999999999);
#80=CIRCLE('',#4345,3.99999999999999);
#81=CIRCLE('',#4351,2.05);
#82=CIRCLE('',#4352,2.05);
#83=CIRCLE('',#4365,10.0000001490116);
#84=CIRCLE('',#4366,10.0000001490116);
#85=CIRCLE('',#4369,4.);
#86=CIRCLE('',#4370,4.);
#87=CIRCLE('',#4373,4.);
#88=CIRCLE('',#4374,4.);
#89=CIRCLE('',#4377,3.99999999999999);
#90=CIRCLE('',#4378,3.99999999999999);
#91=CIRCLE('',#4408,2.05);
#92=CIRCLE('',#4409,2.05);
#93=CIRCLE('',#4416,9.99999999999999);
#94=CIRCLE('',#4417,9.99999999999999);
#95=CIRCLE('',#4422,2.05);
#96=CIRCLE('',#4423,2.05);
#97=CIRCLE('',#4430,9.99999999999999);
#98=CIRCLE('',#4431,9.99999999999999);
#99=CYLINDRICAL_SURFACE('',#4263,4.);
#100=CYLINDRICAL_SURFACE('',#4280,3.99999999999999);
#101=CYLINDRICAL_SURFACE('',#4284,4.);
#102=CYLINDRICAL_SURFACE('',#4290,4.);
#103=CYLINDRICAL_SURFACE('',#4307,3.99999999999999);
#104=CYLINDRICAL_SURFACE('',#4311,4.);
#105=CYLINDRICAL_SURFACE('',#4317,2.05);
#106=CYLINDRICAL_SURFACE('',#4331,10.0000001490116);
#107=CYLINDRICAL_SURFACE('',#4335,4.);
#108=CYLINDRICAL_SURFACE('',#4339,4.);
#109=CYLINDRICAL_SURFACE('',#4343,3.99999999999999);
#110=CYLINDRICAL_SURFACE('',#4350,2.05);
#111=CYLINDRICAL_SURFACE('',#4364,10.0000001490116);
#112=CYLINDRICAL_SURFACE('',#4368,4.);
#113=CYLINDRICAL_SURFACE('',#4372,4.);
#114=CYLINDRICAL_SURFACE('',#4376,3.99999999999999);
#115=CYLINDRICAL_SURFACE('',#4407,2.05);
#116=CYLINDRICAL_SURFACE('',#4415,9.99999999999999);
#117=CYLINDRICAL_SURFACE('',#4421,2.05);
#118=CYLINDRICAL_SURFACE('',#4429,9.99999999999999);
#119=SHAPE_REPRESENTATION_RELATIONSHIP('SRR','None',#6803,#128);
#120=SHAPE_REPRESENTATION_RELATIONSHIP('SRR','None',#6804,#129);
#121=SHAPE_REPRESENTATION_RELATIONSHIP('SRR','None',#6805,#130);
#122=SHAPE_REPRESENTATION_RELATIONSHIP('SRR','None',#6806,#131);
#123=SHAPE_REPRESENTATION_RELATIONSHIP('SRR','None',#6807,#132);
#124=SHAPE_REPRESENTATION_RELATIONSHIP('SRR','None',#6808,#133);
#125=SHAPE_REPRESENTATION_RELATIONSHIP('SRR','None',#6809,#134);
#126=SHAPE_REPRESENTATION_RELATIONSHIP('SRR','None',#6810,#135);
#127=SHAPE_REPRESENTATION_RELATIONSHIP('SRR','None',#6811,#136);
#128=ADVANCED_BREP_SHAPE_REPRESENTATION('',(#149),#6755);
#129=ADVANCED_BREP_SHAPE_REPRESENTATION('',(#150),#6756);
#130=ADVANCED_BREP_SHAPE_REPRESENTATION('',(#151,#152),#6757);
#131=ADVANCED_BREP_SHAPE_REPRESENTATION('',(#153,#154),#6758);
#132=ADVANCED_BREP_SHAPE_REPRESENTATION('',(#155),#6759);
#133=ADVANCED_BREP_SHAPE_REPRESENTATION('',(#156,#157),#6760);
#134=ADVANCED_BREP_SHAPE_REPRESENTATION('',(#158),#6761);
#135=ADVANCED_BREP_SHAPE_REPRESENTATION('',(#159),#6762);
#136=ADVANCED_BREP_SHAPE_REPRESENTATION('',(#160),#6763);
#137=STYLED_ITEM('',(#6860),#149);
#138=STYLED_ITEM('',(#6860),#150);
#139=STYLED_ITEM('',(#6860),#151);
#140=STYLED_ITEM('',(#6860),#152);
#141=STYLED_ITEM('',(#6860),#153);
#142=STYLED_ITEM('',(#6860),#154);
#143=STYLED_ITEM('',(#6860),#155);
#144=STYLED_ITEM('',(#6860),#156);
#145=STYLED_ITEM('',(#6860),#157);
#146=STYLED_ITEM('',(#6860),#158);
#147=STYLED_ITEM('',(#6860),#159);
#148=STYLED_ITEM('',(#6860),#160);
#149=MANIFOLD_SOLID_BREP('Body1',#4113);
#150=MANIFOLD_SOLID_BREP('Body1',#4114);
#151=MANIFOLD_SOLID_BREP('Body1',#4115);
#152=MANIFOLD_SOLID_BREP('Body2',#4116);
#153=MANIFOLD_SOLID_BREP('Body1',#4117);
#154=MANIFOLD_SOLID_BREP('Body2',#4118);
#155=MANIFOLD_SOLID_BREP('Body1',#4119);
#156=MANIFOLD_SOLID_BREP('Body1',#4120);
#157=MANIFOLD_SOLID_BREP('Body2',#4121);
#158=MANIFOLD_SOLID_BREP('Body1',#4122);
#159=MANIFOLD_SOLID_BREP('Body1',#4123);
#160=MANIFOLD_SOLID_BREP('Body1',#4124);
#161=FACE_OUTER_BOUND('',#373,.T.);
#162=FACE_OUTER_BOUND('',#374,.T.);
#163=FACE_OUTER_BOUND('',#375,.T.);
#164=FACE_OUTER_BOUND('',#376,.T.);
#165=FACE_OUTER_BOUND('',#377,.T.);
#166=FACE_OUTER_BOUND('',#378,.T.);
#167=FACE_OUTER_BOUND('',#379,.T.);
#168=FACE_OUTER_BOUND('',#380,.T.);
#169=FACE_OUTER_BOUND('',#381,.T.);
#170=FACE_OUTER_BOUND('',#382,.T.);
#171=FACE_OUTER_BOUND('',#383,.T.);
#172=FACE_OUTER_BOUND('',#384,.T.);
#173=FACE_OUTER_BOUND('',#385,.T.);
#174=FACE_OUTER_BOUND('',#386,.T.);
#175=FACE_OUTER_BOUND('',#387,.T.);
#176=FACE_OUTER_BOUND('',#388,.T.);
#177=FACE_OUTER_BOUND('',#389,.T.);
#178=FACE_OUTER_BOUND('',#390,.T.);
#179=FACE_OUTER_BOUND('',#391,.T.);
#180=FACE_OUTER_BOUND('',#392,.T.);
#181=FACE_OUTER_BOUND('',#393,.T.);
#182=FACE_OUTER_BOUND('',#394,.T.);
#183=FACE_OUTER_BOUND('',#395,.T.);
#184=FACE_OUTER_BOUND('',#396,.T.);
#185=FACE_OUTER_BOUND('',#397,.T.);
#186=FACE_OUTER_BOUND('',#398,.T.);
#187=FACE_OUTER_BOUND('',#399,.T.);
#188=FACE_OUTER_BOUND('',#400,.T.);
#189=FACE_OUTER_BOUND('',#401,.T.);
#190=FACE_OUTER_BOUND('',#402,.T.);
#191=FACE_OUTER_BOUND('',#403,.T.);
#192=FACE_OUTER_BOUND('',#404,.T.);
#193=FACE_OUTER_BOUND('',#405,.T.);
#194=FACE_OUTER_BOUND('',#406,.T.);
#195=FACE_OUTER_BOUND('',#407,.T.);
#196=FACE_OUTER_BOUND('',#408,.T.);
#197=FACE_OUTER_BOUND('',#409,.T.);
#198=FACE_OUTER_BOUND('',#410,.T.);
#199=FACE_OUTER_BOUND('',#411,.T.);
#200=FACE_OUTER_BOUND('',#412,.T.);
#201=FACE_OUTER_BOUND('',#413,.T.);
#202=FACE_OUTER_BOUND('',#414,.T.);
#203=FACE_OUTER_BOUND('',#415,.T.);
#204=FACE_OUTER_BOUND('',#416,.T.);
#205=FACE_OUTER_BOUND('',#417,.T.);
#206=FACE_OUTER_BOUND('',#418,.T.);
#207=FACE_OUTER_BOUND('',#419,.T.);
#208=FACE_OUTER_BOUND('',#420,.T.);
#209=FACE_OUTER_BOUND('',#421,.T.);
#210=FACE_OUTER_BOUND('',#422,.T.);
#211=FACE_OUTER_BOUND('',#423,.T.);
#212=FACE_OUTER_BOUND('',#424,.T.);
#213=FACE_OUTER_BOUND('',#425,.T.);
#214=FACE_OUTER_BOUND('',#426,.T.);
#215=FACE_OUTER_BOUND('',#427,.T.);
#216=FACE_OUTER_BOUND('',#428,.T.);
#217=FACE_OUTER_BOUND('',#429,.T.);
#218=FACE_OUTER_BOUND('',#430,.T.);
#219=FACE_OUTER_BOUND('',#431,.T.);
#220=FACE_OUTER_BOUND('',#432,.T.);
#221=FACE_OUTER_BOUND('',#433,.T.);
#222=FACE_OUTER_BOUND('',#434,.T.);
#223=FACE_OUTER_BOUND('',#435,.T.);
#224=FACE_OUTER_BOUND('',#436,.T.);
#225=FACE_OUTER_BOUND('',#437,.T.);
#226=FACE_OUTER_BOUND('',#438,.T.);
#227=FACE_OUTER_BOUND('',#439,.T.);
#228=FACE_OUTER_BOUND('',#440,.T.);
#229=FACE_OUTER_BOUND('',#441,.T.);
#230=FACE_OUTER_BOUND('',#442,.T.);
#231=FACE_OUTER_BOUND('',#443,.T.);
#232=FACE_OUTER_BOUND('',#444,.T.);
#233=FACE_OUTER_BOUND('',#445,.T.);
#234=FACE_OUTER_BOUND('',#446,.T.);
#235=FACE_OUTER_BOUND('',#447,.T.);
#236=FACE_OUTER_BOUND('',#448,.T.);
#237=FACE_OUTER_BOUND('',#449,.T.);
#238=FACE_OUTER_BOUND('',#450,.T.);
#239=FACE_OUTER_BOUND('',#451,.T.);
#240=FACE_OUTER_BOUND('',#452,.T.);
#241=FACE_OUTER_BOUND('',#453,.T.);
#242=FACE_OUTER_BOUND('',#454,.T.);
#243=FACE_OUTER_BOUND('',#455,.T.);
#244=FACE_OUTER_BOUND('',#456,.T.);
#245=FACE_OUTER_BOUND('',#457,.T.);
#246=FACE_OUTER_BOUND('',#458,.T.);
#247=FACE_OUTER_BOUND('',#459,.T.);
#248=FACE_OUTER_BOUND('',#460,.T.);
#249=FACE_OUTER_BOUND('',#461,.T.);
#250=FACE_OUTER_BOUND('',#462,.T.);
#251=FACE_OUTER_BOUND('',#463,.T.);
#252=FACE_OUTER_BOUND('',#464,.T.);
#253=FACE_OUTER_BOUND('',#465,.T.);
#254=FACE_OUTER_BOUND('',#466,.T.);
#255=FACE_OUTER_BOUND('',#467,.T.);
#256=FACE_OUTER_BOUND('',#468,.T.);
#257=FACE_OUTER_BOUND('',#470,.T.);
#258=FACE_OUTER_BOUND('',#472,.T.);
#259=FACE_OUTER_BOUND('',#473,.T.);
#260=FACE_OUTER_BOUND('',#474,.T.);
#261=FACE_OUTER_BOUND('',#475,.T.);
#262=FACE_OUTER_BOUND('',#476,.T.);
#263=FACE_OUTER_BOUND('',#477,.T.);
#264=FACE_OUTER_BOUND('',#478,.T.);
#265=FACE_OUTER_BOUND('',#479,.T.);
#266=FACE_OUTER_BOUND('',#480,.T.);
#267=FACE_OUTER_BOUND('',#481,.T.);
#268=FACE_OUTER_BOUND('',#482,.T.);
#269=FACE_OUTER_BOUND('',#483,.T.);
#270=FACE_OUTER_BOUND('',#484,.T.);
#271=FACE_OUTER_BOUND('',#485,.T.);
#272=FACE_OUTER_BOUND('',#486,.T.);
#273=FACE_OUTER_BOUND('',#487,.T.);
#274=FACE_OUTER_BOUND('',#488,.T.);
#275=FACE_OUTER_BOUND('',#489,.T.);
#276=FACE_OUTER_BOUND('',#490,.T.);
#277=FACE_OUTER_BOUND('',#491,.T.);
#278=FACE_OUTER_BOUND('',#492,.T.);
#279=FACE_OUTER_BOUND('',#493,.T.);
#280=FACE_OUTER_BOUND('',#495,.T.);
#281=FACE_OUTER_BOUND('',#497,.T.);
#282=FACE_OUTER_BOUND('',#498,.T.);
#283=FACE_OUTER_BOUND('',#499,.T.);
#284=FACE_OUTER_BOUND('',#500,.T.);
#285=FACE_OUTER_BOUND('',#501,.T.);
#286=FACE_OUTER_BOUND('',#502,.T.);
#287=FACE_OUTER_BOUND('',#503,.T.);
#288=FACE_OUTER_BOUND('',#504,.T.);
#289=FACE_OUTER_BOUND('',#505,.T.);
#290=FACE_OUTER_BOUND('',#506,.T.);
#291=FACE_OUTER_BOUND('',#507,.T.);
#292=FACE_OUTER_BOUND('',#508,.T.);
#293=FACE_OUTER_BOUND('',#509,.T.);
#294=FACE_OUTER_BOUND('',#510,.T.);
#295=FACE_OUTER_BOUND('',#511,.T.);
#296=FACE_OUTER_BOUND('',#512,.T.);
#297=FACE_OUTER_BOUND('',#513,.T.);
#298=FACE_OUTER_BOUND('',#514,.T.);
#299=FACE_OUTER_BOUND('',#515,.T.);
#300=FACE_OUTER_BOUND('',#516,.T.);
#301=FACE_OUTER_BOUND('',#517,.T.);
#302=FACE_OUTER_BOUND('',#518,.T.);
#303=FACE_OUTER_BOUND('',#519,.T.);
#304=FACE_OUTER_BOUND('',#520,.T.);
#305=FACE_OUTER_BOUND('',#521,.T.);
#306=FACE_OUTER_BOUND('',#522,.T.);
#307=FACE_OUTER_BOUND('',#523,.T.);
#308=FACE_OUTER_BOUND('',#524,.T.);
#309=FACE_OUTER_BOUND('',#525,.T.);
#310=FACE_OUTER_BOUND('',#526,.T.);
#311=FACE_OUTER_BOUND('',#527,.T.);
#312=FACE_OUTER_BOUND('',#529,.T.);
#313=FACE_OUTER_BOUND('',#531,.T.);
#314=FACE_OUTER_BOUND('',#532,.T.);
#315=FACE_OUTER_BOUND('',#533,.T.);
#316=FACE_OUTER_BOUND('',#534,.T.);
#317=FACE_OUTER_BOUND('',#535,.T.);
#318=FACE_OUTER_BOUND('',#536,.T.);
#319=FACE_OUTER_BOUND('',#537,.T.);
#320=FACE_OUTER_BOUND('',#538,.T.);
#321=FACE_OUTER_BOUND('',#539,.T.);
#322=FACE_OUTER_BOUND('',#541,.T.);
#323=FACE_OUTER_BOUND('',#543,.T.);
#324=FACE_OUTER_BOUND('',#544,.T.);
#325=FACE_OUTER_BOUND('',#545,.T.);
#326=FACE_OUTER_BOUND('',#546,.T.);
#327=FACE_OUTER_BOUND('',#547,.T.);
#328=FACE_OUTER_BOUND('',#548,.T.);
#329=FACE_OUTER_BOUND('',#549,.T.);
#330=FACE_OUTER_BOUND('',#550,.T.);
#331=FACE_OUTER_BOUND('',#551,.T.);
#332=FACE_OUTER_BOUND('',#552,.T.);
#333=FACE_OUTER_BOUND('',#553,.T.);
#334=FACE_OUTER_BOUND('',#554,.T.);
#335=FACE_OUTER_BOUND('',#555,.T.);
#336=FACE_OUTER_BOUND('',#556,.T.);
#337=FACE_OUTER_BOUND('',#557,.T.);
#338=FACE_OUTER_BOUND('',#558,.T.);
#339=FACE_OUTER_BOUND('',#559,.T.);
#340=FACE_OUTER_BOUND('',#560,.T.);
#341=FACE_OUTER_BOUND('',#561,.T.);
#342=FACE_OUTER_BOUND('',#562,.T.);
#343=FACE_OUTER_BOUND('',#563,.T.);
#344=FACE_OUTER_BOUND('',#564,.T.);
#345=FACE_OUTER_BOUND('',#565,.T.);
#346=FACE_OUTER_BOUND('',#566,.T.);
#347=FACE_OUTER_BOUND('',#567,.T.);
#348=FACE_OUTER_BOUND('',#568,.T.);
#349=FACE_OUTER_BOUND('',#569,.T.);
#350=FACE_OUTER_BOUND('',#570,.T.);
#351=FACE_OUTER_BOUND('',#571,.T.);
#352=FACE_OUTER_BOUND('',#572,.T.);
#353=FACE_OUTER_BOUND('',#573,.T.);
#354=FACE_OUTER_BOUND('',#574,.T.);
#355=FACE_OUTER_BOUND('',#575,.T.);
#356=FACE_OUTER_BOUND('',#576,.T.);
#357=FACE_OUTER_BOUND('',#577,.T.);
#358=FACE_OUTER_BOUND('',#578,.T.);
#359=FACE_OUTER_BOUND('',#579,.T.);
#360=FACE_OUTER_BOUND('',#580,.T.);
#361=FACE_OUTER_BOUND('',#581,.T.);
#362=FACE_OUTER_BOUND('',#582,.T.);
#363=FACE_OUTER_BOUND('',#583,.T.);
#364=FACE_OUTER_BOUND('',#584,.T.);
#365=FACE_OUTER_BOUND('',#585,.T.);
#366=FACE_OUTER_BOUND('',#586,.T.);
#367=FACE_OUTER_BOUND('',#587,.T.);
#368=FACE_OUTER_BOUND('',#588,.T.);
#369=FACE_OUTER_BOUND('',#589,.T.);
#370=FACE_OUTER_BOUND('',#590,.T.);
#371=FACE_OUTER_BOUND('',#591,.T.);
#372=FACE_OUTER_BOUND('',#592,.T.);
#373=EDGE_LOOP('',(#2581,#2582,#2583,#2584));
#374=EDGE_LOOP('',(#2585,#2586,#2587,#2588));
#375=EDGE_LOOP('',(#2589,#2590,#2591,#2592));
#376=EDGE_LOOP('',(#2593,#2594,#2595,#2596));
#377=EDGE_LOOP('',(#2597,#2598,#2599,#2600));
#378=EDGE_LOOP('',(#2601,#2602,#2603,#2604));
#379=EDGE_LOOP('',(#2605,#2606,#2607,#2608));
#380=EDGE_LOOP('',(#2609,#2610,#2611,#2612));
#381=EDGE_LOOP('',(#2613,#2614,#2615,#2616));
#382=EDGE_LOOP('',(#2617,#2618,#2619,#2620));
#383=EDGE_LOOP('',(#2621,#2622,#2623,#2624));
#384=EDGE_LOOP('',(#2625,#2626,#2627,#2628));
#385=EDGE_LOOP('',(#2629,#2630,#2631,#2632));
#386=EDGE_LOOP('',(#2633,#2634,#2635,#2636));
#387=EDGE_LOOP('',(#2637,#2638,#2639,#2640));
#388=EDGE_LOOP('',(#2641,#2642,#2643,#2644));
#389=EDGE_LOOP('',(#2645,#2646,#2647,#2648,#2649,#2650,#2651,#2652,#2653,
#2654,#2655,#2656,#2657,#2658,#2659,#2660));
#390=EDGE_LOOP('',(#2661,#2662,#2663,#2664,#2665,#2666,#2667,#2668,#2669,
#2670,#2671,#2672,#2673,#2674,#2675,#2676));
#391=EDGE_LOOP('',(#2677,#2678,#2679,#2680));
#392=EDGE_LOOP('',(#2681,#2682,#2683,#2684));
#393=EDGE_LOOP('',(#2685,#2686,#2687,#2688));
#394=EDGE_LOOP('',(#2689,#2690,#2691,#2692));
#395=EDGE_LOOP('',(#2693,#2694,#2695,#2696));
#396=EDGE_LOOP('',(#2697,#2698,#2699,#2700));
#397=EDGE_LOOP('',(#2701,#2702,#2703,#2704));
#398=EDGE_LOOP('',(#2705,#2706,#2707,#2708));
#399=EDGE_LOOP('',(#2709,#2710,#2711,#2712));
#400=EDGE_LOOP('',(#2713,#2714,#2715,#2716));
#401=EDGE_LOOP('',(#2717,#2718,#2719,#2720));
#402=EDGE_LOOP('',(#2721,#2722,#2723,#2724));
#403=EDGE_LOOP('',(#2725,#2726,#2727,#2728,#2729,#2730,#2731,#2732,#2733,
#2734,#2735,#2736));
#404=EDGE_LOOP('',(#2737,#2738,#2739,#2740,#2741,#2742,#2743,#2744,#2745,
#2746,#2747,#2748));
#405=EDGE_LOOP('',(#2749,#2750,#2751,#2752));
#406=EDGE_LOOP('',(#2753,#2754,#2755,#2756));
#407=EDGE_LOOP('',(#2757,#2758,#2759,#2760));
#408=EDGE_LOOP('',(#2761,#2762,#2763,#2764));
#409=EDGE_LOOP('',(#2765,#2766,#2767,#2768));
#410=EDGE_LOOP('',(#2769,#2770,#2771,#2772));
#411=EDGE_LOOP('',(#2773,#2774,#2775,#2776));
#412=EDGE_LOOP('',(#2777,#2778,#2779,#2780));
#413=EDGE_LOOP('',(#2781,#2782,#2783,#2784));
#414=EDGE_LOOP('',(#2785,#2786,#2787,#2788));
#415=EDGE_LOOP('',(#2789,#2790,#2791,#2792));
#416=EDGE_LOOP('',(#2793,#2794,#2795,#2796));
#417=EDGE_LOOP('',(#2797,#2798,#2799,#2800));
#418=EDGE_LOOP('',(#2801,#2802,#2803,#2804));
#419=EDGE_LOOP('',(#2805,#2806,#2807,#2808));
#420=EDGE_LOOP('',(#2809,#2810,#2811,#2812));
#421=EDGE_LOOP('',(#2813,#2814,#2815,#2816));
#422=EDGE_LOOP('',(#2817,#2818,#2819,#2820));
#423=EDGE_LOOP('',(#2821,#2822,#2823,#2824));
#424=EDGE_LOOP('',(#2825,#2826,#2827,#2828,#2829,#2830,#2831,#2832,#2833,
#2834,#2835,#2836,#2837,#2838,#2839,#2840,#2841,#2842,#2843));
#425=EDGE_LOOP('',(#2844,#2845,#2846,#2847,#2848,#2849,#2850,#2851,#2852,
#2853,#2854,#2855,#2856,#2857,#2858,#2859,#2860,#2861,#2862));
#426=EDGE_LOOP('',(#2863,#2864,#2865,#2866));
#427=EDGE_LOOP('',(#2867,#2868,#2869,#2870));
#428=EDGE_LOOP('',(#2871,#2872,#2873,#2874));
#429=EDGE_LOOP('',(#2875,#2876,#2877,#2878));
#430=EDGE_LOOP('',(#2879,#2880,#2881,#2882));
#431=EDGE_LOOP('',(#2883,#2884,#2885,#2886));
#432=EDGE_LOOP('',(#2887,#2888,#2889,#2890));
#433=EDGE_LOOP('',(#2891,#2892,#2893,#2894));
#434=EDGE_LOOP('',(#2895,#2896,#2897,#2898));
#435=EDGE_LOOP('',(#2899,#2900,#2901,#2902));
#436=EDGE_LOOP('',(#2903,#2904,#2905,#2906));
#437=EDGE_LOOP('',(#2907,#2908,#2909,#2910));
#438=EDGE_LOOP('',(#2911,#2912,#2913,#2914));
#439=EDGE_LOOP('',(#2915,#2916,#2917,#2918));
#440=EDGE_LOOP('',(#2919,#2920,#2921,#2922));
#441=EDGE_LOOP('',(#2923,#2924,#2925,#2926));
#442=EDGE_LOOP('',(#2927,#2928,#2929,#2930));
#443=EDGE_LOOP('',(#2931,#2932,#2933,#2934));
#444=EDGE_LOOP('',(#2935,#2936,#2937,#2938));
#445=EDGE_LOOP('',(#2939,#2940,#2941,#2942,#2943,#2944,#2945,#2946,#2947,
#2948,#2949,#2950,#2951,#2952,#2953,#2954,#2955,#2956,#2957));
#446=EDGE_LOOP('',(#2958,#2959,#2960,#2961,#2962,#2963,#2964,#2965,#2966,
#2967,#2968,#2969,#2970,#2971,#2972,#2973,#2974,#2975,#2976));
#447=EDGE_LOOP('',(#2977,#2978,#2979,#2980));
#448=EDGE_LOOP('',(#2981,#2982,#2983,#2984));
#449=EDGE_LOOP('',(#2985,#2986,#2987,#2988));
#450=EDGE_LOOP('',(#2989,#2990,#2991,#2992));
#451=EDGE_LOOP('',(#2993,#2994,#2995,#2996));
#452=EDGE_LOOP('',(#2997,#2998,#2999,#3000));
#453=EDGE_LOOP('',(#3001,#3002,#3003,#3004));
#454=EDGE_LOOP('',(#3005,#3006,#3007,#3008));
#455=EDGE_LOOP('',(#3009,#3010,#3011,#3012));
#456=EDGE_LOOP('',(#3013,#3014,#3015,#3016));
#457=EDGE_LOOP('',(#3017,#3018,#3019,#3020));
#458=EDGE_LOOP('',(#3021,#3022,#3023,#3024));
#459=EDGE_LOOP('',(#3025,#3026,#3027,#3028));
#460=EDGE_LOOP('',(#3029,#3030,#3031,#3032));
#461=EDGE_LOOP('',(#3033,#3034,#3035,#3036));
#462=EDGE_LOOP('',(#3037,#3038,#3039,#3040));
#463=EDGE_LOOP('',(#3041,#3042,#3043,#3044));
#464=EDGE_LOOP('',(#3045,#3046,#3047,#3048));
#465=EDGE_LOOP('',(#3049,#3050,#3051,#3052));
#466=EDGE_LOOP('',(#3053,#3054,#3055,#3056));
#467=EDGE_LOOP('',(#3057,#3058,#3059,#3060));
#468=EDGE_LOOP('',(#3061,#3062,#3063,#3064,#3065,#3066,#3067,#3068,#3069,
#3070,#3071,#3072,#3073,#3074,#3075,#3076,#3077,#3078,#3079,#3080));
#469=EDGE_LOOP('',(#3081));
#470=EDGE_LOOP('',(#3082,#3083,#3084,#3085,#3086,#3087,#3088,#3089,#3090,
#3091,#3092,#3093,#3094,#3095,#3096,#3097,#3098,#3099,#3100,#3101));
#471=EDGE_LOOP('',(#3102));
#472=EDGE_LOOP('',(#3103,#3104,#3105,#3106));
#473=EDGE_LOOP('',(#3107,#3108,#3109,#3110));
#474=EDGE_LOOP('',(#3111,#3112,#3113,#3114));
#475=EDGE_LOOP('',(#3115,#3116,#3117,#3118));
#476=EDGE_LOOP('',(#3119,#3120,#3121,#3122));
#477=EDGE_LOOP('',(#3123,#3124,#3125,#3126));
#478=EDGE_LOOP('',(#3127,#3128,#3129,#3130));
#479=EDGE_LOOP('',(#3131,#3132,#3133,#3134));
#480=EDGE_LOOP('',(#3135,#3136,#3137,#3138));
#481=EDGE_LOOP('',(#3139,#3140,#3141,#3142));
#482=EDGE_LOOP('',(#3143,#3144,#3145,#3146));
#483=EDGE_LOOP('',(#3147,#3148,#3149,#3150));
#484=EDGE_LOOP('',(#3151,#3152,#3153,#3154));
#485=EDGE_LOOP('',(#3155,#3156,#3157,#3158));
#486=EDGE_LOOP('',(#3159,#3160,#3161,#3162));
#487=EDGE_LOOP('',(#3163,#3164,#3165,#3166));
#488=EDGE_LOOP('',(#3167,#3168,#3169,#3170));
#489=EDGE_LOOP('',(#3171,#3172,#3173,#3174));
#490=EDGE_LOOP('',(#3175,#3176,#3177,#3178));
#491=EDGE_LOOP('',(#3179,#3180,#3181,#3182));
#492=EDGE_LOOP('',(#3183,#3184,#3185,#3186));
#493=EDGE_LOOP('',(#3187,#3188,#3189,#3190,#3191,#3192,#3193,#3194,#3195,
#3196,#3197,#3198,#3199,#3200,#3201,#3202,#3203,#3204,#3205,#3206));
#494=EDGE_LOOP('',(#3207));
#495=EDGE_LOOP('',(#3208,#3209,#3210,#3211,#3212,#3213,#3214,#3215,#3216,
#3217,#3218,#3219,#3220,#3221,#3222,#3223,#3224,#3225,#3226,#3227));
#496=EDGE_LOOP('',(#3228));
#497=EDGE_LOOP('',(#3229,#3230,#3231,#3232));
#498=EDGE_LOOP('',(#3233,#3234,#3235,#3236));
#499=EDGE_LOOP('',(#3237,#3238,#3239,#3240));
#500=EDGE_LOOP('',(#3241,#3242,#3243,#3244));
#501=EDGE_LOOP('',(#3245,#3246,#3247,#3248));
#502=EDGE_LOOP('',(#3249,#3250,#3251,#3252));
#503=EDGE_LOOP('',(#3253,#3254,#3255,#3256));
#504=EDGE_LOOP('',(#3257,#3258,#3259,#3260));
#505=EDGE_LOOP('',(#3261,#3262,#3263,#3264));
#506=EDGE_LOOP('',(#3265,#3266,#3267,#3268));
#507=EDGE_LOOP('',(#3269,#3270,#3271,#3272));
#508=EDGE_LOOP('',(#3273,#3274,#3275,#3276));
#509=EDGE_LOOP('',(#3277,#3278,#3279,#3280));
#510=EDGE_LOOP('',(#3281,#3282,#3283,#3284));
#511=EDGE_LOOP('',(#3285,#3286,#3287,#3288));
#512=EDGE_LOOP('',(#3289,#3290,#3291,#3292));
#513=EDGE_LOOP('',(#3293,#3294,#3295,#3296));
#514=EDGE_LOOP('',(#3297,#3298,#3299,#3300));
#515=EDGE_LOOP('',(#3301,#3302,#3303,#3304));
#516=EDGE_LOOP('',(#3305,#3306,#3307,#3308));
#517=EDGE_LOOP('',(#3309,#3310,#3311,#3312,#3313,#3314,#3315,#3316,#3317,
#3318,#3319,#3320,#3321,#3322,#3323,#3324,#3325,#3326,#3327,#3328));
#518=EDGE_LOOP('',(#3329,#3330,#3331,#3332,#3333,#3334,#3335,#3336,#3337,
#3338,#3339,#3340,#3341,#3342,#3343,#3344,#3345,#3346,#3347,#3348));
#519=EDGE_LOOP('',(#3349,#3350,#3351,#3352));
#520=EDGE_LOOP('',(#3353,#3354,#3355,#3356));
#521=EDGE_LOOP('',(#3357,#3358,#3359,#3360));
#522=EDGE_LOOP('',(#3361,#3362,#3363,#3364));
#523=EDGE_LOOP('',(#3365,#3366,#3367,#3368));
#524=EDGE_LOOP('',(#3369,#3370,#3371,#3372));
#525=EDGE_LOOP('',(#3373,#3374,#3375,#3376));
#526=EDGE_LOOP('',(#3377,#3378,#3379,#3380));
#527=EDGE_LOOP('',(#3381,#3382,#3383,#3384,#3385,#3386,#3387));
#528=EDGE_LOOP('',(#3388));
#529=EDGE_LOOP('',(#3389,#3390,#3391,#3392,#3393,#3394,#3395));
#530=EDGE_LOOP('',(#3396));
#531=EDGE_LOOP('',(#3397,#3398,#3399,#3400));
#532=EDGE_LOOP('',(#3401,#3402,#3403,#3404));
#533=EDGE_LOOP('',(#3405,#3406,#3407,#3408));
#534=EDGE_LOOP('',(#3409,#3410,#3411,#3412));
#535=EDGE_LOOP('',(#3413,#3414,#3415,#3416));
#536=EDGE_LOOP('',(#3417,#3418,#3419,#3420));
#537=EDGE_LOOP('',(#3421,#3422,#3423,#3424));
#538=EDGE_LOOP('',(#3425,#3426,#3427,#3428));
#539=EDGE_LOOP('',(#3429,#3430,#3431,#3432,#3433,#3434,#3435));
#540=EDGE_LOOP('',(#3436));
#541=EDGE_LOOP('',(#3437,#3438,#3439,#3440,#3441,#3442,#3443));
#542=EDGE_LOOP('',(#3444));
#543=EDGE_LOOP('',(#3445,#3446,#3447,#3448));
#544=EDGE_LOOP('',(#3449,#3450,#3451,#3452));
#545=EDGE_LOOP('',(#3453,#3454,#3455,#3456));
#546=EDGE_LOOP('',(#3457,#3458,#3459,#3460));
#547=EDGE_LOOP('',(#3461,#3462,#3463,#3464));
#548=EDGE_LOOP('',(#3465,#3466,#3467,#3468));
#549=EDGE_LOOP('',(#3469,#3470,#3471,#3472));
#550=EDGE_LOOP('',(#3473,#3474,#3475,#3476));
#551=EDGE_LOOP('',(#3477,#3478,#3479,#3480));
#552=EDGE_LOOP('',(#3481,#3482,#3483,#3484));
#553=EDGE_LOOP('',(#3485,#3486,#3487,#3488,#3489,#3490,#3491,#3492,#3493,
#3494));
#554=EDGE_LOOP('',(#3495,#3496,#3497,#3498,#3499,#3500,#3501,#3502,#3503,
#3504));
#555=EDGE_LOOP('',(#3505,#3506,#3507,#3508));
#556=EDGE_LOOP('',(#3509,#3510,#3511,#3512));
#557=EDGE_LOOP('',(#3513,#3514,#3515,#3516));
#558=EDGE_LOOP('',(#3517,#3518,#3519,#3520));
#559=EDGE_LOOP('',(#3521,#3522,#3523,#3524));
#560=EDGE_LOOP('',(#3525,#3526,#3527,#3528));
#561=EDGE_LOOP('',(#3529,#3530,#3531,#3532));
#562=EDGE_LOOP('',(#3533,#3534,#3535,#3536));
#563=EDGE_LOOP('',(#3537,#3538,#3539,#3540));
#564=EDGE_LOOP('',(#3541,#3542,#3543,#3544));
#565=EDGE_LOOP('',(#3545,#3546,#3547,#3548,#3549,#3550,#3551,#3552,#3553,
#3554));
#566=EDGE_LOOP('',(#3555,#3556,#3557,#3558,#3559,#3560,#3561,#3562,#3563,
#3564));
#567=EDGE_LOOP('',(#3565,#3566,#3567,#3568));
#568=EDGE_LOOP('',(#3569,#3570,#3571,#3572));
#569=EDGE_LOOP('',(#3573,#3574,#3575,#3576));
#570=EDGE_LOOP('',(#3577,#3578,#3579,#3580));
#571=EDGE_LOOP('',(#3581,#3582,#3583,#3584));
#572=EDGE_LOOP('',(#3585,#3586,#3587,#3588));
#573=EDGE_LOOP('',(#3589,#3590,#3591,#3592));
#574=EDGE_LOOP('',(#3593,#3594,#3595,#3596));
#575=EDGE_LOOP('',(#3597,#3598,#3599,#3600));
#576=EDGE_LOOP('',(#3601,#3602,#3603,#3604));
#577=EDGE_LOOP('',(#3605,#3606,#3607,#3608));
#578=EDGE_LOOP('',(#3609,#3610,#3611,#3612));
#579=EDGE_LOOP('',(#3613,#3614,#3615,#3616));
#580=EDGE_LOOP('',(#3617,#3618,#3619,#3620));
#581=EDGE_LOOP('',(#3621,#3622,#3623,#3624));
#582=EDGE_LOOP('',(#3625,#3626,#3627,#3628));
#583=EDGE_LOOP('',(#3629,#3630,#3631,#3632));
#584=EDGE_LOOP('',(#3633,#3634,#3635,#3636));
#585=EDGE_LOOP('',(#3637,#3638,#3639,#3640));
#586=EDGE_LOOP('',(#3641,#3642,#3643,#3644));
#587=EDGE_LOOP('',(#3645,#3646,#3647,#3648));
#588=EDGE_LOOP('',(#3649,#3650,#3651,#3652));
#589=EDGE_LOOP('',(#3653,#3654,#3655,#3656));
#590=EDGE_LOOP('',(#3657,#3658,#3659,#3660));
#591=EDGE_LOOP('',(#3661,#3662,#3663,#3664,#3665,#3666,#3667,#3668,#3669,
#3670,#3671,#3672,#3673,#3674,#3675,#3676,#3677,#3678,#3679,#3680,#3681,
#3682,#3683,#3684));
#592=EDGE_LOOP('',(#3685,#3686,#3687,#3688,#3689,#3690,#3691,#3692,#3693,
#3694,#3695,#3696,#3697,#3698,#3699,#3700,#3701,#3702,#3703,#3704,#3705,
#3706,#3707,#3708));
#593=LINE('',#5574,#1117);
#594=LINE('',#5576,#1118);
#595=LINE('',#5578,#1119);
#596=LINE('',#5579,#1120);
#597=LINE('',#5582,#1121);
#598=LINE('',#5584,#1122);
#599=LINE('',#5585,#1123);
#600=LINE('',#5588,#1124);
#601=LINE('',#5590,#1125);
#602=LINE('',#5591,#1126);
#603=LINE('',#5594,#1127);
#604=LINE('',#5596,#1128);
#605=LINE('',#5597,#1129);
#606=LINE('',#5600,#1130);
#607=LINE('',#5602,#1131);
#608=LINE('',#5603,#1132);
#609=LINE('',#5606,#1133);
#610=LINE('',#5608,#1134);
#611=LINE('',#5609,#1135);
#612=LINE('',#5612,#1136);
#613=LINE('',#5614,#1137);
#614=LINE('',#5615,#1138);
#615=LINE('',#5618,#1139);
#616=LINE('',#5620,#1140);
#617=LINE('',#5621,#1141);
#618=LINE('',#5624,#1142);
#619=LINE('',#5626,#1143);
#620=LINE('',#5627,#1144);
#621=LINE('',#5630,#1145);
#622=LINE('',#5632,#1146);
#623=LINE('',#5633,#1147);
#624=LINE('',#5636,#1148);
#625=LINE('',#5638,#1149);
#626=LINE('',#5639,#1150);
#627=LINE('',#5642,#1151);
#628=LINE('',#5644,#1152);
#629=LINE('',#5645,#1153);
#630=LINE('',#5648,#1154);
#631=LINE('',#5650,#1155);
#632=LINE('',#5651,#1156);
#633=LINE('',#5654,#1157);
#634=LINE('',#5656,#1158);
#635=LINE('',#5657,#1159);
#636=LINE('',#5660,#1160);
#637=LINE('',#5662,#1161);
#638=LINE('',#5663,#1162);
#639=LINE('',#5665,#1163);
#640=LINE('',#5666,#1164);
#641=LINE('',#5673,#1165);
#642=LINE('',#5675,#1166);
#643=LINE('',#5677,#1167);
#644=LINE('',#5678,#1168);
#645=LINE('',#5681,#1169);
#646=LINE('',#5683,#1170);
#647=LINE('',#5684,#1171);
#648=LINE('',#5687,#1172);
#649=LINE('',#5689,#1173);
#650=LINE('',#5690,#1174);
#651=LINE('',#5693,#1175);
#652=LINE('',#5695,#1176);
#653=LINE('',#5696,#1177);
#654=LINE('',#5699,#1178);
#655=LINE('',#5701,#1179);
#656=LINE('',#5702,#1180);
#657=LINE('',#5705,#1181);
#658=LINE('',#5707,#1182);
#659=LINE('',#5708,#1183);
#660=LINE('',#5711,#1184);
#661=LINE('',#5713,#1185);
#662=LINE('',#5714,#1186);
#663=LINE('',#5717,#1187);
#664=LINE('',#5719,#1188);
#665=LINE('',#5720,#1189);
#666=LINE('',#5723,#1190);
#667=LINE('',#5725,#1191);
#668=LINE('',#5726,#1192);
#669=LINE('',#5729,#1193);
#670=LINE('',#5731,#1194);
#671=LINE('',#5732,#1195);
#672=LINE('',#5735,#1196);
#673=LINE('',#5737,#1197);
#674=LINE('',#5738,#1198);
#675=LINE('',#5740,#1199);
#676=LINE('',#5741,#1200);
#677=LINE('',#5748,#1201);
#678=LINE('',#5750,#1202);
#679=LINE('',#5752,#1203);
#680=LINE('',#5753,#1204);
#681=LINE('',#5759,#1205);
#682=LINE('',#5762,#1206);
#683=LINE('',#5764,#1207);
#684=LINE('',#5765,#1208);
#685=LINE('',#5768,#1209);
#686=LINE('',#5770,#1210);
#687=LINE('',#5771,#1211);
#688=LINE('',#5774,#1212);
#689=LINE('',#5776,#1213);
#690=LINE('',#5777,#1214);
#691=LINE('',#5780,#1215);
#692=LINE('',#5782,#1216);
#693=LINE('',#5783,#1217);
#694=LINE('',#5786,#1218);
#695=LINE('',#5788,#1219);
#696=LINE('',#5789,#1220);
#697=LINE('',#5792,#1221);
#698=LINE('',#5794,#1222);
#699=LINE('',#5795,#1223);
#700=LINE('',#5798,#1224);
#701=LINE('',#5800,#1225);
#702=LINE('',#5801,#1226);
#703=LINE('',#5804,#1227);
#704=LINE('',#5806,#1228);
#705=LINE('',#5807,#1229);
#706=LINE('',#5810,#1230);
#707=LINE('',#5812,#1231);
#708=LINE('',#5813,#1232);
#709=LINE('',#5816,#1233);
#710=LINE('',#5818,#1234);
#711=LINE('',#5819,#1235);
#712=LINE('',#5822,#1236);
#713=LINE('',#5824,#1237);
#714=LINE('',#5825,#1238);
#715=LINE('',#5828,#1239);
#716=LINE('',#5830,#1240);
#717=LINE('',#5831,#1241);
#718=LINE('',#5834,#1242);
#719=LINE('',#5836,#1243);
#720=LINE('',#5837,#1244);
#721=LINE('',#5840,#1245);
#722=LINE('',#5842,#1246);
#723=LINE('',#5843,#1247);
#724=LINE('',#5849,#1248);
#725=LINE('',#5852,#1249);
#726=LINE('',#5854,#1250);
#727=LINE('',#5855,#1251);
#728=LINE('',#5864,#1252);
#729=LINE('',#5866,#1253);
#730=LINE('',#5868,#1254);
#731=LINE('',#5869,#1255);
#732=LINE('',#5874,#1256);
#733=LINE('',#5878,#1257);
#734=LINE('',#5880,#1258);
#735=LINE('',#5881,#1259);
#736=LINE('',#5884,#1260);
#737=LINE('',#5886,#1261);
#738=LINE('',#5887,#1262);
#739=LINE('',#5890,#1263);
#740=LINE('',#5892,#1264);
#741=LINE('',#5893,#1265);
#742=LINE('',#5896,#1266);
#743=LINE('',#5898,#1267);
#744=LINE('',#5899,#1268);
#745=LINE('',#5902,#1269);
#746=LINE('',#5904,#1270);
#747=LINE('',#5905,#1271);
#748=LINE('',#5908,#1272);
#749=LINE('',#5910,#1273);
#750=LINE('',#5911,#1274);
#751=LINE('',#5914,#1275);
#752=LINE('',#5916,#1276);
#753=LINE('',#5917,#1277);
#754=LINE('',#5920,#1278);
#755=LINE('',#5922,#1279);
#756=LINE('',#5923,#1280);
#757=LINE('',#5926,#1281);
#758=LINE('',#5928,#1282);
#759=LINE('',#5929,#1283);
#760=LINE('',#5932,#1284);
#761=LINE('',#5934,#1285);
#762=LINE('',#5935,#1286);
#763=LINE('',#5938,#1287);
#764=LINE('',#5940,#1288);
#765=LINE('',#5941,#1289);
#766=LINE('',#5944,#1290);
#767=LINE('',#5946,#1291);
#768=LINE('',#5947,#1292);
#769=LINE('',#5950,#1293);
#770=LINE('',#5952,#1294);
#771=LINE('',#5953,#1295);
#772=LINE('',#5956,#1296);
#773=LINE('',#5958,#1297);
#774=LINE('',#5959,#1298);
#775=LINE('',#5964,#1299);
#776=LINE('',#5968,#1300);
#777=LINE('',#5970,#1301);
#778=LINE('',#5971,#1302);
#779=LINE('',#5982,#1303);
#780=LINE('',#5987,#1304);
#781=LINE('',#5989,#1305);
#782=LINE('',#5991,#1306);
#783=LINE('',#5992,#1307);
#784=LINE('',#5995,#1308);
#785=LINE('',#5997,#1309);
#786=LINE('',#5998,#1310);
#787=LINE('',#6001,#1311);
#788=LINE('',#6003,#1312);
#789=LINE('',#6004,#1313);
#790=LINE('',#6007,#1314);
#791=LINE('',#6009,#1315);
#792=LINE('',#6010,#1316);
#793=LINE('',#6013,#1317);
#794=LINE('',#6015,#1318);
#795=LINE('',#6016,#1319);
#796=LINE('',#6019,#1320);
#797=LINE('',#6021,#1321);
#798=LINE('',#6022,#1322);
#799=LINE('',#6025,#1323);
#800=LINE('',#6027,#1324);
#801=LINE('',#6028,#1325);
#802=LINE('',#6031,#1326);
#803=LINE('',#6033,#1327);
#804=LINE('',#6034,#1328);
#805=LINE('',#6037,#1329);
#806=LINE('',#6039,#1330);
#807=LINE('',#6040,#1331);
#808=LINE('',#6043,#1332);
#809=LINE('',#6045,#1333);
#810=LINE('',#6046,#1334);
#811=LINE('',#6049,#1335);
#812=LINE('',#6051,#1336);
#813=LINE('',#6052,#1337);
#814=LINE('',#6058,#1338);
#815=LINE('',#6061,#1339);
#816=LINE('',#6063,#1340);
#817=LINE('',#6064,#1341);
#818=LINE('',#6070,#1342);
#819=LINE('',#6073,#1343);
#820=LINE('',#6075,#1344);
#821=LINE('',#6076,#1345);
#822=LINE('',#6082,#1346);
#823=LINE('',#6085,#1347);
#824=LINE('',#6087,#1348);
#825=LINE('',#6088,#1349);
#826=LINE('',#6094,#1350);
#827=LINE('',#6097,#1351);
#828=LINE('',#6099,#1352);
#829=LINE('',#6100,#1353);
#830=LINE('',#6102,#1354);
#831=LINE('',#6103,#1355);
#832=LINE('',#6110,#1356);
#833=LINE('',#6115,#1357);
#834=LINE('',#6117,#1358);
#835=LINE('',#6119,#1359);
#836=LINE('',#6120,#1360);
#837=LINE('',#6123,#1361);
#838=LINE('',#6125,#1362);
#839=LINE('',#6126,#1363);
#840=LINE('',#6129,#1364);
#841=LINE('',#6131,#1365);
#842=LINE('',#6132,#1366);
#843=LINE('',#6135,#1367);
#844=LINE('',#6137,#1368);
#845=LINE('',#6138,#1369);
#846=LINE('',#6141,#1370);
#847=LINE('',#6143,#1371);
#848=LINE('',#6144,#1372);
#849=LINE('',#6147,#1373);
#850=LINE('',#6149,#1374);
#851=LINE('',#6150,#1375);
#852=LINE('',#6153,#1376);
#853=LINE('',#6155,#1377);
#854=LINE('',#6156,#1378);
#855=LINE('',#6159,#1379);
#856=LINE('',#6161,#1380);
#857=LINE('',#6162,#1381);
#858=LINE('',#6165,#1382);
#859=LINE('',#6167,#1383);
#860=LINE('',#6168,#1384);
#861=LINE('',#6171,#1385);
#862=LINE('',#6173,#1386);
#863=LINE('',#6174,#1387);
#864=LINE('',#6177,#1388);
#865=LINE('',#6179,#1389);
#866=LINE('',#6180,#1390);
#867=LINE('',#6185,#1391);
#868=LINE('',#6189,#1392);
#869=LINE('',#6191,#1393);
#870=LINE('',#6192,#1394);
#871=LINE('',#6197,#1395);
#872=LINE('',#6201,#1396);
#873=LINE('',#6203,#1397);
#874=LINE('',#6204,#1398);
#875=LINE('',#6209,#1399);
#876=LINE('',#6213,#1400);
#877=LINE('',#6215,#1401);
#878=LINE('',#6216,#1402);
#879=LINE('',#6221,#1403);
#880=LINE('',#6225,#1404);
#881=LINE('',#6227,#1405);
#882=LINE('',#6228,#1406);
#883=LINE('',#6230,#1407);
#884=LINE('',#6231,#1408);
#885=LINE('',#6238,#1409);
#886=LINE('',#6240,#1410);
#887=LINE('',#6242,#1411);
#888=LINE('',#6243,#1412);
#889=LINE('',#6246,#1413);
#890=LINE('',#6248,#1414);
#891=LINE('',#6249,#1415);
#892=LINE('',#6252,#1416);
#893=LINE('',#6254,#1417);
#894=LINE('',#6255,#1418);
#895=LINE('',#6258,#1419);
#896=LINE('',#6260,#1420);
#897=LINE('',#6261,#1421);
#898=LINE('',#6264,#1422);
#899=LINE('',#6266,#1423);
#900=LINE('',#6267,#1424);
#901=LINE('',#6270,#1425);
#902=LINE('',#6272,#1426);
#903=LINE('',#6273,#1427);
#904=LINE('',#6276,#1428);
#905=LINE('',#6278,#1429);
#906=LINE('',#6279,#1430);
#907=LINE('',#6282,#1431);
#908=LINE('',#6284,#1432);
#909=LINE('',#6285,#1433);
#910=LINE('',#6288,#1434);
#911=LINE('',#6290,#1435);
#912=LINE('',#6291,#1436);
#913=LINE('',#6294,#1437);
#914=LINE('',#6296,#1438);
#915=LINE('',#6297,#1439);
#916=LINE('',#6300,#1440);
#917=LINE('',#6302,#1441);
#918=LINE('',#6303,#1442);
#919=LINE('',#6306,#1443);
#920=LINE('',#6308,#1444);
#921=LINE('',#6309,#1445);
#922=LINE('',#6312,#1446);
#923=LINE('',#6314,#1447);
#924=LINE('',#6315,#1448);
#925=LINE('',#6318,#1449);
#926=LINE('',#6320,#1450);
#927=LINE('',#6321,#1451);
#928=LINE('',#6324,#1452);
#929=LINE('',#6326,#1453);
#930=LINE('',#6327,#1454);
#931=LINE('',#6330,#1455);
#932=LINE('',#6332,#1456);
#933=LINE('',#6333,#1457);
#934=LINE('',#6336,#1458);
#935=LINE('',#6338,#1459);
#936=LINE('',#6339,#1460);
#937=LINE('',#6342,#1461);
#938=LINE('',#6344,#1462);
#939=LINE('',#6345,#1463);
#940=LINE('',#6348,#1464);
#941=LINE('',#6350,#1465);
#942=LINE('',#6351,#1466);
#943=LINE('',#6353,#1467);
#944=LINE('',#6354,#1468);
#945=LINE('',#6362,#1469);
#946=LINE('',#6367,#1470);
#947=LINE('',#6369,#1471);
#948=LINE('',#6371,#1472);
#949=LINE('',#6372,#1473);
#950=LINE('',#6375,#1474);
#951=LINE('',#6377,#1475);
#952=LINE('',#6378,#1476);
#953=LINE('',#6381,#1477);
#954=LINE('',#6383,#1478);
#955=LINE('',#6384,#1479);
#956=LINE('',#6387,#1480);
#957=LINE('',#6389,#1481);
#958=LINE('',#6390,#1482);
#959=LINE('',#6393,#1483);
#960=LINE('',#6395,#1484);
#961=LINE('',#6396,#1485);
#962=LINE('',#6402,#1486);
#963=LINE('',#6404,#1487);
#964=LINE('',#6405,#1488);
#965=LINE('',#6412,#1489);
#966=LINE('',#6417,#1490);
#967=LINE('',#6419,#1491);
#968=LINE('',#6421,#1492);
#969=LINE('',#6422,#1493);
#970=LINE('',#6425,#1494);
#971=LINE('',#6427,#1495);
#972=LINE('',#6428,#1496);
#973=LINE('',#6431,#1497);
#974=LINE('',#6433,#1498);
#975=LINE('',#6434,#1499);
#976=LINE('',#6437,#1500);
#977=LINE('',#6439,#1501);
#978=LINE('',#6440,#1502);
#979=LINE('',#6443,#1503);
#980=LINE('',#6445,#1504);
#981=LINE('',#6446,#1505);
#982=LINE('',#6451,#1506);
#983=LINE('',#6454,#1507);
#984=LINE('',#6455,#1508);
#985=LINE('',#6462,#1509);
#986=LINE('',#6464,#1510);
#987=LINE('',#6466,#1511);
#988=LINE('',#6467,#1512);
#989=LINE('',#6471,#1513);
#990=LINE('',#6473,#1514);
#991=LINE('',#6475,#1515);
#992=LINE('',#6476,#1516);
#993=LINE('',#6479,#1517);
#994=LINE('',#6481,#1518);
#995=LINE('',#6482,#1519);
#996=LINE('',#6485,#1520);
#997=LINE('',#6487,#1521);
#998=LINE('',#6488,#1522);
#999=LINE('',#6490,#1523);
#1000=LINE('',#6491,#1524);
#1001=LINE('',#6494,#1525);
#1002=LINE('',#6496,#1526);
#1003=LINE('',#6497,#1527);
#1004=LINE('',#6500,#1528);
#1005=LINE('',#6502,#1529);
#1006=LINE('',#6503,#1530);
#1007=LINE('',#6506,#1531);
#1008=LINE('',#6508,#1532);
#1009=LINE('',#6509,#1533);
#1010=LINE('',#6512,#1534);
#1011=LINE('',#6514,#1535);
#1012=LINE('',#6515,#1536);
#1013=LINE('',#6517,#1537);
#1014=LINE('',#6518,#1538);
#1015=LINE('',#6525,#1539);
#1016=LINE('',#6527,#1540);
#1017=LINE('',#6529,#1541);
#1018=LINE('',#6530,#1542);
#1019=LINE('',#6533,#1543);
#1020=LINE('',#6535,#1544);
#1021=LINE('',#6536,#1545);
#1022=LINE('',#6539,#1546);
#1023=LINE('',#6541,#1547);
#1024=LINE('',#6542,#1548);
#1025=LINE('',#6545,#1549);
#1026=LINE('',#6547,#1550);
#1027=LINE('',#6548,#1551);
#1028=LINE('',#6551,#1552);
#1029=LINE('',#6553,#1553);
#1030=LINE('',#6554,#1554);
#1031=LINE('',#6558,#1555);
#1032=LINE('',#6560,#1556);
#1033=LINE('',#6562,#1557);
#1034=LINE('',#6563,#1558);
#1035=LINE('',#6566,#1559);
#1036=LINE('',#6568,#1560);
#1037=LINE('',#6569,#1561);
#1038=LINE('',#6572,#1562);
#1039=LINE('',#6574,#1563);
#1040=LINE('',#6575,#1564);
#1041=LINE('',#6577,#1565);
#1042=LINE('',#6578,#1566);
#1043=LINE('',#6580,#1567);
#1044=LINE('',#6581,#1568);
#1045=LINE('',#6588,#1569);
#1046=LINE('',#6590,#1570);
#1047=LINE('',#6592,#1571);
#1048=LINE('',#6593,#1572);
#1049=LINE('',#6597,#1573);
#1050=LINE('',#6599,#1574);
#1051=LINE('',#6601,#1575);
#1052=LINE('',#6602,#1576);
#1053=LINE('',#6605,#1577);
#1054=LINE('',#6607,#1578);
#1055=LINE('',#6608,#1579);
#1056=LINE('',#6611,#1580);
#1057=LINE('',#6613,#1581);
#1058=LINE('',#6614,#1582);
#1059=LINE('',#6617,#1583);
#1060=LINE('',#6619,#1584);
#1061=LINE('',#6620,#1585);
#1062=LINE('',#6623,#1586);
#1063=LINE('',#6625,#1587);
#1064=LINE('',#6626,#1588);
#1065=LINE('',#6629,#1589);
#1066=LINE('',#6631,#1590);
#1067=LINE('',#6632,#1591);
#1068=LINE('',#6635,#1592);
#1069=LINE('',#6637,#1593);
#1070=LINE('',#6638,#1594);
#1071=LINE('',#6641,#1595);
#1072=LINE('',#6643,#1596);
#1073=LINE('',#6644,#1597);
#1074=LINE('',#6647,#1598);
#1075=LINE('',#6649,#1599);
#1076=LINE('',#6650,#1600);
#1077=LINE('',#6652,#1601);
#1078=LINE('',#6653,#1602);
#1079=LINE('',#6657,#1603);
#1080=LINE('',#6659,#1604);
#1081=LINE('',#6661,#1605);
#1082=LINE('',#6662,#1606);
#1083=LINE('',#6664,#1607);
#1084=LINE('',#6665,#1608);
#1085=LINE('',#6668,#1609);
#1086=LINE('',#6670,#1610);
#1087=LINE('',#6671,#1611);
#1088=LINE('',#6674,#1612);
#1089=LINE('',#6676,#1613);
#1090=LINE('',#6677,#1614);
#1091=LINE('',#6680,#1615);
#1092=LINE('',#6682,#1616);
#1093=LINE('',#6683,#1617);
#1094=LINE('',#6686,#1618);
#1095=LINE('',#6688,#1619);
#1096=LINE('',#6689,#1620);
#1097=LINE('',#6692,#1621);
#1098=LINE('',#6694,#1622);
#1099=LINE('',#6695,#1623);
#1100=LINE('',#6698,#1624);
#1101=LINE('',#6700,#1625);
#1102=LINE('',#6701,#1626);
#1103=LINE('',#6704,#1627);
#1104=LINE('',#6706,#1628);
#1105=LINE('',#6707,#1629);
#1106=LINE('',#6710,#1630);
#1107=LINE('',#6712,#1631);
#1108=LINE('',#6713,#1632);
#1109=LINE('',#6716,#1633);
#1110=LINE('',#6718,#1634);
#1111=LINE('',#6719,#1635);
#1112=LINE('',#6722,#1636);
#1113=LINE('',#6724,#1637);
#1114=LINE('',#6725,#1638);
#1115=LINE('',#6727,#1639);
#1116=LINE('',#6728,#1640);
#1117=VECTOR('',#4506,10.);
#1118=VECTOR('',#4507,10.);
#1119=VECTOR('',#4508,10.);
#1120=VECTOR('',#4509,10.);
#1121=VECTOR('',#4512,10.);
#1122=VECTOR('',#4513,10.);
#1123=VECTOR('',#4514,10.);
#1124=VECTOR('',#4517,10.);
#1125=VECTOR('',#4518,10.);
#1126=VECTOR('',#4519,10.);
#1127=VECTOR('',#4522,10.);
#1128=VECTOR('',#4523,10.);
#1129=VECTOR('',#4524,10.);
#1130=VECTOR('',#4527,10.);
#1131=VECTOR('',#4528,10.);
#1132=VECTOR('',#4529,10.);
#1133=VECTOR('',#4532,10.);
#1134=VECTOR('',#4533,10.);
#1135=VECTOR('',#4534,10.);
#1136=VECTOR('',#4537,10.);
#1137=VECTOR('',#4538,10.);
#1138=VECTOR('',#4539,10.);
#1139=VECTOR('',#4542,10.);
#1140=VECTOR('',#4543,10.);
#1141=VECTOR('',#4544,10.);
#1142=VECTOR('',#4547,10.);
#1143=VECTOR('',#4548,10.);
#1144=VECTOR('',#4549,10.);
#1145=VECTOR('',#4552,10.);
#1146=VECTOR('',#4553,10.);
#1147=VECTOR('',#4554,10.);
#1148=VECTOR('',#4557,10.);
#1149=VECTOR('',#4558,10.);
#1150=VECTOR('',#4559,10.);
#1151=VECTOR('',#4562,10.);
#1152=VECTOR('',#4563,10.);
#1153=VECTOR('',#4564,10.);
#1154=VECTOR('',#4567,10.);
#1155=VECTOR('',#4568,10.);
#1156=VECTOR('',#4569,10.);
#1157=VECTOR('',#4572,10.);
#1158=VECTOR('',#4573,10.);
#1159=VECTOR('',#4574,10.);
#1160=VECTOR('',#4577,10.);
#1161=VECTOR('',#4578,10.);
#1162=VECTOR('',#4579,10.);
#1163=VECTOR('',#4582,10.);
#1164=VECTOR('',#4583,10.);
#1165=VECTOR('',#4592,10.);
#1166=VECTOR('',#4593,10.);
#1167=VECTOR('',#4594,10.);
#1168=VECTOR('',#4595,10.);
#1169=VECTOR('',#4598,10.);
#1170=VECTOR('',#4599,10.);
#1171=VECTOR('',#4600,10.);
#1172=VECTOR('',#4603,10.);
#1173=VECTOR('',#4604,10.);
#1174=VECTOR('',#4605,10.);
#1175=VECTOR('',#4608,10.);
#1176=VECTOR('',#4609,10.);
#1177=VECTOR('',#4610,10.);
#1178=VECTOR('',#4613,10.);
#1179=VECTOR('',#4614,10.);
#1180=VECTOR('',#4615,10.);
#1181=VECTOR('',#4618,10.);
#1182=VECTOR('',#4619,10.);
#1183=VECTOR('',#4620,10.);
#1184=VECTOR('',#4623,10.);
#1185=VECTOR('',#4624,10.);
#1186=VECTOR('',#4625,10.);
#1187=VECTOR('',#4628,10.);
#1188=VECTOR('',#4629,10.);
#1189=VECTOR('',#4630,10.);
#1190=VECTOR('',#4633,10.);
#1191=VECTOR('',#4634,10.);
#1192=VECTOR('',#4635,10.);
#1193=VECTOR('',#4638,10.);
#1194=VECTOR('',#4639,10.);
#1195=VECTOR('',#4640,10.);
#1196=VECTOR('',#4643,10.);
#1197=VECTOR('',#4644,10.);
#1198=VECTOR('',#4645,10.);
#1199=VECTOR('',#4648,10.);
#1200=VECTOR('',#4649,10.);
#1201=VECTOR('',#4658,10.);
#1202=VECTOR('',#4659,10.);
#1203=VECTOR('',#4660,10.);
#1204=VECTOR('',#4661,10.);
#1205=VECTOR('',#4668,10.);
#1206=VECTOR('',#4671,10.);
#1207=VECTOR('',#4672,10.);
#1208=VECTOR('',#4673,10.);
#1209=VECTOR('',#4676,10.);
#1210=VECTOR('',#4677,10.);
#1211=VECTOR('',#4678,10.);
#1212=VECTOR('',#4681,10.);
#1213=VECTOR('',#4682,10.);
#1214=VECTOR('',#4683,10.);
#1215=VECTOR('',#4686,10.);
#1216=VECTOR('',#4687,10.);
#1217=VECTOR('',#4688,10.);
#1218=VECTOR('',#4691,10.);
#1219=VECTOR('',#4692,10.);
#1220=VECTOR('',#4693,10.);
#1221=VECTOR('',#4696,10.);
#1222=VECTOR('',#4697,10.);
#1223=VECTOR('',#4698,10.);
#1224=VECTOR('',#4701,10.);
#1225=VECTOR('',#4702,10.);
#1226=VECTOR('',#4703,10.);
#1227=VECTOR('',#4706,10.);
#1228=VECTOR('',#4707,10.);
#1229=VECTOR('',#4708,10.);
#1230=VECTOR('',#4711,10.);
#1231=VECTOR('',#4712,10.);
#1232=VECTOR('',#4713,10.);
#1233=VECTOR('',#4716,10.);
#1234=VECTOR('',#4717,10.);
#1235=VECTOR('',#4718,10.);
#1236=VECTOR('',#4721,10.);
#1237=VECTOR('',#4722,10.);
#1238=VECTOR('',#4723,10.);
#1239=VECTOR('',#4726,10.);
#1240=VECTOR('',#4727,10.);
#1241=VECTOR('',#4728,10.);
#1242=VECTOR('',#4731,10.);
#1243=VECTOR('',#4732,10.);
#1244=VECTOR('',#4733,10.);
#1245=VECTOR('',#4736,10.);
#1246=VECTOR('',#4737,10.);
#1247=VECTOR('',#4738,10.);
#1248=VECTOR('',#4745,10.);
#1249=VECTOR('',#4748,10.);
#1250=VECTOR('',#4749,10.);
#1251=VECTOR('',#4750,10.);
#1252=VECTOR('',#4763,10.);
#1253=VECTOR('',#4764,10.);
#1254=VECTOR('',#4765,10.);
#1255=VECTOR('',#4766,10.);
#1256=VECTOR('',#4771,10.);
#1257=VECTOR('',#4776,10.);
#1258=VECTOR('',#4777,10.);
#1259=VECTOR('',#4778,10.);
#1260=VECTOR('',#4781,10.);
#1261=VECTOR('',#4782,10.);
#1262=VECTOR('',#4783,10.);
#1263=VECTOR('',#4786,10.);
#1264=VECTOR('',#4787,10.);
#1265=VECTOR('',#4788,10.);
#1266=VECTOR('',#4791,10.);
#1267=VECTOR('',#4792,10.);
#1268=VECTOR('',#4793,10.);
#1269=VECTOR('',#4796,10.);
#1270=VECTOR('',#4797,10.);
#1271=VECTOR('',#4798,10.);
#1272=VECTOR('',#4801,10.);
#1273=VECTOR('',#4802,10.);
#1274=VECTOR('',#4803,10.);
#1275=VECTOR('',#4806,10.);
#1276=VECTOR('',#4807,10.);
#1277=VECTOR('',#4808,10.);
#1278=VECTOR('',#4811,10.);
#1279=VECTOR('',#4812,10.);
#1280=VECTOR('',#4813,10.);
#1281=VECTOR('',#4816,10.);
#1282=VECTOR('',#4817,10.);
#1283=VECTOR('',#4818,10.);
#1284=VECTOR('',#4821,10.);
#1285=VECTOR('',#4822,10.);
#1286=VECTOR('',#4823,10.);
#1287=VECTOR('',#4826,10.);
#1288=VECTOR('',#4827,10.);
#1289=VECTOR('',#4828,10.);
#1290=VECTOR('',#4831,10.);
#1291=VECTOR('',#4832,10.);
#1292=VECTOR('',#4833,10.);
#1293=VECTOR('',#4836,10.);
#1294=VECTOR('',#4837,10.);
#1295=VECTOR('',#4838,10.);
#1296=VECTOR('',#4841,10.);
#1297=VECTOR('',#4842,10.);
#1298=VECTOR('',#4843,10.);
#1299=VECTOR('',#4848,10.);
#1300=VECTOR('',#4853,10.);
#1301=VECTOR('',#4854,10.);
#1302=VECTOR('',#4855,10.);
#1303=VECTOR('',#4872,2.05);
#1304=VECTOR('',#4877,10.);
#1305=VECTOR('',#4878,10.);
#1306=VECTOR('',#4879,10.);
#1307=VECTOR('',#4880,10.);
#1308=VECTOR('',#4883,10.);
#1309=VECTOR('',#4884,10.);
#1310=VECTOR('',#4885,10.);
#1311=VECTOR('',#4888,10.);
#1312=VECTOR('',#4889,10.);
#1313=VECTOR('',#4890,10.);
#1314=VECTOR('',#4893,10.);
#1315=VECTOR('',#4894,10.);
#1316=VECTOR('',#4895,10.);
#1317=VECTOR('',#4898,10.);
#1318=VECTOR('',#4899,10.);
#1319=VECTOR('',#4900,10.);
#1320=VECTOR('',#4903,10.);
#1321=VECTOR('',#4904,10.);
#1322=VECTOR('',#4905,10.);
#1323=VECTOR('',#4908,10.);
#1324=VECTOR('',#4909,10.);
#1325=VECTOR('',#4910,10.);
#1326=VECTOR('',#4913,10.);
#1327=VECTOR('',#4914,10.);
#1328=VECTOR('',#4915,10.);
#1329=VECTOR('',#4918,10.);
#1330=VECTOR('',#4919,10.);
#1331=VECTOR('',#4920,10.);
#1332=VECTOR('',#4923,10.);
#1333=VECTOR('',#4924,10.);
#1334=VECTOR('',#4925,10.);
#1335=VECTOR('',#4928,10.);
#1336=VECTOR('',#4929,10.);
#1337=VECTOR('',#4930,10.);
#1338=VECTOR('',#4937,10.);
#1339=VECTOR('',#4940,10.);
#1340=VECTOR('',#4941,10.);
#1341=VECTOR('',#4942,10.);
#1342=VECTOR('',#4949,10.);
#1343=VECTOR('',#4952,10.);
#1344=VECTOR('',#4953,10.);
#1345=VECTOR('',#4954,10.);
#1346=VECTOR('',#4961,10.);
#1347=VECTOR('',#4964,10.);
#1348=VECTOR('',#4965,10.);
#1349=VECTOR('',#4966,10.);
#1350=VECTOR('',#4973,10.);
#1351=VECTOR('',#4976,10.);
#1352=VECTOR('',#4977,10.);
#1353=VECTOR('',#4978,10.);
#1354=VECTOR('',#4981,10.);
#1355=VECTOR('',#4982,10.);
#1356=VECTOR('',#4991,2.05);
#1357=VECTOR('',#4996,10.);
#1358=VECTOR('',#4997,10.);
#1359=VECTOR('',#4998,10.);
#1360=VECTOR('',#4999,10.);
#1361=VECTOR('',#5002,10.);
#1362=VECTOR('',#5003,10.);
#1363=VECTOR('',#5004,10.);
#1364=VECTOR('',#5007,10.);
#1365=VECTOR('',#5008,10.);
#1366=VECTOR('',#5009,10.);
#1367=VECTOR('',#5012,10.);
#1368=VECTOR('',#5013,10.);
#1369=VECTOR('',#5014,10.);
#1370=VECTOR('',#5017,10.);
#1371=VECTOR('',#5018,10.);
#1372=VECTOR('',#5019,10.);
#1373=VECTOR('',#5022,10.);
#1374=VECTOR('',#5023,10.);
#1375=VECTOR('',#5024,10.);
#1376=VECTOR('',#5027,10.);
#1377=VECTOR('',#5028,10.);
#1378=VECTOR('',#5029,10.);
#1379=VECTOR('',#5032,10.);
#1380=VECTOR('',#5033,10.);
#1381=VECTOR('',#5034,10.);
#1382=VECTOR('',#5037,10.);
#1383=VECTOR('',#5038,10.);
#1384=VECTOR('',#5039,10.);
#1385=VECTOR('',#5042,10.);
#1386=VECTOR('',#5043,10.);
#1387=VECTOR('',#5044,10.);
#1388=VECTOR('',#5047,10.);
#1389=VECTOR('',#5048,10.);
#1390=VECTOR('',#5049,10.);
#1391=VECTOR('',#5054,10.);
#1392=VECTOR('',#5059,10.);
#1393=VECTOR('',#5060,10.);
#1394=VECTOR('',#5061,10.);
#1395=VECTOR('',#5066,10.);
#1396=VECTOR('',#5071,10.);
#1397=VECTOR('',#5072,10.);
#1398=VECTOR('',#5073,10.);
#1399=VECTOR('',#5078,10.);
#1400=VECTOR('',#5083,10.);
#1401=VECTOR('',#5084,10.);
#1402=VECTOR('',#5085,10.);
#1403=VECTOR('',#5090,10.);
#1404=VECTOR('',#5095,10.);
#1405=VECTOR('',#5096,10.);
#1406=VECTOR('',#5097,10.);
#1407=VECTOR('',#5100,10.);
#1408=VECTOR('',#5101,10.);
#1409=VECTOR('',#5110,10.);
#1410=VECTOR('',#5111,10.);
#1411=VECTOR('',#5112,10.);
#1412=VECTOR('',#5113,10.);
#1413=VECTOR('',#5116,10.);
#1414=VECTOR('',#5117,10.);
#1415=VECTOR('',#5118,10.);
#1416=VECTOR('',#5121,10.);
#1417=VECTOR('',#5122,10.);
#1418=VECTOR('',#5123,10.);
#1419=VECTOR('',#5126,10.);
#1420=VECTOR('',#5127,10.);
#1421=VECTOR('',#5128,10.);
#1422=VECTOR('',#5131,10.);
#1423=VECTOR('',#5132,10.);
#1424=VECTOR('',#5133,10.);
#1425=VECTOR('',#5136,10.);
#1426=VECTOR('',#5137,10.);
#1427=VECTOR('',#5138,10.);
#1428=VECTOR('',#5141,10.);
#1429=VECTOR('',#5142,10.);
#1430=VECTOR('',#5143,10.);
#1431=VECTOR('',#5146,10.);
#1432=VECTOR('',#5147,10.);
#1433=VECTOR('',#5148,10.);
#1434=VECTOR('',#5151,10.);
#1435=VECTOR('',#5152,10.);
#1436=VECTOR('',#5153,10.);
#1437=VECTOR('',#5156,10.);
#1438=VECTOR('',#5157,10.);
#1439=VECTOR('',#5158,10.);
#1440=VECTOR('',#5161,10.);
#1441=VECTOR('',#5162,10.);
#1442=VECTOR('',#5163,10.);
#1443=VECTOR('',#5166,10.);
#1444=VECTOR('',#5167,10.);
#1445=VECTOR('',#5168,10.);
#1446=VECTOR('',#5171,10.);
#1447=VECTOR('',#5172,10.);
#1448=VECTOR('',#5173,10.);
#1449=VECTOR('',#5176,10.);
#1450=VECTOR('',#5177,10.);
#1451=VECTOR('',#5178,10.);
#1452=VECTOR('',#5181,10.);
#1453=VECTOR('',#5182,10.);
#1454=VECTOR('',#5183,10.);
#1455=VECTOR('',#5186,10.);
#1456=VECTOR('',#5187,10.);
#1457=VECTOR('',#5188,10.);
#1458=VECTOR('',#5191,10.);
#1459=VECTOR('',#5192,10.);
#1460=VECTOR('',#5193,10.);
#1461=VECTOR('',#5196,10.);
#1462=VECTOR('',#5197,10.);
#1463=VECTOR('',#5198,10.);
#1464=VECTOR('',#5201,10.);
#1465=VECTOR('',#5202,10.);
#1466=VECTOR('',#5203,10.);
#1467=VECTOR('',#5206,10.);
#1468=VECTOR('',#5207,10.);
#1469=VECTOR('',#5218,2.05);
#1470=VECTOR('',#5223,10.);
#1471=VECTOR('',#5224,10.);
#1472=VECTOR('',#5225,10.);
#1473=VECTOR('',#5226,10.);
#1474=VECTOR('',#5229,10.);
#1475=VECTOR('',#5230,10.);
#1476=VECTOR('',#5231,10.);
#1477=VECTOR('',#5234,10.);
#1478=VECTOR('',#5235,10.);
#1479=VECTOR('',#5236,10.);
#1480=VECTOR('',#5239,10.);
#1481=VECTOR('',#5240,10.);
#1482=VECTOR('',#5241,10.);
#1483=VECTOR('',#5244,10.);
#1484=VECTOR('',#5245,10.);
#1485=VECTOR('',#5246,10.);
#1486=VECTOR('',#5253,10.);
#1487=VECTOR('',#5256,10.);
#1488=VECTOR('',#5257,10.);
#1489=VECTOR('',#5266,2.05);
#1490=VECTOR('',#5271,10.);
#1491=VECTOR('',#5272,10.);
#1492=VECTOR('',#5273,10.);
#1493=VECTOR('',#5274,10.);
#1494=VECTOR('',#5277,10.);
#1495=VECTOR('',#5278,10.);
#1496=VECTOR('',#5279,10.);
#1497=VECTOR('',#5282,10.);
#1498=VECTOR('',#5283,10.);
#1499=VECTOR('',#5284,10.);
#1500=VECTOR('',#5287,10.);
#1501=VECTOR('',#5288,10.);
#1502=VECTOR('',#5289,10.);
#1503=VECTOR('',#5292,10.);
#1504=VECTOR('',#5293,10.);
#1505=VECTOR('',#5294,10.);
#1506=VECTOR('',#5299,10.);
#1507=VECTOR('',#5304,10.);
#1508=VECTOR('',#5305,10.);
#1509=VECTOR('',#5314,10.);
#1510=VECTOR('',#5315,10.);
#1511=VECTOR('',#5316,10.);
#1512=VECTOR('',#5317,10.);
#1513=VECTOR('',#5320,10.);
#1514=VECTOR('',#5321,10.);
#1515=VECTOR('',#5322,10.);
#1516=VECTOR('',#5323,10.);
#1517=VECTOR('',#5326,10.);
#1518=VECTOR('',#5327,10.);
#1519=VECTOR('',#5328,10.);
#1520=VECTOR('',#5331,10.);
#1521=VECTOR('',#5332,10.);
#1522=VECTOR('',#5333,10.);
#1523=VECTOR('',#5336,10.);
#1524=VECTOR('',#5337,10.);
#1525=VECTOR('',#5340,10.);
#1526=VECTOR('',#5341,10.);
#1527=VECTOR('',#5342,10.);
#1528=VECTOR('',#5345,10.);
#1529=VECTOR('',#5346,10.);
#1530=VECTOR('',#5347,10.);
#1531=VECTOR('',#5350,10.);
#1532=VECTOR('',#5351,10.);
#1533=VECTOR('',#5352,10.);
#1534=VECTOR('',#5355,10.);
#1535=VECTOR('',#5356,10.);
#1536=VECTOR('',#5357,10.);
#1537=VECTOR('',#5360,10.);
#1538=VECTOR('',#5361,10.);
#1539=VECTOR('',#5370,10.);
#1540=VECTOR('',#5371,10.);
#1541=VECTOR('',#5372,10.);
#1542=VECTOR('',#5373,10.);
#1543=VECTOR('',#5376,10.);
#1544=VECTOR('',#5377,10.);
#1545=VECTOR('',#5378,10.);
#1546=VECTOR('',#5381,10.);
#1547=VECTOR('',#5382,10.);
#1548=VECTOR('',#5383,10.);
#1549=VECTOR('',#5386,10.);
#1550=VECTOR('',#5387,10.);
#1551=VECTOR('',#5388,10.);
#1552=VECTOR('',#5391,10.);
#1553=VECTOR('',#5392,10.);
#1554=VECTOR('',#5393,10.);
#1555=VECTOR('',#5396,10.);
#1556=VECTOR('',#5397,10.);
#1557=VECTOR('',#5398,10.);
#1558=VECTOR('',#5399,10.);
#1559=VECTOR('',#5402,10.);
#1560=VECTOR('',#5403,10.);
#1561=VECTOR('',#5404,10.);
#1562=VECTOR('',#5407,10.);
#1563=VECTOR('',#5408,10.);
#1564=VECTOR('',#5409,10.);
#1565=VECTOR('',#5412,10.);
#1566=VECTOR('',#5413,10.);
#1567=VECTOR('',#5416,10.);
#1568=VECTOR('',#5417,10.);
#1569=VECTOR('',#5426,10.);
#1570=VECTOR('',#5427,10.);
#1571=VECTOR('',#5428,10.);
#1572=VECTOR('',#5429,10.);
#1573=VECTOR('',#5432,10.);
#1574=VECTOR('',#5433,10.);
#1575=VECTOR('',#5434,10.);
#1576=VECTOR('',#5435,10.);
#1577=VECTOR('',#5438,10.);
#1578=VECTOR('',#5439,10.);
#1579=VECTOR('',#5440,10.);
#1580=VECTOR('',#5443,10.);
#1581=VECTOR('',#5444,10.);
#1582=VECTOR('',#5445,10.);
#1583=VECTOR('',#5448,10.);
#1584=VECTOR('',#5449,10.);
#1585=VECTOR('',#5450,10.);
#1586=VECTOR('',#5453,10.);
#1587=VECTOR('',#5454,10.);
#1588=VECTOR('',#5455,10.);
#1589=VECTOR('',#5458,10.);
#1590=VECTOR('',#5459,10.);
#1591=VECTOR('',#5460,10.);
#1592=VECTOR('',#5463,10.);
#1593=VECTOR('',#5464,10.);
#1594=VECTOR('',#5465,10.);
#1595=VECTOR('',#5468,10.);
#1596=VECTOR('',#5469,10.);
#1597=VECTOR('',#5470,10.);
#1598=VECTOR('',#5473,10.);
#1599=VECTOR('',#5474,10.);
#1600=VECTOR('',#5475,10.);
#1601=VECTOR('',#5478,10.);
#1602=VECTOR('',#5479,10.);
#1603=VECTOR('',#5482,10.);
#1604=VECTOR('',#5483,10.);
#1605=VECTOR('',#5484,10.);
#1606=VECTOR('',#5485,10.);
#1607=VECTOR('',#5488,10.);
#1608=VECTOR('',#5489,10.);
#1609=VECTOR('',#5492,10.);
#1610=VECTOR('',#5493,10.);
#1611=VECTOR('',#5494,10.);
#1612=VECTOR('',#5497,10.);
#1613=VECTOR('',#5498,10.);
#1614=VECTOR('',#5499,10.);
#1615=VECTOR('',#5502,10.);
#1616=VECTOR('',#5503,10.);
#1617=VECTOR('',#5504,10.);
#1618=VECTOR('',#5507,10.);
#1619=VECTOR('',#5508,10.);
#1620=VECTOR('',#5509,10.);
#1621=VECTOR('',#5512,10.);
#1622=VECTOR('',#5513,10.);
#1623=VECTOR('',#5514,10.);
#1624=VECTOR('',#5517,10.);
#1625=VECTOR('',#5518,10.);
#1626=VECTOR('',#5519,10.);
#1627=VECTOR('',#5522,10.);
#1628=VECTOR('',#5523,10.);
#1629=VECTOR('',#5524,10.);
#1630=VECTOR('',#5527,10.);
#1631=VECTOR('',#5528,10.);
#1632=VECTOR('',#5529,10.);
#1633=VECTOR('',#5532,10.);
#1634=VECTOR('',#5533,10.);
#1635=VECTOR('',#5534,10.);
#1636=VECTOR('',#5537,10.);
#1637=VECTOR('',#5538,10.);
#1638=VECTOR('',#5539,10.);
#1639=VECTOR('',#5542,10.);
#1640=VECTOR('',#5543,10.);
#1641=VERTEX_POINT('',#5572);
#1642=VERTEX_POINT('',#5573);
#1643=VERTEX_POINT('',#5575);
#1644=VERTEX_POINT('',#5577);
#1645=VERTEX_POINT('',#5581);
#1646=VERTEX_POINT('',#5583);
#1647=VERTEX_POINT('',#5587);
#1648=VERTEX_POINT('',#5589);
#1649=VERTEX_POINT('',#5593);
#1650=VERTEX_POINT('',#5595);
#1651=VERTEX_POINT('',#5599);
#1652=VERTEX_POINT('',#5601);
#1653=VERTEX_POINT('',#5605);
#1654=VERTEX_POINT('',#5607);
#1655=VERTEX_POINT('',#5611);
#1656=VERTEX_POINT('',#5613);
#1657=VERTEX_POINT('',#5617);
#1658=VERTEX_POINT('',#5619);
#1659=VERTEX_POINT('',#5623);
#1660=VERTEX_POINT('',#5625);
#1661=VERTEX_POINT('',#5629);
#1662=VERTEX_POINT('',#5631);
#1663=VERTEX_POINT('',#5635);
#1664=VERTEX_POINT('',#5637);
#1665=VERTEX_POINT('',#5641);
#1666=VERTEX_POINT('',#5643);
#1667=VERTEX_POINT('',#5647);
#1668=VERTEX_POINT('',#5649);
#1669=VERTEX_POINT('',#5653);
#1670=VERTEX_POINT('',#5655);
#1671=VERTEX_POINT('',#5659);
#1672=VERTEX_POINT('',#5661);
#1673=VERTEX_POINT('',#5671);
#1674=VERTEX_POINT('',#5672);
#1675=VERTEX_POINT('',#5674);
#1676=VERTEX_POINT('',#5676);
#1677=VERTEX_POINT('',#5680);
#1678=VERTEX_POINT('',#5682);
#1679=VERTEX_POINT('',#5686);
#1680=VERTEX_POINT('',#5688);
#1681=VERTEX_POINT('',#5692);
#1682=VERTEX_POINT('',#5694);
#1683=VERTEX_POINT('',#5698);
#1684=VERTEX_POINT('',#5700);
#1685=VERTEX_POINT('',#5704);
#1686=VERTEX_POINT('',#5706);
#1687=VERTEX_POINT('',#5710);
#1688=VERTEX_POINT('',#5712);
#1689=VERTEX_POINT('',#5716);
#1690=VERTEX_POINT('',#5718);
#1691=VERTEX_POINT('',#5722);
#1692=VERTEX_POINT('',#5724);
#1693=VERTEX_POINT('',#5728);
#1694=VERTEX_POINT('',#5730);
#1695=VERTEX_POINT('',#5734);
#1696=VERTEX_POINT('',#5736);
#1697=VERTEX_POINT('',#5746);
#1698=VERTEX_POINT('',#5747);
#1699=VERTEX_POINT('',#5749);
#1700=VERTEX_POINT('',#5751);
#1701=VERTEX_POINT('',#5755);
#1702=VERTEX_POINT('',#5757);
#1703=VERTEX_POINT('',#5761);
#1704=VERTEX_POINT('',#5763);
#1705=VERTEX_POINT('',#5767);
#1706=VERTEX_POINT('',#5769);
#1707=VERTEX_POINT('',#5773);
#1708=VERTEX_POINT('',#5775);
#1709=VERTEX_POINT('',#5779);
#1710=VERTEX_POINT('',#5781);
#1711=VERTEX_POINT('',#5785);
#1712=VERTEX_POINT('',#5787);
#1713=VERTEX_POINT('',#5791);
#1714=VERTEX_POINT('',#5793);
#1715=VERTEX_POINT('',#5797);
#1716=VERTEX_POINT('',#5799);
#1717=VERTEX_POINT('',#5803);
#1718=VERTEX_POINT('',#5805);
#1719=VERTEX_POINT('',#5809);
#1720=VERTEX_POINT('',#5811);
#1721=VERTEX_POINT('',#5815);
#1722=VERTEX_POINT('',#5817);
#1723=VERTEX_POINT('',#5821);
#1724=VERTEX_POINT('',#5823);
#1725=VERTEX_POINT('',#5827);
#1726=VERTEX_POINT('',#5829);
#1727=VERTEX_POINT('',#5833);
#1728=VERTEX_POINT('',#5835);
#1729=VERTEX_POINT('',#5839);
#1730=VERTEX_POINT('',#5841);
#1731=VERTEX_POINT('',#5845);
#1732=VERTEX_POINT('',#5847);
#1733=VERTEX_POINT('',#5851);
#1734=VERTEX_POINT('',#5853);
#1735=VERTEX_POINT('',#5862);
#1736=VERTEX_POINT('',#5863);
#1737=VERTEX_POINT('',#5865);
#1738=VERTEX_POINT('',#5867);
#1739=VERTEX_POINT('',#5871);
#1740=VERTEX_POINT('',#5873);
#1741=VERTEX_POINT('',#5877);
#1742=VERTEX_POINT('',#5879);
#1743=VERTEX_POINT('',#5883);
#1744=VERTEX_POINT('',#5885);
#1745=VERTEX_POINT('',#5889);
#1746=VERTEX_POINT('',#5891);
#1747=VERTEX_POINT('',#5895);
#1748=VERTEX_POINT('',#5897);
#1749=VERTEX_POINT('',#5901);
#1750=VERTEX_POINT('',#5903);
#1751=VERTEX_POINT('',#5907);
#1752=VERTEX_POINT('',#5909);
#1753=VERTEX_POINT('',#5913);
#1754=VERTEX_POINT('',#5915);
#1755=VERTEX_POINT('',#5919);
#1756=VERTEX_POINT('',#5921);
#1757=VERTEX_POINT('',#5925);
#1758=VERTEX_POINT('',#5927);
#1759=VERTEX_POINT('',#5931);
#1760=VERTEX_POINT('',#5933);
#1761=VERTEX_POINT('',#5937);
#1762=VERTEX_POINT('',#5939);
#1763=VERTEX_POINT('',#5943);
#1764=VERTEX_POINT('',#5945);
#1765=VERTEX_POINT('',#5949);
#1766=VERTEX_POINT('',#5951);
#1767=VERTEX_POINT('',#5955);
#1768=VERTEX_POINT('',#5957);
#1769=VERTEX_POINT('',#5961);
#1770=VERTEX_POINT('',#5963);
#1771=VERTEX_POINT('',#5967);
#1772=VERTEX_POINT('',#5969);
#1773=VERTEX_POINT('',#5979);
#1774=VERTEX_POINT('',#5981);
#1775=VERTEX_POINT('',#5985);
#1776=VERTEX_POINT('',#5986);
#1777=VERTEX_POINT('',#5988);
#1778=VERTEX_POINT('',#5990);
#1779=VERTEX_POINT('',#5994);
#1780=VERTEX_POINT('',#5996);
#1781=VERTEX_POINT('',#6000);
#1782=VERTEX_POINT('',#6002);
#1783=VERTEX_POINT('',#6006);
#1784=VERTEX_POINT('',#6008);
#1785=VERTEX_POINT('',#6012);
#1786=VERTEX_POINT('',#6014);
#1787=VERTEX_POINT('',#6018);
#1788=VERTEX_POINT('',#6020);
#1789=VERTEX_POINT('',#6024);
#1790=VERTEX_POINT('',#6026);
#1791=VERTEX_POINT('',#6030);
#1792=VERTEX_POINT('',#6032);
#1793=VERTEX_POINT('',#6036);
#1794=VERTEX_POINT('',#6038);
#1795=VERTEX_POINT('',#6042);
#1796=VERTEX_POINT('',#6044);
#1797=VERTEX_POINT('',#6048);
#1798=VERTEX_POINT('',#6050);
#1799=VERTEX_POINT('',#6054);
#1800=VERTEX_POINT('',#6056);
#1801=VERTEX_POINT('',#6060);
#1802=VERTEX_POINT('',#6062);
#1803=VERTEX_POINT('',#6066);
#1804=VERTEX_POINT('',#6068);
#1805=VERTEX_POINT('',#6072);
#1806=VERTEX_POINT('',#6074);
#1807=VERTEX_POINT('',#6078);
#1808=VERTEX_POINT('',#6080);
#1809=VERTEX_POINT('',#6084);
#1810=VERTEX_POINT('',#6086);
#1811=VERTEX_POINT('',#6090);
#1812=VERTEX_POINT('',#6092);
#1813=VERTEX_POINT('',#6096);
#1814=VERTEX_POINT('',#6098);
#1815=VERTEX_POINT('',#6107);
#1816=VERTEX_POINT('',#6109);
#1817=VERTEX_POINT('',#6113);
#1818=VERTEX_POINT('',#6114);
#1819=VERTEX_POINT('',#6116);
#1820=VERTEX_POINT('',#6118);
#1821=VERTEX_POINT('',#6122);
#1822=VERTEX_POINT('',#6124);
#1823=VERTEX_POINT('',#6128);
#1824=VERTEX_POINT('',#6130);
#1825=VERTEX_POINT('',#6134);
#1826=VERTEX_POINT('',#6136);
#1827=VERTEX_POINT('',#6140);
#1828=VERTEX_POINT('',#6142);
#1829=VERTEX_POINT('',#6146);
#1830=VERTEX_POINT('',#6148);
#1831=VERTEX_POINT('',#6152);
#1832=VERTEX_POINT('',#6154);
#1833=VERTEX_POINT('',#6158);
#1834=VERTEX_POINT('',#6160);
#1835=VERTEX_POINT('',#6164);
#1836=VERTEX_POINT('',#6166);
#1837=VERTEX_POINT('',#6170);
#1838=VERTEX_POINT('',#6172);
#1839=VERTEX_POINT('',#6176);
#1840=VERTEX_POINT('',#6178);
#1841=VERTEX_POINT('',#6182);
#1842=VERTEX_POINT('',#6184);
#1843=VERTEX_POINT('',#6188);
#1844=VERTEX_POINT('',#6190);
#1845=VERTEX_POINT('',#6194);
#1846=VERTEX_POINT('',#6196);
#1847=VERTEX_POINT('',#6200);
#1848=VERTEX_POINT('',#6202);
#1849=VERTEX_POINT('',#6206);
#1850=VERTEX_POINT('',#6208);
#1851=VERTEX_POINT('',#6212);
#1852=VERTEX_POINT('',#6214);
#1853=VERTEX_POINT('',#6218);
#1854=VERTEX_POINT('',#6220);
#1855=VERTEX_POINT('',#6224);
#1856=VERTEX_POINT('',#6226);
#1857=VERTEX_POINT('',#6236);
#1858=VERTEX_POINT('',#6237);
#1859=VERTEX_POINT('',#6239);
#1860=VERTEX_POINT('',#6241);
#1861=VERTEX_POINT('',#6245);
#1862=VERTEX_POINT('',#6247);
#1863=VERTEX_POINT('',#6251);
#1864=VERTEX_POINT('',#6253);
#1865=VERTEX_POINT('',#6257);
#1866=VERTEX_POINT('',#6259);
#1867=VERTEX_POINT('',#6263);
#1868=VERTEX_POINT('',#6265);
#1869=VERTEX_POINT('',#6269);
#1870=VERTEX_POINT('',#6271);
#1871=VERTEX_POINT('',#6275);
#1872=VERTEX_POINT('',#6277);
#1873=VERTEX_POINT('',#6281);
#1874=VERTEX_POINT('',#6283);
#1875=VERTEX_POINT('',#6287);
#1876=VERTEX_POINT('',#6289);
#1877=VERTEX_POINT('',#6293);
#1878=VERTEX_POINT('',#6295);
#1879=VERTEX_POINT('',#6299);
#1880=VERTEX_POINT('',#6301);
#1881=VERTEX_POINT('',#6305);
#1882=VERTEX_POINT('',#6307);
#1883=VERTEX_POINT('',#6311);
#1884=VERTEX_POINT('',#6313);
#1885=VERTEX_POINT('',#6317);
#1886=VERTEX_POINT('',#6319);
#1887=VERTEX_POINT('',#6323);
#1888=VERTEX_POINT('',#6325);
#1889=VERTEX_POINT('',#6329);
#1890=VERTEX_POINT('',#6331);
#1891=VERTEX_POINT('',#6335);
#1892=VERTEX_POINT('',#6337);
#1893=VERTEX_POINT('',#6341);
#1894=VERTEX_POINT('',#6343);
#1895=VERTEX_POINT('',#6347);
#1896=VERTEX_POINT('',#6349);
#1897=VERTEX_POINT('',#6359);
#1898=VERTEX_POINT('',#6361);
#1899=VERTEX_POINT('',#6365);
#1900=VERTEX_POINT('',#6366);
#1901=VERTEX_POINT('',#6368);
#1902=VERTEX_POINT('',#6370);
#1903=VERTEX_POINT('',#6374);
#1904=VERTEX_POINT('',#6376);
#1905=VERTEX_POINT('',#6380);
#1906=VERTEX_POINT('',#6382);
#1907=VERTEX_POINT('',#6386);
#1908=VERTEX_POINT('',#6388);
#1909=VERTEX_POINT('',#6392);
#1910=VERTEX_POINT('',#6394);
#1911=VERTEX_POINT('',#6398);
#1912=VERTEX_POINT('',#6400);
#1913=VERTEX_POINT('',#6409);
#1914=VERTEX_POINT('',#6411);
#1915=VERTEX_POINT('',#6415);
#1916=VERTEX_POINT('',#6416);
#1917=VERTEX_POINT('',#6418);
#1918=VERTEX_POINT('',#6420);
#1919=VERTEX_POINT('',#6424);
#1920=VERTEX_POINT('',#6426);
#1921=VERTEX_POINT('',#6430);
#1922=VERTEX_POINT('',#6432);
#1923=VERTEX_POINT('',#6436);
#1924=VERTEX_POINT('',#6438);
#1925=VERTEX_POINT('',#6442);
#1926=VERTEX_POINT('',#6444);
#1927=VERTEX_POINT('',#6448);
#1928=VERTEX_POINT('',#6450);
#1929=VERTEX_POINT('',#6460);
#1930=VERTEX_POINT('',#6461);
#1931=VERTEX_POINT('',#6463);
#1932=VERTEX_POINT('',#6465);
#1933=VERTEX_POINT('',#6469);
#1934=VERTEX_POINT('',#6470);
#1935=VERTEX_POINT('',#6472);
#1936=VERTEX_POINT('',#6474);
#1937=VERTEX_POINT('',#6478);
#1938=VERTEX_POINT('',#6480);
#1939=VERTEX_POINT('',#6484);
#1940=VERTEX_POINT('',#6486);
#1941=VERTEX_POINT('',#6493);
#1942=VERTEX_POINT('',#6495);
#1943=VERTEX_POINT('',#6499);
#1944=VERTEX_POINT('',#6501);
#1945=VERTEX_POINT('',#6505);
#1946=VERTEX_POINT('',#6507);
#1947=VERTEX_POINT('',#6511);
#1948=VERTEX_POINT('',#6513);
#1949=VERTEX_POINT('',#6523);
#1950=VERTEX_POINT('',#6524);
#1951=VERTEX_POINT('',#6526);
#1952=VERTEX_POINT('',#6528);
#1953=VERTEX_POINT('',#6532);
#1954=VERTEX_POINT('',#6534);
#1955=VERTEX_POINT('',#6538);
#1956=VERTEX_POINT('',#6540);
#1957=VERTEX_POINT('',#6544);
#1958=VERTEX_POINT('',#6546);
#1959=VERTEX_POINT('',#6550);
#1960=VERTEX_POINT('',#6552);
#1961=VERTEX_POINT('',#6556);
#1962=VERTEX_POINT('',#6557);
#1963=VERTEX_POINT('',#6559);
#1964=VERTEX_POINT('',#6561);
#1965=VERTEX_POINT('',#6565);
#1966=VERTEX_POINT('',#6567);
#1967=VERTEX_POINT('',#6571);
#1968=VERTEX_POINT('',#6573);
#1969=VERTEX_POINT('',#6586);
#1970=VERTEX_POINT('',#6587);
#1971=VERTEX_POINT('',#6589);
#1972=VERTEX_POINT('',#6591);
#1973=VERTEX_POINT('',#6595);
#1974=VERTEX_POINT('',#6596);
#1975=VERTEX_POINT('',#6598);
#1976=VERTEX_POINT('',#6600);
#1977=VERTEX_POINT('',#6604);
#1978=VERTEX_POINT('',#6606);
#1979=VERTEX_POINT('',#6610);
#1980=VERTEX_POINT('',#6612);
#1981=VERTEX_POINT('',#6616);
#1982=VERTEX_POINT('',#6618);
#1983=VERTEX_POINT('',#6622);
#1984=VERTEX_POINT('',#6624);
#1985=VERTEX_POINT('',#6628);
#1986=VERTEX_POINT('',#6630);
#1987=VERTEX_POINT('',#6634);
#1988=VERTEX_POINT('',#6636);
#1989=VERTEX_POINT('',#6640);
#1990=VERTEX_POINT('',#6642);
#1991=VERTEX_POINT('',#6646);
#1992=VERTEX_POINT('',#6648);
#1993=VERTEX_POINT('',#6655);
#1994=VERTEX_POINT('',#6656);
#1995=VERTEX_POINT('',#6658);
#1996=VERTEX_POINT('',#6660);
#1997=VERTEX_POINT('',#6667);
#1998=VERTEX_POINT('',#6669);
#1999=VERTEX_POINT('',#6673);
#2000=VERTEX_POINT('',#6675);
#2001=VERTEX_POINT('',#6679);
#2002=VERTEX_POINT('',#6681);
#2003=VERTEX_POINT('',#6685);
#2004=VERTEX_POINT('',#6687);
#2005=VERTEX_POINT('',#6691);
#2006=VERTEX_POINT('',#6693);
#2007=VERTEX_POINT('',#6697);
#2008=VERTEX_POINT('',#6699);
#2009=VERTEX_POINT('',#6703);
#2010=VERTEX_POINT('',#6705);
#2011=VERTEX_POINT('',#6709);
#2012=VERTEX_POINT('',#6711);
#2013=VERTEX_POINT('',#6715);
#2014=VERTEX_POINT('',#6717);
#2015=VERTEX_POINT('',#6721);
#2016=VERTEX_POINT('',#6723);
#2017=EDGE_CURVE('',#1641,#1642,#593,.T.);
#2018=EDGE_CURVE('',#1641,#1643,#594,.T.);
#2019=EDGE_CURVE('',#1644,#1643,#595,.T.);
#2020=EDGE_CURVE('',#1642,#1644,#596,.T.);
#2021=EDGE_CURVE('',#1642,#1645,#597,.T.);
#2022=EDGE_CURVE('',#1646,#1644,#598,.T.);
#2023=EDGE_CURVE('',#1645,#1646,#599,.T.);
#2024=EDGE_CURVE('',#1647,#1645,#600,.T.);
#2025=EDGE_CURVE('',#1648,#1646,#601,.T.);
#2026=EDGE_CURVE('',#1647,#1648,#602,.T.);
#2027=EDGE_CURVE('',#1649,#1647,#603,.T.);
#2028=EDGE_CURVE('',#1650,#1648,#604,.T.);
#2029=EDGE_CURVE('',#1649,#1650,#605,.T.);
#2030=EDGE_CURVE('',#1651,#1649,#606,.T.);
#2031=EDGE_CURVE('',#1652,#1650,#607,.T.);
#2032=EDGE_CURVE('',#1651,#1652,#608,.T.);
#2033=EDGE_CURVE('',#1653,#1651,#609,.T.);
#2034=EDGE_CURVE('',#1654,#1652,#610,.T.);
#2035=EDGE_CURVE('',#1653,#1654,#611,.T.);
#2036=EDGE_CURVE('',#1653,#1655,#612,.T.);
#2037=EDGE_CURVE('',#1656,#1654,#613,.T.);
#2038=EDGE_CURVE('',#1655,#1656,#614,.T.);
#2039=EDGE_CURVE('',#1655,#1657,#615,.T.);
#2040=EDGE_CURVE('',#1658,#1656,#616,.T.);
#2041=EDGE_CURVE('',#1657,#1658,#617,.T.);
#2042=EDGE_CURVE('',#1657,#1659,#618,.T.);
#2043=EDGE_CURVE('',#1660,#1658,#619,.T.);
#2044=EDGE_CURVE('',#1659,#1660,#620,.T.);
#2045=EDGE_CURVE('',#1661,#1659,#621,.T.);
#2046=EDGE_CURVE('',#1662,#1660,#622,.T.);
#2047=EDGE_CURVE('',#1661,#1662,#623,.T.);
#2048=EDGE_CURVE('',#1663,#1661,#624,.T.);
#2049=EDGE_CURVE('',#1664,#1662,#625,.T.);
#2050=EDGE_CURVE('',#1663,#1664,#626,.T.);
#2051=EDGE_CURVE('',#1663,#1665,#627,.T.);
#2052=EDGE_CURVE('',#1666,#1664,#628,.T.);
#2053=EDGE_CURVE('',#1665,#1666,#629,.T.);
#2054=EDGE_CURVE('',#1665,#1667,#630,.T.);
#2055=EDGE_CURVE('',#1668,#1666,#631,.T.);
#2056=EDGE_CURVE('',#1667,#1668,#632,.T.);
#2057=EDGE_CURVE('',#1669,#1667,#633,.T.);
#2058=EDGE_CURVE('',#1670,#1668,#634,.T.);
#2059=EDGE_CURVE('',#1669,#1670,#635,.T.);
#2060=EDGE_CURVE('',#1671,#1669,#636,.T.);
#2061=EDGE_CURVE('',#1672,#1670,#637,.T.);
#2062=EDGE_CURVE('',#1671,#1672,#638,.T.);
#2063=EDGE_CURVE('',#1671,#1641,#639,.T.);
#2064=EDGE_CURVE('',#1643,#1672,#640,.T.);
#2065=EDGE_CURVE('',#1673,#1674,#641,.T.);
#2066=EDGE_CURVE('',#1673,#1675,#642,.T.);
#2067=EDGE_CURVE('',#1676,#1675,#643,.T.);
#2068=EDGE_CURVE('',#1674,#1676,#644,.T.);
#2069=EDGE_CURVE('',#1677,#1674,#645,.T.);
#2070=EDGE_CURVE('',#1678,#1676,#646,.T.);
#2071=EDGE_CURVE('',#1677,#1678,#647,.T.);
#2072=EDGE_CURVE('',#1679,#1677,#648,.T.);
#2073=EDGE_CURVE('',#1680,#1678,#649,.T.);
#2074=EDGE_CURVE('',#1679,#1680,#650,.T.);
#2075=EDGE_CURVE('',#1681,#1679,#651,.T.);
#2076=EDGE_CURVE('',#1682,#1680,#652,.T.);
#2077=EDGE_CURVE('',#1681,#1682,#653,.T.);
#2078=EDGE_CURVE('',#1683,#1681,#654,.T.);
#2079=EDGE_CURVE('',#1684,#1682,#655,.T.);
#2080=EDGE_CURVE('',#1683,#1684,#656,.T.);
#2081=EDGE_CURVE('',#1685,#1683,#657,.T.);
#2082=EDGE_CURVE('',#1686,#1684,#658,.T.);
#2083=EDGE_CURVE('',#1685,#1686,#659,.T.);
#2084=EDGE_CURVE('',#1687,#1685,#660,.T.);
#2085=EDGE_CURVE('',#1688,#1686,#661,.T.);
#2086=EDGE_CURVE('',#1687,#1688,#662,.T.);
#2087=EDGE_CURVE('',#1687,#1689,#663,.T.);
#2088=EDGE_CURVE('',#1690,#1688,#664,.T.);
#2089=EDGE_CURVE('',#1689,#1690,#665,.T.);
#2090=EDGE_CURVE('',#1689,#1691,#666,.T.);
#2091=EDGE_CURVE('',#1692,#1690,#667,.T.);
#2092=EDGE_CURVE('',#1691,#1692,#668,.T.);
#2093=EDGE_CURVE('',#1691,#1693,#669,.T.);
#2094=EDGE_CURVE('',#1694,#1692,#670,.T.);
#2095=EDGE_CURVE('',#1693,#1694,#671,.T.);
#2096=EDGE_CURVE('',#1695,#1693,#672,.T.);
#2097=EDGE_CURVE('',#1696,#1694,#673,.T.);
#2098=EDGE_CURVE('',#1695,#1696,#674,.T.);
#2099=EDGE_CURVE('',#1673,#1695,#675,.T.);
#2100=EDGE_CURVE('',#1675,#1696,#676,.T.);
#2101=EDGE_CURVE('',#1697,#1698,#677,.T.);
#2102=EDGE_CURVE('',#1698,#1699,#678,.T.);
#2103=EDGE_CURVE('',#1700,#1699,#679,.T.);
#2104=EDGE_CURVE('',#1697,#1700,#680,.T.);
#2105=EDGE_CURVE('',#1701,#1697,#59,.T.);
#2106=EDGE_CURVE('',#1702,#1700,#60,.T.);
#2107=EDGE_CURVE('',#1701,#1702,#681,.T.);
#2108=EDGE_CURVE('',#1703,#1701,#682,.T.);
#2109=EDGE_CURVE('',#1704,#1702,#683,.T.);
#2110=EDGE_CURVE('',#1703,#1704,#684,.T.);
#2111=EDGE_CURVE('',#1705,#1703,#685,.T.);
#2112=EDGE_CURVE('',#1706,#1704,#686,.T.);
#2113=EDGE_CURVE('',#1705,#1706,#687,.T.);
#2114=EDGE_CURVE('',#1707,#1705,#688,.T.);
#2115=EDGE_CURVE('',#1708,#1706,#689,.T.);
#2116=EDGE_CURVE('',#1707,#1708,#690,.T.);
#2117=EDGE_CURVE('',#1709,#1707,#691,.T.);
#2118=EDGE_CURVE('',#1710,#1708,#692,.T.);
#2119=EDGE_CURVE('',#1709,#1710,#693,.T.);
#2120=EDGE_CURVE('',#1711,#1709,#694,.T.);
#2121=EDGE_CURVE('',#1712,#1710,#695,.T.);
#2122=EDGE_CURVE('',#1711,#1712,#696,.T.);
#2123=EDGE_CURVE('',#1711,#1713,#697,.T.);
#2124=EDGE_CURVE('',#1714,#1712,#698,.T.);
#2125=EDGE_CURVE('',#1713,#1714,#699,.T.);
#2126=EDGE_CURVE('',#1715,#1713,#700,.T.);
#2127=EDGE_CURVE('',#1716,#1714,#701,.T.);
#2128=EDGE_CURVE('',#1715,#1716,#702,.T.);
#2129=EDGE_CURVE('',#1717,#1715,#703,.T.);
#2130=EDGE_CURVE('',#1718,#1716,#704,.T.);
#2131=EDGE_CURVE('',#1717,#1718,#705,.T.);
#2132=EDGE_CURVE('',#1717,#1719,#706,.T.);
#2133=EDGE_CURVE('',#1720,#1718,#707,.T.);
#2134=EDGE_CURVE('',#1719,#1720,#708,.T.);
#2135=EDGE_CURVE('',#1721,#1719,#709,.T.);
#2136=EDGE_CURVE('',#1722,#1720,#710,.T.);
#2137=EDGE_CURVE('',#1721,#1722,#711,.T.);
#2138=EDGE_CURVE('',#1723,#1721,#712,.T.);
#2139=EDGE_CURVE('',#1724,#1722,#713,.T.);
#2140=EDGE_CURVE('',#1723,#1724,#714,.T.);
#2141=EDGE_CURVE('',#1723,#1725,#715,.T.);
#2142=EDGE_CURVE('',#1726,#1724,#716,.T.);
#2143=EDGE_CURVE('',#1725,#1726,#717,.T.);
#2144=EDGE_CURVE('',#1725,#1727,#718,.T.);
#2145=EDGE_CURVE('',#1728,#1726,#719,.T.);
#2146=EDGE_CURVE('',#1727,#1728,#720,.T.);
#2147=EDGE_CURVE('',#1729,#1727,#721,.T.);
#2148=EDGE_CURVE('',#1730,#1728,#722,.T.);
#2149=EDGE_CURVE('',#1729,#1730,#723,.T.);
#2150=EDGE_CURVE('',#1731,#1729,#61,.T.);
#2151=EDGE_CURVE('',#1732,#1730,#62,.T.);
#2152=EDGE_CURVE('',#1731,#1732,#724,.T.);
#2153=EDGE_CURVE('',#1733,#1731,#725,.T.);
#2154=EDGE_CURVE('',#1734,#1732,#726,.T.);
#2155=EDGE_CURVE('',#1733,#1734,#727,.T.);
#2156=EDGE_CURVE('',#1733,#1698,#63,.T.);
#2157=EDGE_CURVE('',#1699,#1734,#64,.T.);
#2158=EDGE_CURVE('',#1735,#1736,#728,.T.);
#2159=EDGE_CURVE('',#1735,#1737,#729,.T.);
#2160=EDGE_CURVE('',#1737,#1738,#730,.T.);
#2161=EDGE_CURVE('',#1736,#1738,#731,.T.);
#2162=EDGE_CURVE('',#1739,#1735,#65,.T.);
#2163=EDGE_CURVE('',#1739,#1740,#732,.T.);
#2164=EDGE_CURVE('',#1740,#1737,#66,.T.);
#2165=EDGE_CURVE('',#1741,#1739,#733,.T.);
#2166=EDGE_CURVE('',#1741,#1742,#734,.T.);
#2167=EDGE_CURVE('',#1742,#1740,#735,.T.);
#2168=EDGE_CURVE('',#1743,#1741,#736,.T.);
#2169=EDGE_CURVE('',#1743,#1744,#737,.T.);
#2170=EDGE_CURVE('',#1744,#1742,#738,.T.);
#2171=EDGE_CURVE('',#1745,#1743,#739,.T.);
#2172=EDGE_CURVE('',#1745,#1746,#740,.T.);
#2173=EDGE_CURVE('',#1746,#1744,#741,.T.);
#2174=EDGE_CURVE('',#1747,#1745,#742,.T.);
#2175=EDGE_CURVE('',#1747,#1748,#743,.T.);
#2176=EDGE_CURVE('',#1748,#1746,#744,.T.);
#2177=EDGE_CURVE('',#1749,#1747,#745,.T.);
#2178=EDGE_CURVE('',#1749,#1750,#746,.T.);
#2179=EDGE_CURVE('',#1750,#1748,#747,.T.);
#2180=EDGE_CURVE('',#1749,#1751,#748,.T.);
#2181=EDGE_CURVE('',#1751,#1752,#749,.T.);
#2182=EDGE_CURVE('',#1752,#1750,#750,.T.);
#2183=EDGE_CURVE('',#1753,#1751,#751,.T.);
#2184=EDGE_CURVE('',#1753,#1754,#752,.T.);
#2185=EDGE_CURVE('',#1754,#1752,#753,.T.);
#2186=EDGE_CURVE('',#1755,#1753,#754,.T.);
#2187=EDGE_CURVE('',#1755,#1756,#755,.T.);
#2188=EDGE_CURVE('',#1756,#1754,#756,.T.);
#2189=EDGE_CURVE('',#1755,#1757,#757,.T.);
#2190=EDGE_CURVE('',#1757,#1758,#758,.T.);
#2191=EDGE_CURVE('',#1758,#1756,#759,.T.);
#2192=EDGE_CURVE('',#1759,#1757,#760,.T.);
#2193=EDGE_CURVE('',#1759,#1760,#761,.T.);
#2194=EDGE_CURVE('',#1760,#1758,#762,.T.);
#2195=EDGE_CURVE('',#1761,#1759,#763,.T.);
#2196=EDGE_CURVE('',#1761,#1762,#764,.T.);
#2197=EDGE_CURVE('',#1762,#1760,#765,.T.);
#2198=EDGE_CURVE('',#1761,#1763,#766,.T.);
#2199=EDGE_CURVE('',#1763,#1764,#767,.T.);
#2200=EDGE_CURVE('',#1764,#1762,#768,.T.);
#2201=EDGE_CURVE('',#1763,#1765,#769,.T.);
#2202=EDGE_CURVE('',#1765,#1766,#770,.T.);
#2203=EDGE_CURVE('',#1766,#1764,#771,.T.);
#2204=EDGE_CURVE('',#1767,#1765,#772,.T.);
#2205=EDGE_CURVE('',#1767,#1768,#773,.T.);
#2206=EDGE_CURVE('',#1768,#1766,#774,.T.);
#2207=EDGE_CURVE('',#1769,#1767,#67,.T.);
#2208=EDGE_CURVE('',#1769,#1770,#775,.T.);
#2209=EDGE_CURVE('',#1770,#1768,#68,.T.);
#2210=EDGE_CURVE('',#1771,#1769,#776,.T.);
#2211=EDGE_CURVE('',#1771,#1772,#777,.T.);
#2212=EDGE_CURVE('',#1772,#1770,#778,.T.);
#2213=EDGE_CURVE('',#1771,#1736,#69,.T.);
#2214=EDGE_CURVE('',#1738,#1772,#70,.T.);
#2215=EDGE_CURVE('',#1773,#1773,#71,.T.);
#2216=EDGE_CURVE('',#1773,#1774,#779,.T.);
#2217=EDGE_CURVE('',#1774,#1774,#72,.T.);
#2218=EDGE_CURVE('',#1775,#1776,#780,.T.);
#2219=EDGE_CURVE('',#1775,#1777,#781,.T.);
#2220=EDGE_CURVE('',#1778,#1777,#782,.T.);
#2221=EDGE_CURVE('',#1776,#1778,#783,.T.);
#2222=EDGE_CURVE('',#1779,#1776,#784,.T.);
#2223=EDGE_CURVE('',#1780,#1778,#785,.T.);
#2224=EDGE_CURVE('',#1779,#1780,#786,.T.);
#2225=EDGE_CURVE('',#1781,#1779,#787,.T.);
#2226=EDGE_CURVE('',#1782,#1780,#788,.T.);
#2227=EDGE_CURVE('',#1781,#1782,#789,.T.);
#2228=EDGE_CURVE('',#1783,#1781,#790,.T.);
#2229=EDGE_CURVE('',#1784,#1782,#791,.T.);
#2230=EDGE_CURVE('',#1783,#1784,#792,.T.);
#2231=EDGE_CURVE('',#1785,#1783,#793,.T.);
#2232=EDGE_CURVE('',#1786,#1784,#794,.T.);
#2233=EDGE_CURVE('',#1785,#1786,#795,.T.);
#2234=EDGE_CURVE('',#1787,#1785,#796,.T.);
#2235=EDGE_CURVE('',#1788,#1786,#797,.T.);
#2236=EDGE_CURVE('',#1787,#1788,#798,.T.);
#2237=EDGE_CURVE('',#1789,#1787,#799,.T.);
#2238=EDGE_CURVE('',#1790,#1788,#800,.T.);
#2239=EDGE_CURVE('',#1789,#1790,#801,.T.);
#2240=EDGE_CURVE('',#1789,#1791,#802,.T.);
#2241=EDGE_CURVE('',#1792,#1790,#803,.T.);
#2242=EDGE_CURVE('',#1791,#1792,#804,.T.);
#2243=EDGE_CURVE('',#1791,#1793,#805,.T.);
#2244=EDGE_CURVE('',#1794,#1792,#806,.T.);
#2245=EDGE_CURVE('',#1793,#1794,#807,.T.);
#2246=EDGE_CURVE('',#1795,#1793,#808,.T.);
#2247=EDGE_CURVE('',#1796,#1794,#809,.T.);
#2248=EDGE_CURVE('',#1795,#1796,#810,.T.);
#2249=EDGE_CURVE('',#1795,#1797,#811,.T.);
#2250=EDGE_CURVE('',#1798,#1796,#812,.T.);
#2251=EDGE_CURVE('',#1797,#1798,#813,.T.);
#2252=EDGE_CURVE('',#1797,#1799,#73,.T.);
#2253=EDGE_CURVE('',#1800,#1798,#74,.T.);
#2254=EDGE_CURVE('',#1799,#1800,#814,.T.);
#2255=EDGE_CURVE('',#1799,#1801,#815,.T.);
#2256=EDGE_CURVE('',#1802,#1800,#816,.T.);
#2257=EDGE_CURVE('',#1801,#1802,#817,.T.);
#2258=EDGE_CURVE('',#1801,#1803,#75,.T.);
#2259=EDGE_CURVE('',#1804,#1802,#76,.T.);
#2260=EDGE_CURVE('',#1803,#1804,#818,.T.);
#2261=EDGE_CURVE('',#1803,#1805,#819,.T.);
#2262=EDGE_CURVE('',#1806,#1804,#820,.T.);
#2263=EDGE_CURVE('',#1805,#1806,#821,.T.);
#2264=EDGE_CURVE('',#1807,#1805,#77,.T.);
#2265=EDGE_CURVE('',#1808,#1806,#78,.T.);
#2266=EDGE_CURVE('',#1807,#1808,#822,.T.);
#2267=EDGE_CURVE('',#1807,#1809,#823,.T.);
#2268=EDGE_CURVE('',#1810,#1808,#824,.T.);
#2269=EDGE_CURVE('',#1809,#1810,#825,.T.);
#2270=EDGE_CURVE('',#1809,#1811,#79,.T.);
#2271=EDGE_CURVE('',#1812,#1810,#80,.T.);
#2272=EDGE_CURVE('',#1811,#1812,#826,.T.);
#2273=EDGE_CURVE('',#1811,#1813,#827,.T.);
#2274=EDGE_CURVE('',#1814,#1812,#828,.T.);
#2275=EDGE_CURVE('',#1813,#1814,#829,.T.);
#2276=EDGE_CURVE('',#1775,#1813,#830,.T.);
#2277=EDGE_CURVE('',#1777,#1814,#831,.T.);
#2278=EDGE_CURVE('',#1815,#1815,#81,.T.);
#2279=EDGE_CURVE('',#1815,#1816,#832,.T.);
#2280=EDGE_CURVE('',#1816,#1816,#82,.T.);
#2281=EDGE_CURVE('',#1817,#1818,#833,.T.);
#2282=EDGE_CURVE('',#1818,#1819,#834,.T.);
#2283=EDGE_CURVE('',#1819,#1820,#835,.T.);
#2284=EDGE_CURVE('',#1817,#1820,#836,.T.);
#2285=EDGE_CURVE('',#1821,#1818,#837,.T.);
#2286=EDGE_CURVE('',#1821,#1822,#838,.T.);
#2287=EDGE_CURVE('',#1822,#1819,#839,.T.);
#2288=EDGE_CURVE('',#1823,#1821,#840,.T.);
#2289=EDGE_CURVE('',#1823,#1824,#841,.T.);
#2290=EDGE_CURVE('',#1824,#1822,#842,.T.);
#2291=EDGE_CURVE('',#1825,#1823,#843,.T.);
#2292=EDGE_CURVE('',#1825,#1826,#844,.T.);
#2293=EDGE_CURVE('',#1826,#1824,#845,.T.);
#2294=EDGE_CURVE('',#1827,#1825,#846,.T.);
#2295=EDGE_CURVE('',#1827,#1828,#847,.T.);
#2296=EDGE_CURVE('',#1828,#1826,#848,.T.);
#2297=EDGE_CURVE('',#1829,#1827,#849,.T.);
#2298=EDGE_CURVE('',#1829,#1830,#850,.T.);
#2299=EDGE_CURVE('',#1830,#1828,#851,.T.);
#2300=EDGE_CURVE('',#1831,#1829,#852,.T.);
#2301=EDGE_CURVE('',#1831,#1832,#853,.T.);
#2302=EDGE_CURVE('',#1832,#1830,#854,.T.);
#2303=EDGE_CURVE('',#1831,#1833,#855,.T.);
#2304=EDGE_CURVE('',#1833,#1834,#856,.T.);
#2305=EDGE_CURVE('',#1834,#1832,#857,.T.);
#2306=EDGE_CURVE('',#1833,#1835,#858,.T.);
#2307=EDGE_CURVE('',#1835,#1836,#859,.T.);
#2308=EDGE_CURVE('',#1836,#1834,#860,.T.);
#2309=EDGE_CURVE('',#1837,#1835,#861,.T.);
#2310=EDGE_CURVE('',#1837,#1838,#862,.T.);
#2311=EDGE_CURVE('',#1838,#1836,#863,.T.);
#2312=EDGE_CURVE('',#1837,#1839,#864,.T.);
#2313=EDGE_CURVE('',#1839,#1840,#865,.T.);
#2314=EDGE_CURVE('',#1840,#1838,#866,.T.);
#2315=EDGE_CURVE('',#1839,#1841,#83,.T.);
#2316=EDGE_CURVE('',#1841,#1842,#867,.T.);
#2317=EDGE_CURVE('',#1842,#1840,#84,.T.);
#2318=EDGE_CURVE('',#1841,#1843,#868,.T.);
#2319=EDGE_CURVE('',#1843,#1844,#869,.T.);
#2320=EDGE_CURVE('',#1844,#1842,#870,.T.);
#2321=EDGE_CURVE('',#1843,#1845,#85,.T.);
#2322=EDGE_CURVE('',#1845,#1846,#871,.T.);
#2323=EDGE_CURVE('',#1846,#1844,#86,.T.);
#2324=EDGE_CURVE('',#1845,#1847,#872,.T.);
#2325=EDGE_CURVE('',#1847,#1848,#873,.T.);
#2326=EDGE_CURVE('',#1848,#1846,#874,.T.);
#2327=EDGE_CURVE('',#1849,#1847,#87,.T.);
#2328=EDGE_CURVE('',#1849,#1850,#875,.T.);
#2329=EDGE_CURVE('',#1850,#1848,#88,.T.);
#2330=EDGE_CURVE('',#1849,#1851,#876,.T.);
#2331=EDGE_CURVE('',#1851,#1852,#877,.T.);
#2332=EDGE_CURVE('',#1852,#1850,#878,.T.);
#2333=EDGE_CURVE('',#1851,#1853,#89,.T.);
#2334=EDGE_CURVE('',#1853,#1854,#879,.T.);
#2335=EDGE_CURVE('',#1854,#1852,#90,.T.);
#2336=EDGE_CURVE('',#1853,#1855,#880,.T.);
#2337=EDGE_CURVE('',#1855,#1856,#881,.T.);
#2338=EDGE_CURVE('',#1856,#1854,#882,.T.);
#2339=EDGE_CURVE('',#1817,#1855,#883,.T.);
#2340=EDGE_CURVE('',#1820,#1856,#884,.T.);
#2341=EDGE_CURVE('',#1857,#1858,#885,.T.);
#2342=EDGE_CURVE('',#1857,#1859,#886,.T.);
#2343=EDGE_CURVE('',#1860,#1859,#887,.T.);
#2344=EDGE_CURVE('',#1858,#1860,#888,.T.);
#2345=EDGE_CURVE('',#1858,#1861,#889,.T.);
#2346=EDGE_CURVE('',#1862,#1860,#890,.T.);
#2347=EDGE_CURVE('',#1861,#1862,#891,.T.);
#2348=EDGE_CURVE('',#1861,#1863,#892,.T.);
#2349=EDGE_CURVE('',#1864,#1862,#893,.T.);
#2350=EDGE_CURVE('',#1863,#1864,#894,.T.);
#2351=EDGE_CURVE('',#1863,#1865,#895,.T.);
#2352=EDGE_CURVE('',#1866,#1864,#896,.T.);
#2353=EDGE_CURVE('',#1865,#1866,#897,.T.);
#2354=EDGE_CURVE('',#1865,#1867,#898,.T.);
#2355=EDGE_CURVE('',#1868,#1866,#899,.T.);
#2356=EDGE_CURVE('',#1867,#1868,#900,.T.);
#2357=EDGE_CURVE('',#1869,#1867,#901,.T.);
#2358=EDGE_CURVE('',#1870,#1868,#902,.T.);
#2359=EDGE_CURVE('',#1869,#1870,#903,.T.);
#2360=EDGE_CURVE('',#1871,#1869,#904,.T.);
#2361=EDGE_CURVE('',#1872,#1870,#905,.T.);
#2362=EDGE_CURVE('',#1871,#1872,#906,.T.);
#2363=EDGE_CURVE('',#1873,#1871,#907,.T.);
#2364=EDGE_CURVE('',#1874,#1872,#908,.T.);
#2365=EDGE_CURVE('',#1873,#1874,#909,.T.);
#2366=EDGE_CURVE('',#1875,#1873,#910,.T.);
#2367=EDGE_CURVE('',#1876,#1874,#911,.T.);
#2368=EDGE_CURVE('',#1875,#1876,#912,.T.);
#2369=EDGE_CURVE('',#1877,#1875,#913,.T.);
#2370=EDGE_CURVE('',#1878,#1876,#914,.T.);
#2371=EDGE_CURVE('',#1877,#1878,#915,.T.);
#2372=EDGE_CURVE('',#1877,#1879,#916,.T.);
#2373=EDGE_CURVE('',#1880,#1878,#917,.T.);
#2374=EDGE_CURVE('',#1879,#1880,#918,.T.);
#2375=EDGE_CURVE('',#1881,#1879,#919,.T.);
#2376=EDGE_CURVE('',#1882,#1880,#920,.T.);
#2377=EDGE_CURVE('',#1881,#1882,#921,.T.);
#2378=EDGE_CURVE('',#1883,#1881,#922,.T.);
#2379=EDGE_CURVE('',#1884,#1882,#923,.T.);
#2380=EDGE_CURVE('',#1883,#1884,#924,.T.);
#2381=EDGE_CURVE('',#1883,#1885,#925,.T.);
#2382=EDGE_CURVE('',#1886,#1884,#926,.T.);
#2383=EDGE_CURVE('',#1885,#1886,#927,.T.);
#2384=EDGE_CURVE('',#1885,#1887,#928,.T.);
#2385=EDGE_CURVE('',#1888,#1886,#929,.T.);
#2386=EDGE_CURVE('',#1887,#1888,#930,.T.);
#2387=EDGE_CURVE('',#1889,#1887,#931,.T.);
#2388=EDGE_CURVE('',#1890,#1888,#932,.T.);
#2389=EDGE_CURVE('',#1889,#1890,#933,.T.);
#2390=EDGE_CURVE('',#1889,#1891,#934,.T.);
#2391=EDGE_CURVE('',#1892,#1890,#935,.T.);
#2392=EDGE_CURVE('',#1891,#1892,#936,.T.);
#2393=EDGE_CURVE('',#1891,#1893,#937,.T.);
#2394=EDGE_CURVE('',#1894,#1892,#938,.T.);
#2395=EDGE_CURVE('',#1893,#1894,#939,.T.);
#2396=EDGE_CURVE('',#1895,#1893,#940,.T.);
#2397=EDGE_CURVE('',#1896,#1894,#941,.T.);
#2398=EDGE_CURVE('',#1895,#1896,#942,.T.);
#2399=EDGE_CURVE('',#1895,#1857,#943,.T.);
#2400=EDGE_CURVE('',#1859,#1896,#944,.T.);
#2401=EDGE_CURVE('',#1897,#1897,#91,.T.);
#2402=EDGE_CURVE('',#1897,#1898,#945,.T.);
#2403=EDGE_CURVE('',#1898,#1898,#92,.T.);
#2404=EDGE_CURVE('',#1899,#1900,#946,.T.);
#2405=EDGE_CURVE('',#1899,#1901,#947,.T.);
#2406=EDGE_CURVE('',#1902,#1901,#948,.T.);
#2407=EDGE_CURVE('',#1900,#1902,#949,.T.);
#2408=EDGE_CURVE('',#1903,#1900,#950,.T.);
#2409=EDGE_CURVE('',#1904,#1902,#951,.T.);
#2410=EDGE_CURVE('',#1903,#1904,#952,.T.);
#2411=EDGE_CURVE('',#1905,#1903,#953,.T.);
#2412=EDGE_CURVE('',#1906,#1904,#954,.T.);
#2413=EDGE_CURVE('',#1905,#1906,#955,.T.);
#2414=EDGE_CURVE('',#1905,#1907,#956,.T.);
#2415=EDGE_CURVE('',#1908,#1906,#957,.T.);
#2416=EDGE_CURVE('',#1907,#1908,#958,.T.);
#2417=EDGE_CURVE('',#1909,#1907,#959,.T.);
#2418=EDGE_CURVE('',#1910,#1908,#960,.T.);
#2419=EDGE_CURVE('',#1909,#1910,#961,.T.);
#2420=EDGE_CURVE('',#1911,#1909,#93,.T.);
#2421=EDGE_CURVE('',#1912,#1910,#94,.T.);
#2422=EDGE_CURVE('',#1911,#1912,#962,.T.);
#2423=EDGE_CURVE('',#1899,#1911,#963,.T.);
#2424=EDGE_CURVE('',#1901,#1912,#964,.T.);
#2425=EDGE_CURVE('',#1913,#1913,#95,.T.);
#2426=EDGE_CURVE('',#1913,#1914,#965,.T.);
#2427=EDGE_CURVE('',#1914,#1914,#96,.T.);
#2428=EDGE_CURVE('',#1915,#1916,#966,.T.);
#2429=EDGE_CURVE('',#1916,#1917,#967,.T.);
#2430=EDGE_CURVE('',#1917,#1918,#968,.T.);
#2431=EDGE_CURVE('',#1915,#1918,#969,.T.);
#2432=EDGE_CURVE('',#1919,#1916,#970,.T.);
#2433=EDGE_CURVE('',#1919,#1920,#971,.T.);
#2434=EDGE_CURVE('',#1920,#1917,#972,.T.);
#2435=EDGE_CURVE('',#1921,#1919,#973,.T.);
#2436=EDGE_CURVE('',#1921,#1922,#974,.T.);
#2437=EDGE_CURVE('',#1922,#1920,#975,.T.);
#2438=EDGE_CURVE('',#1921,#1923,#976,.T.);
#2439=EDGE_CURVE('',#1923,#1924,#977,.T.);
#2440=EDGE_CURVE('',#1924,#1922,#978,.T.);
#2441=EDGE_CURVE('',#1925,#1923,#979,.T.);
#2442=EDGE_CURVE('',#1925,#1926,#980,.T.);
#2443=EDGE_CURVE('',#1926,#1924,#981,.T.);
#2444=EDGE_CURVE('',#1927,#1925,#97,.T.);
#2445=EDGE_CURVE('',#1927,#1928,#982,.T.);
#2446=EDGE_CURVE('',#1928,#1926,#98,.T.);
#2447=EDGE_CURVE('',#1915,#1927,#983,.T.);
#2448=EDGE_CURVE('',#1918,#1928,#984,.T.);
#2449=EDGE_CURVE('',#1929,#1930,#985,.T.);
#2450=EDGE_CURVE('',#1930,#1931,#986,.T.);
#2451=EDGE_CURVE('',#1931,#1932,#987,.T.);
#2452=EDGE_CURVE('',#1929,#1932,#988,.T.);
#2453=EDGE_CURVE('',#1933,#1934,#989,.T.);
#2454=EDGE_CURVE('',#1933,#1935,#990,.T.);
#2455=EDGE_CURVE('',#1935,#1936,#991,.T.);
#2456=EDGE_CURVE('',#1934,#1936,#992,.T.);
#2457=EDGE_CURVE('',#1933,#1937,#993,.T.);
#2458=EDGE_CURVE('',#1937,#1938,#994,.T.);
#2459=EDGE_CURVE('',#1938,#1935,#995,.T.);
#2460=EDGE_CURVE('',#1939,#1937,#996,.T.);
#2461=EDGE_CURVE('',#1939,#1940,#997,.T.);
#2462=EDGE_CURVE('',#1940,#1938,#998,.T.);
#2463=EDGE_CURVE('',#1929,#1939,#999,.T.);
#2464=EDGE_CURVE('',#1932,#1940,#1000,.T.);
#2465=EDGE_CURVE('',#1941,#1930,#1001,.T.);
#2466=EDGE_CURVE('',#1941,#1942,#1002,.T.);
#2467=EDGE_CURVE('',#1931,#1942,#1003,.T.);
#2468=EDGE_CURVE('',#1943,#1934,#1004,.T.);
#2469=EDGE_CURVE('',#1944,#1936,#1005,.T.);
#2470=EDGE_CURVE('',#1943,#1944,#1006,.T.);
#2471=EDGE_CURVE('',#1943,#1945,#1007,.T.);
#2472=EDGE_CURVE('',#1946,#1944,#1008,.T.);
#2473=EDGE_CURVE('',#1945,#1946,#1009,.T.);
#2474=EDGE_CURVE('',#1947,#1945,#1010,.T.);
#2475=EDGE_CURVE('',#1948,#1946,#1011,.T.);
#2476=EDGE_CURVE('',#1947,#1948,#1012,.T.);
#2477=EDGE_CURVE('',#1941,#1947,#1013,.T.);
#2478=EDGE_CURVE('',#1942,#1948,#1014,.T.);
#2479=EDGE_CURVE('',#1949,#1950,#1015,.T.);
#2480=EDGE_CURVE('',#1950,#1951,#1016,.T.);
#2481=EDGE_CURVE('',#1951,#1952,#1017,.T.);
#2482=EDGE_CURVE('',#1949,#1952,#1018,.T.);
#2483=EDGE_CURVE('',#1950,#1953,#1019,.T.);
#2484=EDGE_CURVE('',#1953,#1954,#1020,.T.);
#2485=EDGE_CURVE('',#1954,#1951,#1021,.T.);
#2486=EDGE_CURVE('',#1953,#1955,#1022,.T.);
#2487=EDGE_CURVE('',#1955,#1956,#1023,.T.);
#2488=EDGE_CURVE('',#1956,#1954,#1024,.T.);
#2489=EDGE_CURVE('',#1955,#1957,#1025,.T.);
#2490=EDGE_CURVE('',#1957,#1958,#1026,.T.);
#2491=EDGE_CURVE('',#1958,#1956,#1027,.T.);
#2492=EDGE_CURVE('',#1949,#1959,#1028,.T.);
#2493=EDGE_CURVE('',#1952,#1960,#1029,.T.);
#2494=EDGE_CURVE('',#1959,#1960,#1030,.T.);
#2495=EDGE_CURVE('',#1961,#1962,#1031,.T.);
#2496=EDGE_CURVE('',#1961,#1963,#1032,.T.);
#2497=EDGE_CURVE('',#1964,#1963,#1033,.T.);
#2498=EDGE_CURVE('',#1962,#1964,#1034,.T.);
#2499=EDGE_CURVE('',#1962,#1965,#1035,.T.);
#2500=EDGE_CURVE('',#1966,#1964,#1036,.T.);
#2501=EDGE_CURVE('',#1965,#1966,#1037,.T.);
#2502=EDGE_CURVE('',#1965,#1967,#1038,.T.);
#2503=EDGE_CURVE('',#1968,#1966,#1039,.T.);
#2504=EDGE_CURVE('',#1967,#1968,#1040,.T.);
#2505=EDGE_CURVE('',#1967,#1957,#1041,.T.);
#2506=EDGE_CURVE('',#1958,#1968,#1042,.T.);
#2507=EDGE_CURVE('',#1961,#1959,#1043,.T.);
#2508=EDGE_CURVE('',#1963,#1960,#1044,.T.);
#2509=EDGE_CURVE('',#1969,#1970,#1045,.T.);
#2510=EDGE_CURVE('',#1970,#1971,#1046,.T.);
#2511=EDGE_CURVE('',#1971,#1972,#1047,.T.);
#2512=EDGE_CURVE('',#1969,#1972,#1048,.T.);
#2513=EDGE_CURVE('',#1973,#1974,#1049,.T.);
#2514=EDGE_CURVE('',#1973,#1975,#1050,.T.);
#2515=EDGE_CURVE('',#1975,#1976,#1051,.T.);
#2516=EDGE_CURVE('',#1974,#1976,#1052,.T.);
#2517=EDGE_CURVE('',#1977,#1973,#1053,.T.);
#2518=EDGE_CURVE('',#1977,#1978,#1054,.T.);
#2519=EDGE_CURVE('',#1978,#1975,#1055,.T.);
#2520=EDGE_CURVE('',#1979,#1977,#1056,.T.);
#2521=EDGE_CURVE('',#1979,#1980,#1057,.T.);
#2522=EDGE_CURVE('',#1980,#1978,#1058,.T.);
#2523=EDGE_CURVE('',#1981,#1979,#1059,.T.);
#2524=EDGE_CURVE('',#1981,#1982,#1060,.T.);
#2525=EDGE_CURVE('',#1982,#1980,#1061,.T.);
#2526=EDGE_CURVE('',#1981,#1983,#1062,.T.);
#2527=EDGE_CURVE('',#1983,#1984,#1063,.T.);
#2528=EDGE_CURVE('',#1984,#1982,#1064,.T.);
#2529=EDGE_CURVE('',#1985,#1983,#1065,.T.);
#2530=EDGE_CURVE('',#1985,#1986,#1066,.T.);
#2531=EDGE_CURVE('',#1986,#1984,#1067,.T.);
#2532=EDGE_CURVE('',#1987,#1985,#1068,.T.);
#2533=EDGE_CURVE('',#1987,#1988,#1069,.T.);
#2534=EDGE_CURVE('',#1988,#1986,#1070,.T.);
#2535=EDGE_CURVE('',#1987,#1989,#1071,.T.);
#2536=EDGE_CURVE('',#1989,#1990,#1072,.T.);
#2537=EDGE_CURVE('',#1990,#1988,#1073,.T.);
#2538=EDGE_CURVE('',#1991,#1989,#1074,.T.);
#2539=EDGE_CURVE('',#1991,#1992,#1075,.T.);
#2540=EDGE_CURVE('',#1992,#1990,#1076,.T.);
#2541=EDGE_CURVE('',#1969,#1991,#1077,.T.);
#2542=EDGE_CURVE('',#1972,#1992,#1078,.T.);
#2543=EDGE_CURVE('',#1993,#1994,#1079,.T.);
#2544=EDGE_CURVE('',#1993,#1995,#1080,.T.);
#2545=EDGE_CURVE('',#1996,#1995,#1081,.T.);
#2546=EDGE_CURVE('',#1994,#1996,#1082,.T.);
#2547=EDGE_CURVE('',#1994,#1970,#1083,.T.);
#2548=EDGE_CURVE('',#1996,#1971,#1084,.T.);
#2549=EDGE_CURVE('',#1997,#1974,#1085,.T.);
#2550=EDGE_CURVE('',#1998,#1976,#1086,.T.);
#2551=EDGE_CURVE('',#1997,#1998,#1087,.T.);
#2552=EDGE_CURVE('',#1999,#1997,#1088,.T.);
#2553=EDGE_CURVE('',#2000,#1998,#1089,.T.);
#2554=EDGE_CURVE('',#1999,#2000,#1090,.T.);
#2555=EDGE_CURVE('',#2001,#1999,#1091,.T.);
#2556=EDGE_CURVE('',#2002,#2000,#1092,.T.);
#2557=EDGE_CURVE('',#2001,#2002,#1093,.T.);
#2558=EDGE_CURVE('',#2003,#2001,#1094,.T.);
#2559=EDGE_CURVE('',#2004,#2002,#1095,.T.);
#2560=EDGE_CURVE('',#2003,#2004,#1096,.T.);
#2561=EDGE_CURVE('',#2005,#2003,#1097,.T.);
#2562=EDGE_CURVE('',#2006,#2004,#1098,.T.);
#2563=EDGE_CURVE('',#2005,#2006,#1099,.T.);
#2564=EDGE_CURVE('',#2005,#2007,#1100,.T.);
#2565=EDGE_CURVE('',#2008,#2006,#1101,.T.);
#2566=EDGE_CURVE('',#2007,#2008,#1102,.T.);
#2567=EDGE_CURVE('',#2009,#2007,#1103,.T.);
#2568=EDGE_CURVE('',#2010,#2008,#1104,.T.);
#2569=EDGE_CURVE('',#2009,#2010,#1105,.T.);
#2570=EDGE_CURVE('',#2011,#2009,#1106,.T.);
#2571=EDGE_CURVE('',#2012,#2010,#1107,.T.);
#2572=EDGE_CURVE('',#2011,#2012,#1108,.T.);
#2573=EDGE_CURVE('',#2011,#2013,#1109,.T.);
#2574=EDGE_CURVE('',#2014,#2012,#1110,.T.);
#2575=EDGE_CURVE('',#2013,#2014,#1111,.T.);
#2576=EDGE_CURVE('',#2015,#2013,#1112,.T.);
#2577=EDGE_CURVE('',#2016,#2014,#1113,.T.);
#2578=EDGE_CURVE('',#2015,#2016,#1114,.T.);
#2579=EDGE_CURVE('',#1993,#2015,#1115,.T.);
#2580=EDGE_CURVE('',#1995,#2016,#1116,.T.);
#2581=ORIENTED_EDGE('',*,*,#2017,.F.);
#2582=ORIENTED_EDGE('',*,*,#2018,.T.);
#2583=ORIENTED_EDGE('',*,*,#2019,.F.);
#2584=ORIENTED_EDGE('',*,*,#2020,.F.);
#2585=ORIENTED_EDGE('',*,*,#2021,.F.);
#2586=ORIENTED_EDGE('',*,*,#2020,.T.);
#2587=ORIENTED_EDGE('',*,*,#2022,.F.);
#2588=ORIENTED_EDGE('',*,*,#2023,.F.);
#2589=ORIENTED_EDGE('',*,*,#2024,.T.);
#2590=ORIENTED_EDGE('',*,*,#2023,.T.);
#2591=ORIENTED_EDGE('',*,*,#2025,.F.);
#2592=ORIENTED_EDGE('',*,*,#2026,.F.);
#2593=ORIENTED_EDGE('',*,*,#2027,.T.);
#2594=ORIENTED_EDGE('',*,*,#2026,.T.);
#2595=ORIENTED_EDGE('',*,*,#2028,.F.);
#2596=ORIENTED_EDGE('',*,*,#2029,.F.);
#2597=ORIENTED_EDGE('',*,*,#2030,.T.);
#2598=ORIENTED_EDGE('',*,*,#2029,.T.);
#2599=ORIENTED_EDGE('',*,*,#2031,.F.);
#2600=ORIENTED_EDGE('',*,*,#2032,.F.);
#2601=ORIENTED_EDGE('',*,*,#2033,.T.);
#2602=ORIENTED_EDGE('',*,*,#2032,.T.);
#2603=ORIENTED_EDGE('',*,*,#2034,.F.);
#2604=ORIENTED_EDGE('',*,*,#2035,.F.);
#2605=ORIENTED_EDGE('',*,*,#2036,.F.);
#2606=ORIENTED_EDGE('',*,*,#2035,.T.);
#2607=ORIENTED_EDGE('',*,*,#2037,.F.);
#2608=ORIENTED_EDGE('',*,*,#2038,.F.);
#2609=ORIENTED_EDGE('',*,*,#2039,.F.);
#2610=ORIENTED_EDGE('',*,*,#2038,.T.);
#2611=ORIENTED_EDGE('',*,*,#2040,.F.);
#2612=ORIENTED_EDGE('',*,*,#2041,.F.);
#2613=ORIENTED_EDGE('',*,*,#2042,.F.);
#2614=ORIENTED_EDGE('',*,*,#2041,.T.);
#2615=ORIENTED_EDGE('',*,*,#2043,.F.);
#2616=ORIENTED_EDGE('',*,*,#2044,.F.);
#2617=ORIENTED_EDGE('',*,*,#2045,.T.);
#2618=ORIENTED_EDGE('',*,*,#2044,.T.);
#2619=ORIENTED_EDGE('',*,*,#2046,.F.);
#2620=ORIENTED_EDGE('',*,*,#2047,.F.);
#2621=ORIENTED_EDGE('',*,*,#2048,.T.);
#2622=ORIENTED_EDGE('',*,*,#2047,.T.);
#2623=ORIENTED_EDGE('',*,*,#2049,.F.);
#2624=ORIENTED_EDGE('',*,*,#2050,.F.);
#2625=ORIENTED_EDGE('',*,*,#2051,.F.);
#2626=ORIENTED_EDGE('',*,*,#2050,.T.);
#2627=ORIENTED_EDGE('',*,*,#2052,.F.);
#2628=ORIENTED_EDGE('',*,*,#2053,.F.);
#2629=ORIENTED_EDGE('',*,*,#2054,.F.);
#2630=ORIENTED_EDGE('',*,*,#2053,.T.);
#2631=ORIENTED_EDGE('',*,*,#2055,.F.);
#2632=ORIENTED_EDGE('',*,*,#2056,.F.);
#2633=ORIENTED_EDGE('',*,*,#2057,.T.);
#2634=ORIENTED_EDGE('',*,*,#2056,.T.);
#2635=ORIENTED_EDGE('',*,*,#2058,.F.);
#2636=ORIENTED_EDGE('',*,*,#2059,.F.);
#2637=ORIENTED_EDGE('',*,*,#2060,.T.);
#2638=ORIENTED_EDGE('',*,*,#2059,.T.);
#2639=ORIENTED_EDGE('',*,*,#2061,.F.);
#2640=ORIENTED_EDGE('',*,*,#2062,.F.);
#2641=ORIENTED_EDGE('',*,*,#2063,.F.);
#2642=ORIENTED_EDGE('',*,*,#2062,.T.);
#2643=ORIENTED_EDGE('',*,*,#2064,.F.);
#2644=ORIENTED_EDGE('',*,*,#2018,.F.);
#2645=ORIENTED_EDGE('',*,*,#2063,.T.);
#2646=ORIENTED_EDGE('',*,*,#2017,.T.);
#2647=ORIENTED_EDGE('',*,*,#2021,.T.);
#2648=ORIENTED_EDGE('',*,*,#2024,.F.);
#2649=ORIENTED_EDGE('',*,*,#2027,.F.);
#2650=ORIENTED_EDGE('',*,*,#2030,.F.);
#2651=ORIENTED_EDGE('',*,*,#2033,.F.);
#2652=ORIENTED_EDGE('',*,*,#2036,.T.);
#2653=ORIENTED_EDGE('',*,*,#2039,.T.);
#2654=ORIENTED_EDGE('',*,*,#2042,.T.);
#2655=ORIENTED_EDGE('',*,*,#2045,.F.);
#2656=ORIENTED_EDGE('',*,*,#2048,.F.);
#2657=ORIENTED_EDGE('',*,*,#2051,.T.);
#2658=ORIENTED_EDGE('',*,*,#2054,.T.);
#2659=ORIENTED_EDGE('',*,*,#2057,.F.);
#2660=ORIENTED_EDGE('',*,*,#2060,.F.);
#2661=ORIENTED_EDGE('',*,*,#2064,.T.);
#2662=ORIENTED_EDGE('',*,*,#2061,.T.);
#2663=ORIENTED_EDGE('',*,*,#2058,.T.);
#2664=ORIENTED_EDGE('',*,*,#2055,.T.);
#2665=ORIENTED_EDGE('',*,*,#2052,.T.);
#2666=ORIENTED_EDGE('',*,*,#2049,.T.);
#2667=ORIENTED_EDGE('',*,*,#2046,.T.);
#2668=ORIENTED_EDGE('',*,*,#2043,.T.);
#2669=ORIENTED_EDGE('',*,*,#2040,.T.);
#2670=ORIENTED_EDGE('',*,*,#2037,.T.);
#2671=ORIENTED_EDGE('',*,*,#2034,.T.);
#2672=ORIENTED_EDGE('',*,*,#2031,.T.);
#2673=ORIENTED_EDGE('',*,*,#2028,.T.);
#2674=ORIENTED_EDGE('',*,*,#2025,.T.);
#2675=ORIENTED_EDGE('',*,*,#2022,.T.);
#2676=ORIENTED_EDGE('',*,*,#2019,.T.);
#2677=ORIENTED_EDGE('',*,*,#2065,.F.);
#2678=ORIENTED_EDGE('',*,*,#2066,.T.);
#2679=ORIENTED_EDGE('',*,*,#2067,.F.);
#2680=ORIENTED_EDGE('',*,*,#2068,.F.);
#2681=ORIENTED_EDGE('',*,*,#2069,.T.);
#2682=ORIENTED_EDGE('',*,*,#2068,.T.);
#2683=ORIENTED_EDGE('',*,*,#2070,.F.);
#2684=ORIENTED_EDGE('',*,*,#2071,.F.);
#2685=ORIENTED_EDGE('',*,*,#2072,.T.);
#2686=ORIENTED_EDGE('',*,*,#2071,.T.);
#2687=ORIENTED_EDGE('',*,*,#2073,.F.);
#2688=ORIENTED_EDGE('',*,*,#2074,.F.);
#2689=ORIENTED_EDGE('',*,*,#2075,.T.);
#2690=ORIENTED_EDGE('',*,*,#2074,.T.);
#2691=ORIENTED_EDGE('',*,*,#2076,.F.);
#2692=ORIENTED_EDGE('',*,*,#2077,.F.);
#2693=ORIENTED_EDGE('',*,*,#2078,.T.);
#2694=ORIENTED_EDGE('',*,*,#2077,.T.);
#2695=ORIENTED_EDGE('',*,*,#2079,.F.);
#2696=ORIENTED_EDGE('',*,*,#2080,.F.);
#2697=ORIENTED_EDGE('',*,*,#2081,.T.);
#2698=ORIENTED_EDGE('',*,*,#2080,.T.);
#2699=ORIENTED_EDGE('',*,*,#2082,.F.);
#2700=ORIENTED_EDGE('',*,*,#2083,.F.);
#2701=ORIENTED_EDGE('',*,*,#2084,.T.);
#2702=ORIENTED_EDGE('',*,*,#2083,.T.);
#2703=ORIENTED_EDGE('',*,*,#2085,.F.);
#2704=ORIENTED_EDGE('',*,*,#2086,.F.);
#2705=ORIENTED_EDGE('',*,*,#2087,.F.);
#2706=ORIENTED_EDGE('',*,*,#2086,.T.);
#2707=ORIENTED_EDGE('',*,*,#2088,.F.);
#2708=ORIENTED_EDGE('',*,*,#2089,.F.);
#2709=ORIENTED_EDGE('',*,*,#2090,.F.);
#2710=ORIENTED_EDGE('',*,*,#2089,.T.);
#2711=ORIENTED_EDGE('',*,*,#2091,.F.);
#2712=ORIENTED_EDGE('',*,*,#2092,.F.);
#2713=ORIENTED_EDGE('',*,*,#2093,.F.);
#2714=ORIENTED_EDGE('',*,*,#2092,.T.);
#2715=ORIENTED_EDGE('',*,*,#2094,.F.);
#2716=ORIENTED_EDGE('',*,*,#2095,.F.);
#2717=ORIENTED_EDGE('',*,*,#2096,.T.);
#2718=ORIENTED_EDGE('',*,*,#2095,.T.);
#2719=ORIENTED_EDGE('',*,*,#2097,.F.);
#2720=ORIENTED_EDGE('',*,*,#2098,.F.);
#2721=ORIENTED_EDGE('',*,*,#2099,.T.);
#2722=ORIENTED_EDGE('',*,*,#2098,.T.);
#2723=ORIENTED_EDGE('',*,*,#2100,.F.);
#2724=ORIENTED_EDGE('',*,*,#2066,.F.);
#2725=ORIENTED_EDGE('',*,*,#2099,.F.);
#2726=ORIENTED_EDGE('',*,*,#2065,.T.);
#2727=ORIENTED_EDGE('',*,*,#2069,.F.);
#2728=ORIENTED_EDGE('',*,*,#2072,.F.);
#2729=ORIENTED_EDGE('',*,*,#2075,.F.);
#2730=ORIENTED_EDGE('',*,*,#2078,.F.);
#2731=ORIENTED_EDGE('',*,*,#2081,.F.);
#2732=ORIENTED_EDGE('',*,*,#2084,.F.);
#2733=ORIENTED_EDGE('',*,*,#2087,.T.);
#2734=ORIENTED_EDGE('',*,*,#2090,.T.);
#2735=ORIENTED_EDGE('',*,*,#2093,.T.);
#2736=ORIENTED_EDGE('',*,*,#2096,.F.);
#2737=ORIENTED_EDGE('',*,*,#2100,.T.);
#2738=ORIENTED_EDGE('',*,*,#2097,.T.);
#2739=ORIENTED_EDGE('',*,*,#2094,.T.);
#2740=ORIENTED_EDGE('',*,*,#2091,.T.);
#2741=ORIENTED_EDGE('',*,*,#2088,.T.);
#2742=ORIENTED_EDGE('',*,*,#2085,.T.);
#2743=ORIENTED_EDGE('',*,*,#2082,.T.);
#2744=ORIENTED_EDGE('',*,*,#2079,.T.);
#2745=ORIENTED_EDGE('',*,*,#2076,.T.);
#2746=ORIENTED_EDGE('',*,*,#2073,.T.);
#2747=ORIENTED_EDGE('',*,*,#2070,.T.);
#2748=ORIENTED_EDGE('',*,*,#2067,.T.);
#2749=ORIENTED_EDGE('',*,*,#2101,.T.);
#2750=ORIENTED_EDGE('',*,*,#2102,.T.);
#2751=ORIENTED_EDGE('',*,*,#2103,.F.);
#2752=ORIENTED_EDGE('',*,*,#2104,.F.);
#2753=ORIENTED_EDGE('',*,*,#2105,.T.);
#2754=ORIENTED_EDGE('',*,*,#2104,.T.);
#2755=ORIENTED_EDGE('',*,*,#2106,.F.);
#2756=ORIENTED_EDGE('',*,*,#2107,.F.);
#2757=ORIENTED_EDGE('',*,*,#2108,.T.);
#2758=ORIENTED_EDGE('',*,*,#2107,.T.);
#2759=ORIENTED_EDGE('',*,*,#2109,.F.);
#2760=ORIENTED_EDGE('',*,*,#2110,.F.);
#2761=ORIENTED_EDGE('',*,*,#2111,.T.);
#2762=ORIENTED_EDGE('',*,*,#2110,.T.);
#2763=ORIENTED_EDGE('',*,*,#2112,.F.);
#2764=ORIENTED_EDGE('',*,*,#2113,.F.);
#2765=ORIENTED_EDGE('',*,*,#2114,.T.);
#2766=ORIENTED_EDGE('',*,*,#2113,.T.);
#2767=ORIENTED_EDGE('',*,*,#2115,.F.);
#2768=ORIENTED_EDGE('',*,*,#2116,.F.);
#2769=ORIENTED_EDGE('',*,*,#2117,.T.);
#2770=ORIENTED_EDGE('',*,*,#2116,.T.);
#2771=ORIENTED_EDGE('',*,*,#2118,.F.);
#2772=ORIENTED_EDGE('',*,*,#2119,.F.);
#2773=ORIENTED_EDGE('',*,*,#2120,.T.);
#2774=ORIENTED_EDGE('',*,*,#2119,.T.);
#2775=ORIENTED_EDGE('',*,*,#2121,.F.);
#2776=ORIENTED_EDGE('',*,*,#2122,.F.);
#2777=ORIENTED_EDGE('',*,*,#2123,.F.);
#2778=ORIENTED_EDGE('',*,*,#2122,.T.);
#2779=ORIENTED_EDGE('',*,*,#2124,.F.);
#2780=ORIENTED_EDGE('',*,*,#2125,.F.);
#2781=ORIENTED_EDGE('',*,*,#2126,.T.);
#2782=ORIENTED_EDGE('',*,*,#2125,.T.);
#2783=ORIENTED_EDGE('',*,*,#2127,.F.);
#2784=ORIENTED_EDGE('',*,*,#2128,.F.);
#2785=ORIENTED_EDGE('',*,*,#2129,.T.);
#2786=ORIENTED_EDGE('',*,*,#2128,.T.);
#2787=ORIENTED_EDGE('',*,*,#2130,.F.);
#2788=ORIENTED_EDGE('',*,*,#2131,.F.);
#2789=ORIENTED_EDGE('',*,*,#2132,.F.);
#2790=ORIENTED_EDGE('',*,*,#2131,.T.);
#2791=ORIENTED_EDGE('',*,*,#2133,.F.);
#2792=ORIENTED_EDGE('',*,*,#2134,.F.);
#2793=ORIENTED_EDGE('',*,*,#2135,.T.);
#2794=ORIENTED_EDGE('',*,*,#2134,.T.);
#2795=ORIENTED_EDGE('',*,*,#2136,.F.);
#2796=ORIENTED_EDGE('',*,*,#2137,.F.);
#2797=ORIENTED_EDGE('',*,*,#2138,.T.);
#2798=ORIENTED_EDGE('',*,*,#2137,.T.);
#2799=ORIENTED_EDGE('',*,*,#2139,.F.);
#2800=ORIENTED_EDGE('',*,*,#2140,.F.);
#2801=ORIENTED_EDGE('',*,*,#2141,.F.);
#2802=ORIENTED_EDGE('',*,*,#2140,.T.);
#2803=ORIENTED_EDGE('',*,*,#2142,.F.);
#2804=ORIENTED_EDGE('',*,*,#2143,.F.);
#2805=ORIENTED_EDGE('',*,*,#2144,.F.);
#2806=ORIENTED_EDGE('',*,*,#2143,.T.);
#2807=ORIENTED_EDGE('',*,*,#2145,.F.);
#2808=ORIENTED_EDGE('',*,*,#2146,.F.);
#2809=ORIENTED_EDGE('',*,*,#2147,.T.);
#2810=ORIENTED_EDGE('',*,*,#2146,.T.);
#2811=ORIENTED_EDGE('',*,*,#2148,.F.);
#2812=ORIENTED_EDGE('',*,*,#2149,.F.);
#2813=ORIENTED_EDGE('',*,*,#2150,.T.);
#2814=ORIENTED_EDGE('',*,*,#2149,.T.);
#2815=ORIENTED_EDGE('',*,*,#2151,.F.);
#2816=ORIENTED_EDGE('',*,*,#2152,.F.);
#2817=ORIENTED_EDGE('',*,*,#2153,.T.);
#2818=ORIENTED_EDGE('',*,*,#2152,.T.);
#2819=ORIENTED_EDGE('',*,*,#2154,.F.);
#2820=ORIENTED_EDGE('',*,*,#2155,.F.);
#2821=ORIENTED_EDGE('',*,*,#2156,.F.);
#2822=ORIENTED_EDGE('',*,*,#2155,.T.);
#2823=ORIENTED_EDGE('',*,*,#2157,.F.);
#2824=ORIENTED_EDGE('',*,*,#2102,.F.);
#2825=ORIENTED_EDGE('',*,*,#2156,.T.);
#2826=ORIENTED_EDGE('',*,*,#2101,.F.);
#2827=ORIENTED_EDGE('',*,*,#2105,.F.);
#2828=ORIENTED_EDGE('',*,*,#2108,.F.);
#2829=ORIENTED_EDGE('',*,*,#2111,.F.);
#2830=ORIENTED_EDGE('',*,*,#2114,.F.);
#2831=ORIENTED_EDGE('',*,*,#2117,.F.);
#2832=ORIENTED_EDGE('',*,*,#2120,.F.);
#2833=ORIENTED_EDGE('',*,*,#2123,.T.);
#2834=ORIENTED_EDGE('',*,*,#2126,.F.);
#2835=ORIENTED_EDGE('',*,*,#2129,.F.);
#2836=ORIENTED_EDGE('',*,*,#2132,.T.);
#2837=ORIENTED_EDGE('',*,*,#2135,.F.);
#2838=ORIENTED_EDGE('',*,*,#2138,.F.);
#2839=ORIENTED_EDGE('',*,*,#2141,.T.);
#2840=ORIENTED_EDGE('',*,*,#2144,.T.);
#2841=ORIENTED_EDGE('',*,*,#2147,.F.);
#2842=ORIENTED_EDGE('',*,*,#2150,.F.);
#2843=ORIENTED_EDGE('',*,*,#2153,.F.);
#2844=ORIENTED_EDGE('',*,*,#2157,.T.);
#2845=ORIENTED_EDGE('',*,*,#2154,.T.);
#2846=ORIENTED_EDGE('',*,*,#2151,.T.);
#2847=ORIENTED_EDGE('',*,*,#2148,.T.);
#2848=ORIENTED_EDGE('',*,*,#2145,.T.);
#2849=ORIENTED_EDGE('',*,*,#2142,.T.);
#2850=ORIENTED_EDGE('',*,*,#2139,.T.);
#2851=ORIENTED_EDGE('',*,*,#2136,.T.);
#2852=ORIENTED_EDGE('',*,*,#2133,.T.);
#2853=ORIENTED_EDGE('',*,*,#2130,.T.);
#2854=ORIENTED_EDGE('',*,*,#2127,.T.);
#2855=ORIENTED_EDGE('',*,*,#2124,.T.);
#2856=ORIENTED_EDGE('',*,*,#2121,.T.);
#2857=ORIENTED_EDGE('',*,*,#2118,.T.);
#2858=ORIENTED_EDGE('',*,*,#2115,.T.);
#2859=ORIENTED_EDGE('',*,*,#2112,.T.);
#2860=ORIENTED_EDGE('',*,*,#2109,.T.);
#2861=ORIENTED_EDGE('',*,*,#2106,.T.);
#2862=ORIENTED_EDGE('',*,*,#2103,.T.);
#2863=ORIENTED_EDGE('',*,*,#2158,.F.);
#2864=ORIENTED_EDGE('',*,*,#2159,.T.);
#2865=ORIENTED_EDGE('',*,*,#2160,.T.);
#2866=ORIENTED_EDGE('',*,*,#2161,.F.);
#2867=ORIENTED_EDGE('',*,*,#2162,.F.);
#2868=ORIENTED_EDGE('',*,*,#2163,.T.);
#2869=ORIENTED_EDGE('',*,*,#2164,.T.);
#2870=ORIENTED_EDGE('',*,*,#2159,.F.);
#2871=ORIENTED_EDGE('',*,*,#2165,.F.);
#2872=ORIENTED_EDGE('',*,*,#2166,.T.);
#2873=ORIENTED_EDGE('',*,*,#2167,.T.);
#2874=ORIENTED_EDGE('',*,*,#2163,.F.);
#2875=ORIENTED_EDGE('',*,*,#2168,.F.);
#2876=ORIENTED_EDGE('',*,*,#2169,.T.);
#2877=ORIENTED_EDGE('',*,*,#2170,.T.);
#2878=ORIENTED_EDGE('',*,*,#2166,.F.);
#2879=ORIENTED_EDGE('',*,*,#2171,.F.);
#2880=ORIENTED_EDGE('',*,*,#2172,.T.);
#2881=ORIENTED_EDGE('',*,*,#2173,.T.);
#2882=ORIENTED_EDGE('',*,*,#2169,.F.);
#2883=ORIENTED_EDGE('',*,*,#2174,.F.);
#2884=ORIENTED_EDGE('',*,*,#2175,.T.);
#2885=ORIENTED_EDGE('',*,*,#2176,.T.);
#2886=ORIENTED_EDGE('',*,*,#2172,.F.);
#2887=ORIENTED_EDGE('',*,*,#2177,.F.);
#2888=ORIENTED_EDGE('',*,*,#2178,.T.);
#2889=ORIENTED_EDGE('',*,*,#2179,.T.);
#2890=ORIENTED_EDGE('',*,*,#2175,.F.);
#2891=ORIENTED_EDGE('',*,*,#2180,.T.);
#2892=ORIENTED_EDGE('',*,*,#2181,.T.);
#2893=ORIENTED_EDGE('',*,*,#2182,.T.);
#2894=ORIENTED_EDGE('',*,*,#2178,.F.);
#2895=ORIENTED_EDGE('',*,*,#2183,.F.);
#2896=ORIENTED_EDGE('',*,*,#2184,.T.);
#2897=ORIENTED_EDGE('',*,*,#2185,.T.);
#2898=ORIENTED_EDGE('',*,*,#2181,.F.);
#2899=ORIENTED_EDGE('',*,*,#2186,.F.);
#2900=ORIENTED_EDGE('',*,*,#2187,.T.);
#2901=ORIENTED_EDGE('',*,*,#2188,.T.);
#2902=ORIENTED_EDGE('',*,*,#2184,.F.);
#2903=ORIENTED_EDGE('',*,*,#2189,.T.);
#2904=ORIENTED_EDGE('',*,*,#2190,.T.);
#2905=ORIENTED_EDGE('',*,*,#2191,.T.);
#2906=ORIENTED_EDGE('',*,*,#2187,.F.);
#2907=ORIENTED_EDGE('',*,*,#2192,.F.);
#2908=ORIENTED_EDGE('',*,*,#2193,.T.);
#2909=ORIENTED_EDGE('',*,*,#2194,.T.);
#2910=ORIENTED_EDGE('',*,*,#2190,.F.);
#2911=ORIENTED_EDGE('',*,*,#2195,.F.);
#2912=ORIENTED_EDGE('',*,*,#2196,.T.);
#2913=ORIENTED_EDGE('',*,*,#2197,.T.);
#2914=ORIENTED_EDGE('',*,*,#2193,.F.);
#2915=ORIENTED_EDGE('',*,*,#2198,.T.);
#2916=ORIENTED_EDGE('',*,*,#2199,.T.);
#2917=ORIENTED_EDGE('',*,*,#2200,.T.);
#2918=ORIENTED_EDGE('',*,*,#2196,.F.);
#2919=ORIENTED_EDGE('',*,*,#2201,.T.);
#2920=ORIENTED_EDGE('',*,*,#2202,.T.);
#2921=ORIENTED_EDGE('',*,*,#2203,.T.);
#2922=ORIENTED_EDGE('',*,*,#2199,.F.);
#2923=ORIENTED_EDGE('',*,*,#2204,.F.);
#2924=ORIENTED_EDGE('',*,*,#2205,.T.);
#2925=ORIENTED_EDGE('',*,*,#2206,.T.);
#2926=ORIENTED_EDGE('',*,*,#2202,.F.);
#2927=ORIENTED_EDGE('',*,*,#2207,.F.);
#2928=ORIENTED_EDGE('',*,*,#2208,.T.);
#2929=ORIENTED_EDGE('',*,*,#2209,.T.);
#2930=ORIENTED_EDGE('',*,*,#2205,.F.);
#2931=ORIENTED_EDGE('',*,*,#2210,.F.);
#2932=ORIENTED_EDGE('',*,*,#2211,.T.);
#2933=ORIENTED_EDGE('',*,*,#2212,.T.);
#2934=ORIENTED_EDGE('',*,*,#2208,.F.);
#2935=ORIENTED_EDGE('',*,*,#2213,.T.);
#2936=ORIENTED_EDGE('',*,*,#2161,.T.);
#2937=ORIENTED_EDGE('',*,*,#2214,.T.);
#2938=ORIENTED_EDGE('',*,*,#2211,.F.);
#2939=ORIENTED_EDGE('',*,*,#2213,.F.);
#2940=ORIENTED_EDGE('',*,*,#2210,.T.);
#2941=ORIENTED_EDGE('',*,*,#2207,.T.);
#2942=ORIENTED_EDGE('',*,*,#2204,.T.);
#2943=ORIENTED_EDGE('',*,*,#2201,.F.);
#2944=ORIENTED_EDGE('',*,*,#2198,.F.);
#2945=ORIENTED_EDGE('',*,*,#2195,.T.);
#2946=ORIENTED_EDGE('',*,*,#2192,.T.);
#2947=ORIENTED_EDGE('',*,*,#2189,.F.);
#2948=ORIENTED_EDGE('',*,*,#2186,.T.);
#2949=ORIENTED_EDGE('',*,*,#2183,.T.);
#2950=ORIENTED_EDGE('',*,*,#2180,.F.);
#2951=ORIENTED_EDGE('',*,*,#2177,.T.);
#2952=ORIENTED_EDGE('',*,*,#2174,.T.);
#2953=ORIENTED_EDGE('',*,*,#2171,.T.);
#2954=ORIENTED_EDGE('',*,*,#2168,.T.);
#2955=ORIENTED_EDGE('',*,*,#2165,.T.);
#2956=ORIENTED_EDGE('',*,*,#2162,.T.);
#2957=ORIENTED_EDGE('',*,*,#2158,.T.);
#2958=ORIENTED_EDGE('',*,*,#2214,.F.);
#2959=ORIENTED_EDGE('',*,*,#2160,.F.);
#2960=ORIENTED_EDGE('',*,*,#2164,.F.);
#2961=ORIENTED_EDGE('',*,*,#2167,.F.);
#2962=ORIENTED_EDGE('',*,*,#2170,.F.);
#2963=ORIENTED_EDGE('',*,*,#2173,.F.);
#2964=ORIENTED_EDGE('',*,*,#2176,.F.);
#2965=ORIENTED_EDGE('',*,*,#2179,.F.);
#2966=ORIENTED_EDGE('',*,*,#2182,.F.);
#2967=ORIENTED_EDGE('',*,*,#2185,.F.);
#2968=ORIENTED_EDGE('',*,*,#2188,.F.);
#2969=ORIENTED_EDGE('',*,*,#2191,.F.);
#2970=ORIENTED_EDGE('',*,*,#2194,.F.);
#2971=ORIENTED_EDGE('',*,*,#2197,.F.);
#2972=ORIENTED_EDGE('',*,*,#2200,.F.);
#2973=ORIENTED_EDGE('',*,*,#2203,.F.);
#2974=ORIENTED_EDGE('',*,*,#2206,.F.);
#2975=ORIENTED_EDGE('',*,*,#2209,.F.);
#2976=ORIENTED_EDGE('',*,*,#2212,.F.);
#2977=ORIENTED_EDGE('',*,*,#2215,.F.);
#2978=ORIENTED_EDGE('',*,*,#2216,.T.);
#2979=ORIENTED_EDGE('',*,*,#2217,.F.);
#2980=ORIENTED_EDGE('',*,*,#2216,.F.);
#2981=ORIENTED_EDGE('',*,*,#2218,.F.);
#2982=ORIENTED_EDGE('',*,*,#2219,.T.);
#2983=ORIENTED_EDGE('',*,*,#2220,.F.);
#2984=ORIENTED_EDGE('',*,*,#2221,.F.);
#2985=ORIENTED_EDGE('',*,*,#2222,.T.);
#2986=ORIENTED_EDGE('',*,*,#2221,.T.);
#2987=ORIENTED_EDGE('',*,*,#2223,.F.);
#2988=ORIENTED_EDGE('',*,*,#2224,.F.);
#2989=ORIENTED_EDGE('',*,*,#2225,.T.);
#2990=ORIENTED_EDGE('',*,*,#2224,.T.);
#2991=ORIENTED_EDGE('',*,*,#2226,.F.);
#2992=ORIENTED_EDGE('',*,*,#2227,.F.);
#2993=ORIENTED_EDGE('',*,*,#2228,.T.);
#2994=ORIENTED_EDGE('',*,*,#2227,.T.);
#2995=ORIENTED_EDGE('',*,*,#2229,.F.);
#2996=ORIENTED_EDGE('',*,*,#2230,.F.);
#2997=ORIENTED_EDGE('',*,*,#2231,.T.);
#2998=ORIENTED_EDGE('',*,*,#2230,.T.);
#2999=ORIENTED_EDGE('',*,*,#2232,.F.);
#3000=ORIENTED_EDGE('',*,*,#2233,.F.);
#3001=ORIENTED_EDGE('',*,*,#2234,.T.);
#3002=ORIENTED_EDGE('',*,*,#2233,.T.);
#3003=ORIENTED_EDGE('',*,*,#2235,.F.);
#3004=ORIENTED_EDGE('',*,*,#2236,.F.);
#3005=ORIENTED_EDGE('',*,*,#2237,.T.);
#3006=ORIENTED_EDGE('',*,*,#2236,.T.);
#3007=ORIENTED_EDGE('',*,*,#2238,.F.);
#3008=ORIENTED_EDGE('',*,*,#2239,.F.);
#3009=ORIENTED_EDGE('',*,*,#2240,.F.);
#3010=ORIENTED_EDGE('',*,*,#2239,.T.);
#3011=ORIENTED_EDGE('',*,*,#2241,.F.);
#3012=ORIENTED_EDGE('',*,*,#2242,.F.);
#3013=ORIENTED_EDGE('',*,*,#2243,.F.);
#3014=ORIENTED_EDGE('',*,*,#2242,.T.);
#3015=ORIENTED_EDGE('',*,*,#2244,.F.);
#3016=ORIENTED_EDGE('',*,*,#2245,.F.);
#3017=ORIENTED_EDGE('',*,*,#2246,.T.);
#3018=ORIENTED_EDGE('',*,*,#2245,.T.);
#3019=ORIENTED_EDGE('',*,*,#2247,.F.);
#3020=ORIENTED_EDGE('',*,*,#2248,.F.);
#3021=ORIENTED_EDGE('',*,*,#2249,.F.);
#3022=ORIENTED_EDGE('',*,*,#2248,.T.);
#3023=ORIENTED_EDGE('',*,*,#2250,.F.);
#3024=ORIENTED_EDGE('',*,*,#2251,.F.);
#3025=ORIENTED_EDGE('',*,*,#2252,.F.);
#3026=ORIENTED_EDGE('',*,*,#2251,.T.);
#3027=ORIENTED_EDGE('',*,*,#2253,.F.);
#3028=ORIENTED_EDGE('',*,*,#2254,.F.);
#3029=ORIENTED_EDGE('',*,*,#2255,.F.);
#3030=ORIENTED_EDGE('',*,*,#2254,.T.);
#3031=ORIENTED_EDGE('',*,*,#2256,.F.);
#3032=ORIENTED_EDGE('',*,*,#2257,.F.);
#3033=ORIENTED_EDGE('',*,*,#2258,.F.);
#3034=ORIENTED_EDGE('',*,*,#2257,.T.);
#3035=ORIENTED_EDGE('',*,*,#2259,.F.);
#3036=ORIENTED_EDGE('',*,*,#2260,.F.);
#3037=ORIENTED_EDGE('',*,*,#2261,.F.);
#3038=ORIENTED_EDGE('',*,*,#2260,.T.);
#3039=ORIENTED_EDGE('',*,*,#2262,.F.);
#3040=ORIENTED_EDGE('',*,*,#2263,.F.);
#3041=ORIENTED_EDGE('',*,*,#2264,.T.);
#3042=ORIENTED_EDGE('',*,*,#2263,.T.);
#3043=ORIENTED_EDGE('',*,*,#2265,.F.);
#3044=ORIENTED_EDGE('',*,*,#2266,.F.);
#3045=ORIENTED_EDGE('',*,*,#2267,.F.);
#3046=ORIENTED_EDGE('',*,*,#2266,.T.);
#3047=ORIENTED_EDGE('',*,*,#2268,.F.);
#3048=ORIENTED_EDGE('',*,*,#2269,.F.);
#3049=ORIENTED_EDGE('',*,*,#2270,.F.);
#3050=ORIENTED_EDGE('',*,*,#2269,.T.);
#3051=ORIENTED_EDGE('',*,*,#2271,.F.);
#3052=ORIENTED_EDGE('',*,*,#2272,.F.);
#3053=ORIENTED_EDGE('',*,*,#2273,.F.);
#3054=ORIENTED_EDGE('',*,*,#2272,.T.);
#3055=ORIENTED_EDGE('',*,*,#2274,.F.);
#3056=ORIENTED_EDGE('',*,*,#2275,.F.);
#3057=ORIENTED_EDGE('',*,*,#2276,.T.);
#3058=ORIENTED_EDGE('',*,*,#2275,.T.);
#3059=ORIENTED_EDGE('',*,*,#2277,.F.);
#3060=ORIENTED_EDGE('',*,*,#2219,.F.);
#3061=ORIENTED_EDGE('',*,*,#2276,.F.);
#3062=ORIENTED_EDGE('',*,*,#2218,.T.);
#3063=ORIENTED_EDGE('',*,*,#2222,.F.);
#3064=ORIENTED_EDGE('',*,*,#2225,.F.);
#3065=ORIENTED_EDGE('',*,*,#2228,.F.);
#3066=ORIENTED_EDGE('',*,*,#2231,.F.);
#3067=ORIENTED_EDGE('',*,*,#2234,.F.);
#3068=ORIENTED_EDGE('',*,*,#2237,.F.);
#3069=ORIENTED_EDGE('',*,*,#2240,.T.);
#3070=ORIENTED_EDGE('',*,*,#2243,.T.);
#3071=ORIENTED_EDGE('',*,*,#2246,.F.);
#3072=ORIENTED_EDGE('',*,*,#2249,.T.);
#3073=ORIENTED_EDGE('',*,*,#2252,.T.);
#3074=ORIENTED_EDGE('',*,*,#2255,.T.);
#3075=ORIENTED_EDGE('',*,*,#2258,.T.);
#3076=ORIENTED_EDGE('',*,*,#2261,.T.);
#3077=ORIENTED_EDGE('',*,*,#2264,.F.);
#3078=ORIENTED_EDGE('',*,*,#2267,.T.);
#3079=ORIENTED_EDGE('',*,*,#2270,.T.);
#3080=ORIENTED_EDGE('',*,*,#2273,.T.);
#3081=ORIENTED_EDGE('',*,*,#2217,.T.);
#3082=ORIENTED_EDGE('',*,*,#2277,.T.);
#3083=ORIENTED_EDGE('',*,*,#2274,.T.);
#3084=ORIENTED_EDGE('',*,*,#2271,.T.);
#3085=ORIENTED_EDGE('',*,*,#2268,.T.);
#3086=ORIENTED_EDGE('',*,*,#2265,.T.);
#3087=ORIENTED_EDGE('',*,*,#2262,.T.);
#3088=ORIENTED_EDGE('',*,*,#2259,.T.);
#3089=ORIENTED_EDGE('',*,*,#2256,.T.);
#3090=ORIENTED_EDGE('',*,*,#2253,.T.);
#3091=ORIENTED_EDGE('',*,*,#2250,.T.);
#3092=ORIENTED_EDGE('',*,*,#2247,.T.);
#3093=ORIENTED_EDGE('',*,*,#2244,.T.);
#3094=ORIENTED_EDGE('',*,*,#2241,.T.);
#3095=ORIENTED_EDGE('',*,*,#2238,.T.);
#3096=ORIENTED_EDGE('',*,*,#2235,.T.);
#3097=ORIENTED_EDGE('',*,*,#2232,.T.);
#3098=ORIENTED_EDGE('',*,*,#2229,.T.);
#3099=ORIENTED_EDGE('',*,*,#2226,.T.);
#3100=ORIENTED_EDGE('',*,*,#2223,.T.);
#3101=ORIENTED_EDGE('',*,*,#2220,.T.);
#3102=ORIENTED_EDGE('',*,*,#2215,.T.);
#3103=ORIENTED_EDGE('',*,*,#2278,.T.);
#3104=ORIENTED_EDGE('',*,*,#2279,.T.);
#3105=ORIENTED_EDGE('',*,*,#2280,.T.);
#3106=ORIENTED_EDGE('',*,*,#2279,.F.);
#3107=ORIENTED_EDGE('',*,*,#2281,.T.);
#3108=ORIENTED_EDGE('',*,*,#2282,.T.);
#3109=ORIENTED_EDGE('',*,*,#2283,.T.);
#3110=ORIENTED_EDGE('',*,*,#2284,.F.);
#3111=ORIENTED_EDGE('',*,*,#2285,.F.);
#3112=ORIENTED_EDGE('',*,*,#2286,.T.);
#3113=ORIENTED_EDGE('',*,*,#2287,.T.);
#3114=ORIENTED_EDGE('',*,*,#2282,.F.);
#3115=ORIENTED_EDGE('',*,*,#2288,.F.);
#3116=ORIENTED_EDGE('',*,*,#2289,.T.);
#3117=ORIENTED_EDGE('',*,*,#2290,.T.);
#3118=ORIENTED_EDGE('',*,*,#2286,.F.);
#3119=ORIENTED_EDGE('',*,*,#2291,.F.);
#3120=ORIENTED_EDGE('',*,*,#2292,.T.);
#3121=ORIENTED_EDGE('',*,*,#2293,.T.);
#3122=ORIENTED_EDGE('',*,*,#2289,.F.);
#3123=ORIENTED_EDGE('',*,*,#2294,.F.);
#3124=ORIENTED_EDGE('',*,*,#2295,.T.);
#3125=ORIENTED_EDGE('',*,*,#2296,.T.);
#3126=ORIENTED_EDGE('',*,*,#2292,.F.);
#3127=ORIENTED_EDGE('',*,*,#2297,.F.);
#3128=ORIENTED_EDGE('',*,*,#2298,.T.);
#3129=ORIENTED_EDGE('',*,*,#2299,.T.);
#3130=ORIENTED_EDGE('',*,*,#2295,.F.);
#3131=ORIENTED_EDGE('',*,*,#2300,.F.);
#3132=ORIENTED_EDGE('',*,*,#2301,.T.);
#3133=ORIENTED_EDGE('',*,*,#2302,.T.);
#3134=ORIENTED_EDGE('',*,*,#2298,.F.);
#3135=ORIENTED_EDGE('',*,*,#2303,.T.);
#3136=ORIENTED_EDGE('',*,*,#2304,.T.);
#3137=ORIENTED_EDGE('',*,*,#2305,.T.);
#3138=ORIENTED_EDGE('',*,*,#2301,.F.);
#3139=ORIENTED_EDGE('',*,*,#2306,.T.);
#3140=ORIENTED_EDGE('',*,*,#2307,.T.);
#3141=ORIENTED_EDGE('',*,*,#2308,.T.);
#3142=ORIENTED_EDGE('',*,*,#2304,.F.);
#3143=ORIENTED_EDGE('',*,*,#2309,.F.);
#3144=ORIENTED_EDGE('',*,*,#2310,.T.);
#3145=ORIENTED_EDGE('',*,*,#2311,.T.);
#3146=ORIENTED_EDGE('',*,*,#2307,.F.);
#3147=ORIENTED_EDGE('',*,*,#2312,.T.);
#3148=ORIENTED_EDGE('',*,*,#2313,.T.);
#3149=ORIENTED_EDGE('',*,*,#2314,.T.);
#3150=ORIENTED_EDGE('',*,*,#2310,.F.);
#3151=ORIENTED_EDGE('',*,*,#2315,.T.);
#3152=ORIENTED_EDGE('',*,*,#2316,.T.);
#3153=ORIENTED_EDGE('',*,*,#2317,.T.);
#3154=ORIENTED_EDGE('',*,*,#2313,.F.);
#3155=ORIENTED_EDGE('',*,*,#2318,.T.);
#3156=ORIENTED_EDGE('',*,*,#2319,.T.);
#3157=ORIENTED_EDGE('',*,*,#2320,.T.);
#3158=ORIENTED_EDGE('',*,*,#2316,.F.);
#3159=ORIENTED_EDGE('',*,*,#2321,.T.);
#3160=ORIENTED_EDGE('',*,*,#2322,.T.);
#3161=ORIENTED_EDGE('',*,*,#2323,.T.);
#3162=ORIENTED_EDGE('',*,*,#2319,.F.);
#3163=ORIENTED_EDGE('',*,*,#2324,.T.);
#3164=ORIENTED_EDGE('',*,*,#2325,.T.);
#3165=ORIENTED_EDGE('',*,*,#2326,.T.);
#3166=ORIENTED_EDGE('',*,*,#2322,.F.);
#3167=ORIENTED_EDGE('',*,*,#2327,.F.);
#3168=ORIENTED_EDGE('',*,*,#2328,.T.);
#3169=ORIENTED_EDGE('',*,*,#2329,.T.);
#3170=ORIENTED_EDGE('',*,*,#2325,.F.);
#3171=ORIENTED_EDGE('',*,*,#2330,.T.);
#3172=ORIENTED_EDGE('',*,*,#2331,.T.);
#3173=ORIENTED_EDGE('',*,*,#2332,.T.);
#3174=ORIENTED_EDGE('',*,*,#2328,.F.);
#3175=ORIENTED_EDGE('',*,*,#2333,.T.);
#3176=ORIENTED_EDGE('',*,*,#2334,.T.);
#3177=ORIENTED_EDGE('',*,*,#2335,.T.);
#3178=ORIENTED_EDGE('',*,*,#2331,.F.);
#3179=ORIENTED_EDGE('',*,*,#2336,.T.);
#3180=ORIENTED_EDGE('',*,*,#2337,.T.);
#3181=ORIENTED_EDGE('',*,*,#2338,.T.);
#3182=ORIENTED_EDGE('',*,*,#2334,.F.);
#3183=ORIENTED_EDGE('',*,*,#2339,.F.);
#3184=ORIENTED_EDGE('',*,*,#2284,.T.);
#3185=ORIENTED_EDGE('',*,*,#2340,.T.);
#3186=ORIENTED_EDGE('',*,*,#2337,.F.);
#3187=ORIENTED_EDGE('',*,*,#2339,.T.);
#3188=ORIENTED_EDGE('',*,*,#2336,.F.);
#3189=ORIENTED_EDGE('',*,*,#2333,.F.);
#3190=ORIENTED_EDGE('',*,*,#2330,.F.);
#3191=ORIENTED_EDGE('',*,*,#2327,.T.);
#3192=ORIENTED_EDGE('',*,*,#2324,.F.);
#3193=ORIENTED_EDGE('',*,*,#2321,.F.);
#3194=ORIENTED_EDGE('',*,*,#2318,.F.);
#3195=ORIENTED_EDGE('',*,*,#2315,.F.);
#3196=ORIENTED_EDGE('',*,*,#2312,.F.);
#3197=ORIENTED_EDGE('',*,*,#2309,.T.);
#3198=ORIENTED_EDGE('',*,*,#2306,.F.);
#3199=ORIENTED_EDGE('',*,*,#2303,.F.);
#3200=ORIENTED_EDGE('',*,*,#2300,.T.);
#3201=ORIENTED_EDGE('',*,*,#2297,.T.);
#3202=ORIENTED_EDGE('',*,*,#2294,.T.);
#3203=ORIENTED_EDGE('',*,*,#2291,.T.);
#3204=ORIENTED_EDGE('',*,*,#2288,.T.);
#3205=ORIENTED_EDGE('',*,*,#2285,.T.);
#3206=ORIENTED_EDGE('',*,*,#2281,.F.);
#3207=ORIENTED_EDGE('',*,*,#2280,.F.);
#3208=ORIENTED_EDGE('',*,*,#2340,.F.);
#3209=ORIENTED_EDGE('',*,*,#2283,.F.);
#3210=ORIENTED_EDGE('',*,*,#2287,.F.);
#3211=ORIENTED_EDGE('',*,*,#2290,.F.);
#3212=ORIENTED_EDGE('',*,*,#2293,.F.);
#3213=ORIENTED_EDGE('',*,*,#2296,.F.);
#3214=ORIENTED_EDGE('',*,*,#2299,.F.);
#3215=ORIENTED_EDGE('',*,*,#2302,.F.);
#3216=ORIENTED_EDGE('',*,*,#2305,.F.);
#3217=ORIENTED_EDGE('',*,*,#2308,.F.);
#3218=ORIENTED_EDGE('',*,*,#2311,.F.);
#3219=ORIENTED_EDGE('',*,*,#2314,.F.);
#3220=ORIENTED_EDGE('',*,*,#2317,.F.);
#3221=ORIENTED_EDGE('',*,*,#2320,.F.);
#3222=ORIENTED_EDGE('',*,*,#2323,.F.);
#3223=ORIENTED_EDGE('',*,*,#2326,.F.);
#3224=ORIENTED_EDGE('',*,*,#2329,.F.);
#3225=ORIENTED_EDGE('',*,*,#2332,.F.);
#3226=ORIENTED_EDGE('',*,*,#2335,.F.);
#3227=ORIENTED_EDGE('',*,*,#2338,.F.);
#3228=ORIENTED_EDGE('',*,*,#2278,.F.);
#3229=ORIENTED_EDGE('',*,*,#2341,.F.);
#3230=ORIENTED_EDGE('',*,*,#2342,.T.);
#3231=ORIENTED_EDGE('',*,*,#2343,.F.);
#3232=ORIENTED_EDGE('',*,*,#2344,.F.);
#3233=ORIENTED_EDGE('',*,*,#2345,.F.);
#3234=ORIENTED_EDGE('',*,*,#2344,.T.);
#3235=ORIENTED_EDGE('',*,*,#2346,.F.);
#3236=ORIENTED_EDGE('',*,*,#2347,.F.);
#3237=ORIENTED_EDGE('',*,*,#2348,.F.);
#3238=ORIENTED_EDGE('',*,*,#2347,.T.);
#3239=ORIENTED_EDGE('',*,*,#2349,.F.);
#3240=ORIENTED_EDGE('',*,*,#2350,.F.);
#3241=ORIENTED_EDGE('',*,*,#2351,.F.);
#3242=ORIENTED_EDGE('',*,*,#2350,.T.);
#3243=ORIENTED_EDGE('',*,*,#2352,.F.);
#3244=ORIENTED_EDGE('',*,*,#2353,.F.);
#3245=ORIENTED_EDGE('',*,*,#2354,.F.);
#3246=ORIENTED_EDGE('',*,*,#2353,.T.);
#3247=ORIENTED_EDGE('',*,*,#2355,.F.);
#3248=ORIENTED_EDGE('',*,*,#2356,.F.);
#3249=ORIENTED_EDGE('',*,*,#2357,.T.);
#3250=ORIENTED_EDGE('',*,*,#2356,.T.);
#3251=ORIENTED_EDGE('',*,*,#2358,.F.);
#3252=ORIENTED_EDGE('',*,*,#2359,.F.);
#3253=ORIENTED_EDGE('',*,*,#2360,.T.);
#3254=ORIENTED_EDGE('',*,*,#2359,.T.);
#3255=ORIENTED_EDGE('',*,*,#2361,.F.);
#3256=ORIENTED_EDGE('',*,*,#2362,.F.);
#3257=ORIENTED_EDGE('',*,*,#2363,.T.);
#3258=ORIENTED_EDGE('',*,*,#2362,.T.);
#3259=ORIENTED_EDGE('',*,*,#2364,.F.);
#3260=ORIENTED_EDGE('',*,*,#2365,.F.);
#3261=ORIENTED_EDGE('',*,*,#2366,.T.);
#3262=ORIENTED_EDGE('',*,*,#2365,.T.);
#3263=ORIENTED_EDGE('',*,*,#2367,.F.);
#3264=ORIENTED_EDGE('',*,*,#2368,.F.);
#3265=ORIENTED_EDGE('',*,*,#2369,.T.);
#3266=ORIENTED_EDGE('',*,*,#2368,.T.);
#3267=ORIENTED_EDGE('',*,*,#2370,.F.);
#3268=ORIENTED_EDGE('',*,*,#2371,.F.);
#3269=ORIENTED_EDGE('',*,*,#2372,.F.);
#3270=ORIENTED_EDGE('',*,*,#2371,.T.);
#3271=ORIENTED_EDGE('',*,*,#2373,.F.);
#3272=ORIENTED_EDGE('',*,*,#2374,.F.);
#3273=ORIENTED_EDGE('',*,*,#2375,.T.);
#3274=ORIENTED_EDGE('',*,*,#2374,.T.);
#3275=ORIENTED_EDGE('',*,*,#2376,.F.);
#3276=ORIENTED_EDGE('',*,*,#2377,.F.);
#3277=ORIENTED_EDGE('',*,*,#2378,.T.);
#3278=ORIENTED_EDGE('',*,*,#2377,.T.);
#3279=ORIENTED_EDGE('',*,*,#2379,.F.);
#3280=ORIENTED_EDGE('',*,*,#2380,.F.);
#3281=ORIENTED_EDGE('',*,*,#2381,.F.);
#3282=ORIENTED_EDGE('',*,*,#2380,.T.);
#3283=ORIENTED_EDGE('',*,*,#2382,.F.);
#3284=ORIENTED_EDGE('',*,*,#2383,.F.);
#3285=ORIENTED_EDGE('',*,*,#2384,.F.);
#3286=ORIENTED_EDGE('',*,*,#2383,.T.);
#3287=ORIENTED_EDGE('',*,*,#2385,.F.);
#3288=ORIENTED_EDGE('',*,*,#2386,.F.);
#3289=ORIENTED_EDGE('',*,*,#2387,.T.);
#3290=ORIENTED_EDGE('',*,*,#2386,.T.);
#3291=ORIENTED_EDGE('',*,*,#2388,.F.);
#3292=ORIENTED_EDGE('',*,*,#2389,.F.);
#3293=ORIENTED_EDGE('',*,*,#2390,.F.);
#3294=ORIENTED_EDGE('',*,*,#2389,.T.);
#3295=ORIENTED_EDGE('',*,*,#2391,.F.);
#3296=ORIENTED_EDGE('',*,*,#2392,.F.);
#3297=ORIENTED_EDGE('',*,*,#2393,.F.);
#3298=ORIENTED_EDGE('',*,*,#2392,.T.);
#3299=ORIENTED_EDGE('',*,*,#2394,.F.);
#3300=ORIENTED_EDGE('',*,*,#2395,.F.);
#3301=ORIENTED_EDGE('',*,*,#2396,.T.);
#3302=ORIENTED_EDGE('',*,*,#2395,.T.);
#3303=ORIENTED_EDGE('',*,*,#2397,.F.);
#3304=ORIENTED_EDGE('',*,*,#2398,.F.);
#3305=ORIENTED_EDGE('',*,*,#2399,.F.);
#3306=ORIENTED_EDGE('',*,*,#2398,.T.);
#3307=ORIENTED_EDGE('',*,*,#2400,.F.);
#3308=ORIENTED_EDGE('',*,*,#2342,.F.);
#3309=ORIENTED_EDGE('',*,*,#2399,.T.);
#3310=ORIENTED_EDGE('',*,*,#2341,.T.);
#3311=ORIENTED_EDGE('',*,*,#2345,.T.);
#3312=ORIENTED_EDGE('',*,*,#2348,.T.);
#3313=ORIENTED_EDGE('',*,*,#2351,.T.);
#3314=ORIENTED_EDGE('',*,*,#2354,.T.);
#3315=ORIENTED_EDGE('',*,*,#2357,.F.);
#3316=ORIENTED_EDGE('',*,*,#2360,.F.);
#3317=ORIENTED_EDGE('',*,*,#2363,.F.);
#3318=ORIENTED_EDGE('',*,*,#2366,.F.);
#3319=ORIENTED_EDGE('',*,*,#2369,.F.);
#3320=ORIENTED_EDGE('',*,*,#2372,.T.);
#3321=ORIENTED_EDGE('',*,*,#2375,.F.);
#3322=ORIENTED_EDGE('',*,*,#2378,.F.);
#3323=ORIENTED_EDGE('',*,*,#2381,.T.);
#3324=ORIENTED_EDGE('',*,*,#2384,.T.);
#3325=ORIENTED_EDGE('',*,*,#2387,.F.);
#3326=ORIENTED_EDGE('',*,*,#2390,.T.);
#3327=ORIENTED_EDGE('',*,*,#2393,.T.);
#3328=ORIENTED_EDGE('',*,*,#2396,.F.);
#3329=ORIENTED_EDGE('',*,*,#2400,.T.);
#3330=ORIENTED_EDGE('',*,*,#2397,.T.);
#3331=ORIENTED_EDGE('',*,*,#2394,.T.);
#3332=ORIENTED_EDGE('',*,*,#2391,.T.);
#3333=ORIENTED_EDGE('',*,*,#2388,.T.);
#3334=ORIENTED_EDGE('',*,*,#2385,.T.);
#3335=ORIENTED_EDGE('',*,*,#2382,.T.);
#3336=ORIENTED_EDGE('',*,*,#2379,.T.);
#3337=ORIENTED_EDGE('',*,*,#2376,.T.);
#3338=ORIENTED_EDGE('',*,*,#2373,.T.);
#3339=ORIENTED_EDGE('',*,*,#2370,.T.);
#3340=ORIENTED_EDGE('',*,*,#2367,.T.);
#3341=ORIENTED_EDGE('',*,*,#2364,.T.);
#3342=ORIENTED_EDGE('',*,*,#2361,.T.);
#3343=ORIENTED_EDGE('',*,*,#2358,.T.);
#3344=ORIENTED_EDGE('',*,*,#2355,.T.);
#3345=ORIENTED_EDGE('',*,*,#2352,.T.);
#3346=ORIENTED_EDGE('',*,*,#2349,.T.);
#3347=ORIENTED_EDGE('',*,*,#2346,.T.);
#3348=ORIENTED_EDGE('',*,*,#2343,.T.);
#3349=ORIENTED_EDGE('',*,*,#2401,.F.);
#3350=ORIENTED_EDGE('',*,*,#2402,.T.);
#3351=ORIENTED_EDGE('',*,*,#2403,.T.);
#3352=ORIENTED_EDGE('',*,*,#2402,.F.);
#3353=ORIENTED_EDGE('',*,*,#2404,.F.);
#3354=ORIENTED_EDGE('',*,*,#2405,.T.);
#3355=ORIENTED_EDGE('',*,*,#2406,.F.);
#3356=ORIENTED_EDGE('',*,*,#2407,.F.);
#3357=ORIENTED_EDGE('',*,*,#2408,.T.);
#3358=ORIENTED_EDGE('',*,*,#2407,.T.);
#3359=ORIENTED_EDGE('',*,*,#2409,.F.);
#3360=ORIENTED_EDGE('',*,*,#2410,.F.);
#3361=ORIENTED_EDGE('',*,*,#2411,.T.);
#3362=ORIENTED_EDGE('',*,*,#2410,.T.);
#3363=ORIENTED_EDGE('',*,*,#2412,.F.);
#3364=ORIENTED_EDGE('',*,*,#2413,.F.);
#3365=ORIENTED_EDGE('',*,*,#2414,.F.);
#3366=ORIENTED_EDGE('',*,*,#2413,.T.);
#3367=ORIENTED_EDGE('',*,*,#2415,.F.);
#3368=ORIENTED_EDGE('',*,*,#2416,.F.);
#3369=ORIENTED_EDGE('',*,*,#2417,.T.);
#3370=ORIENTED_EDGE('',*,*,#2416,.T.);
#3371=ORIENTED_EDGE('',*,*,#2418,.F.);
#3372=ORIENTED_EDGE('',*,*,#2419,.F.);
#3373=ORIENTED_EDGE('',*,*,#2420,.T.);
#3374=ORIENTED_EDGE('',*,*,#2419,.T.);
#3375=ORIENTED_EDGE('',*,*,#2421,.F.);
#3376=ORIENTED_EDGE('',*,*,#2422,.F.);
#3377=ORIENTED_EDGE('',*,*,#2423,.T.);
#3378=ORIENTED_EDGE('',*,*,#2422,.T.);
#3379=ORIENTED_EDGE('',*,*,#2424,.F.);
#3380=ORIENTED_EDGE('',*,*,#2405,.F.);
#3381=ORIENTED_EDGE('',*,*,#2424,.T.);
#3382=ORIENTED_EDGE('',*,*,#2421,.T.);
#3383=ORIENTED_EDGE('',*,*,#2418,.T.);
#3384=ORIENTED_EDGE('',*,*,#2415,.T.);
#3385=ORIENTED_EDGE('',*,*,#2412,.T.);
#3386=ORIENTED_EDGE('',*,*,#2409,.T.);
#3387=ORIENTED_EDGE('',*,*,#2406,.T.);
#3388=ORIENTED_EDGE('',*,*,#2401,.T.);
#3389=ORIENTED_EDGE('',*,*,#2423,.F.);
#3390=ORIENTED_EDGE('',*,*,#2404,.T.);
#3391=ORIENTED_EDGE('',*,*,#2408,.F.);
#3392=ORIENTED_EDGE('',*,*,#2411,.F.);
#3393=ORIENTED_EDGE('',*,*,#2414,.T.);
#3394=ORIENTED_EDGE('',*,*,#2417,.F.);
#3395=ORIENTED_EDGE('',*,*,#2420,.F.);
#3396=ORIENTED_EDGE('',*,*,#2403,.F.);
#3397=ORIENTED_EDGE('',*,*,#2425,.T.);
#3398=ORIENTED_EDGE('',*,*,#2426,.T.);
#3399=ORIENTED_EDGE('',*,*,#2427,.F.);
#3400=ORIENTED_EDGE('',*,*,#2426,.F.);
#3401=ORIENTED_EDGE('',*,*,#2428,.T.);
#3402=ORIENTED_EDGE('',*,*,#2429,.T.);
#3403=ORIENTED_EDGE('',*,*,#2430,.T.);
#3404=ORIENTED_EDGE('',*,*,#2431,.F.);
#3405=ORIENTED_EDGE('',*,*,#2432,.F.);
#3406=ORIENTED_EDGE('',*,*,#2433,.T.);
#3407=ORIENTED_EDGE('',*,*,#2434,.T.);
#3408=ORIENTED_EDGE('',*,*,#2429,.F.);
#3409=ORIENTED_EDGE('',*,*,#2435,.F.);
#3410=ORIENTED_EDGE('',*,*,#2436,.T.);
#3411=ORIENTED_EDGE('',*,*,#2437,.T.);
#3412=ORIENTED_EDGE('',*,*,#2433,.F.);
#3413=ORIENTED_EDGE('',*,*,#2438,.T.);
#3414=ORIENTED_EDGE('',*,*,#2439,.T.);
#3415=ORIENTED_EDGE('',*,*,#2440,.T.);
#3416=ORIENTED_EDGE('',*,*,#2436,.F.);
#3417=ORIENTED_EDGE('',*,*,#2441,.F.);
#3418=ORIENTED_EDGE('',*,*,#2442,.T.);
#3419=ORIENTED_EDGE('',*,*,#2443,.T.);
#3420=ORIENTED_EDGE('',*,*,#2439,.F.);
#3421=ORIENTED_EDGE('',*,*,#2444,.F.);
#3422=ORIENTED_EDGE('',*,*,#2445,.T.);
#3423=ORIENTED_EDGE('',*,*,#2446,.T.);
#3424=ORIENTED_EDGE('',*,*,#2442,.F.);
#3425=ORIENTED_EDGE('',*,*,#2447,.F.);
#3426=ORIENTED_EDGE('',*,*,#2431,.T.);
#3427=ORIENTED_EDGE('',*,*,#2448,.T.);
#3428=ORIENTED_EDGE('',*,*,#2445,.F.);
#3429=ORIENTED_EDGE('',*,*,#2448,.F.);
#3430=ORIENTED_EDGE('',*,*,#2430,.F.);
#3431=ORIENTED_EDGE('',*,*,#2434,.F.);
#3432=ORIENTED_EDGE('',*,*,#2437,.F.);
#3433=ORIENTED_EDGE('',*,*,#2440,.F.);
#3434=ORIENTED_EDGE('',*,*,#2443,.F.);
#3435=ORIENTED_EDGE('',*,*,#2446,.F.);
#3436=ORIENTED_EDGE('',*,*,#2425,.F.);
#3437=ORIENTED_EDGE('',*,*,#2447,.T.);
#3438=ORIENTED_EDGE('',*,*,#2444,.T.);
#3439=ORIENTED_EDGE('',*,*,#2441,.T.);
#3440=ORIENTED_EDGE('',*,*,#2438,.F.);
#3441=ORIENTED_EDGE('',*,*,#2435,.T.);
#3442=ORIENTED_EDGE('',*,*,#2432,.T.);
#3443=ORIENTED_EDGE('',*,*,#2428,.F.);
#3444=ORIENTED_EDGE('',*,*,#2427,.T.);
#3445=ORIENTED_EDGE('',*,*,#2449,.T.);
#3446=ORIENTED_EDGE('',*,*,#2450,.T.);
#3447=ORIENTED_EDGE('',*,*,#2451,.T.);
#3448=ORIENTED_EDGE('',*,*,#2452,.F.);
#3449=ORIENTED_EDGE('',*,*,#2453,.F.);
#3450=ORIENTED_EDGE('',*,*,#2454,.T.);
#3451=ORIENTED_EDGE('',*,*,#2455,.T.);
#3452=ORIENTED_EDGE('',*,*,#2456,.F.);
#3453=ORIENTED_EDGE('',*,*,#2457,.T.);
#3454=ORIENTED_EDGE('',*,*,#2458,.T.);
#3455=ORIENTED_EDGE('',*,*,#2459,.T.);
#3456=ORIENTED_EDGE('',*,*,#2454,.F.);
#3457=ORIENTED_EDGE('',*,*,#2460,.F.);
#3458=ORIENTED_EDGE('',*,*,#2461,.T.);
#3459=ORIENTED_EDGE('',*,*,#2462,.T.);
#3460=ORIENTED_EDGE('',*,*,#2458,.F.);
#3461=ORIENTED_EDGE('',*,*,#2463,.F.);
#3462=ORIENTED_EDGE('',*,*,#2452,.T.);
#3463=ORIENTED_EDGE('',*,*,#2464,.T.);
#3464=ORIENTED_EDGE('',*,*,#2461,.F.);
#3465=ORIENTED_EDGE('',*,*,#2465,.F.);
#3466=ORIENTED_EDGE('',*,*,#2466,.T.);
#3467=ORIENTED_EDGE('',*,*,#2467,.F.);
#3468=ORIENTED_EDGE('',*,*,#2450,.F.);
#3469=ORIENTED_EDGE('',*,*,#2468,.T.);
#3470=ORIENTED_EDGE('',*,*,#2456,.T.);
#3471=ORIENTED_EDGE('',*,*,#2469,.F.);
#3472=ORIENTED_EDGE('',*,*,#2470,.F.);
#3473=ORIENTED_EDGE('',*,*,#2471,.F.);
#3474=ORIENTED_EDGE('',*,*,#2470,.T.);
#3475=ORIENTED_EDGE('',*,*,#2472,.F.);
#3476=ORIENTED_EDGE('',*,*,#2473,.F.);
#3477=ORIENTED_EDGE('',*,*,#2474,.T.);
#3478=ORIENTED_EDGE('',*,*,#2473,.T.);
#3479=ORIENTED_EDGE('',*,*,#2475,.F.);
#3480=ORIENTED_EDGE('',*,*,#2476,.F.);
#3481=ORIENTED_EDGE('',*,*,#2477,.T.);
#3482=ORIENTED_EDGE('',*,*,#2476,.T.);
#3483=ORIENTED_EDGE('',*,*,#2478,.F.);
#3484=ORIENTED_EDGE('',*,*,#2466,.F.);
#3485=ORIENTED_EDGE('',*,*,#2478,.T.);
#3486=ORIENTED_EDGE('',*,*,#2475,.T.);
#3487=ORIENTED_EDGE('',*,*,#2472,.T.);
#3488=ORIENTED_EDGE('',*,*,#2469,.T.);
#3489=ORIENTED_EDGE('',*,*,#2455,.F.);
#3490=ORIENTED_EDGE('',*,*,#2459,.F.);
#3491=ORIENTED_EDGE('',*,*,#2462,.F.);
#3492=ORIENTED_EDGE('',*,*,#2464,.F.);
#3493=ORIENTED_EDGE('',*,*,#2451,.F.);
#3494=ORIENTED_EDGE('',*,*,#2467,.T.);
#3495=ORIENTED_EDGE('',*,*,#2477,.F.);
#3496=ORIENTED_EDGE('',*,*,#2465,.T.);
#3497=ORIENTED_EDGE('',*,*,#2449,.F.);
#3498=ORIENTED_EDGE('',*,*,#2463,.T.);
#3499=ORIENTED_EDGE('',*,*,#2460,.T.);
#3500=ORIENTED_EDGE('',*,*,#2457,.F.);
#3501=ORIENTED_EDGE('',*,*,#2453,.T.);
#3502=ORIENTED_EDGE('',*,*,#2468,.F.);
#3503=ORIENTED_EDGE('',*,*,#2471,.T.);
#3504=ORIENTED_EDGE('',*,*,#2474,.F.);
#3505=ORIENTED_EDGE('',*,*,#2479,.T.);
#3506=ORIENTED_EDGE('',*,*,#2480,.T.);
#3507=ORIENTED_EDGE('',*,*,#2481,.T.);
#3508=ORIENTED_EDGE('',*,*,#2482,.F.);
#3509=ORIENTED_EDGE('',*,*,#2483,.T.);
#3510=ORIENTED_EDGE('',*,*,#2484,.T.);
#3511=ORIENTED_EDGE('',*,*,#2485,.T.);
#3512=ORIENTED_EDGE('',*,*,#2480,.F.);
#3513=ORIENTED_EDGE('',*,*,#2486,.T.);
#3514=ORIENTED_EDGE('',*,*,#2487,.T.);
#3515=ORIENTED_EDGE('',*,*,#2488,.T.);
#3516=ORIENTED_EDGE('',*,*,#2484,.F.);
#3517=ORIENTED_EDGE('',*,*,#2489,.T.);
#3518=ORIENTED_EDGE('',*,*,#2490,.T.);
#3519=ORIENTED_EDGE('',*,*,#2491,.T.);
#3520=ORIENTED_EDGE('',*,*,#2487,.F.);
#3521=ORIENTED_EDGE('',*,*,#2492,.F.);
#3522=ORIENTED_EDGE('',*,*,#2482,.T.);
#3523=ORIENTED_EDGE('',*,*,#2493,.T.);
#3524=ORIENTED_EDGE('',*,*,#2494,.F.);
#3525=ORIENTED_EDGE('',*,*,#2495,.F.);
#3526=ORIENTED_EDGE('',*,*,#2496,.T.);
#3527=ORIENTED_EDGE('',*,*,#2497,.F.);
#3528=ORIENTED_EDGE('',*,*,#2498,.F.);
#3529=ORIENTED_EDGE('',*,*,#2499,.F.);
#3530=ORIENTED_EDGE('',*,*,#2498,.T.);
#3531=ORIENTED_EDGE('',*,*,#2500,.F.);
#3532=ORIENTED_EDGE('',*,*,#2501,.F.);
#3533=ORIENTED_EDGE('',*,*,#2502,.F.);
#3534=ORIENTED_EDGE('',*,*,#2501,.T.);
#3535=ORIENTED_EDGE('',*,*,#2503,.F.);
#3536=ORIENTED_EDGE('',*,*,#2504,.F.);
#3537=ORIENTED_EDGE('',*,*,#2505,.F.);
#3538=ORIENTED_EDGE('',*,*,#2504,.T.);
#3539=ORIENTED_EDGE('',*,*,#2506,.F.);
#3540=ORIENTED_EDGE('',*,*,#2490,.F.);
#3541=ORIENTED_EDGE('',*,*,#2507,.T.);
#3542=ORIENTED_EDGE('',*,*,#2494,.T.);
#3543=ORIENTED_EDGE('',*,*,#2508,.F.);
#3544=ORIENTED_EDGE('',*,*,#2496,.F.);
#3545=ORIENTED_EDGE('',*,*,#2508,.T.);
#3546=ORIENTED_EDGE('',*,*,#2493,.F.);
#3547=ORIENTED_EDGE('',*,*,#2481,.F.);
#3548=ORIENTED_EDGE('',*,*,#2485,.F.);
#3549=ORIENTED_EDGE('',*,*,#2488,.F.);
#3550=ORIENTED_EDGE('',*,*,#2491,.F.);
#3551=ORIENTED_EDGE('',*,*,#2506,.T.);
#3552=ORIENTED_EDGE('',*,*,#2503,.T.);
#3553=ORIENTED_EDGE('',*,*,#2500,.T.);
#3554=ORIENTED_EDGE('',*,*,#2497,.T.);
#3555=ORIENTED_EDGE('',*,*,#2507,.F.);
#3556=ORIENTED_EDGE('',*,*,#2495,.T.);
#3557=ORIENTED_EDGE('',*,*,#2499,.T.);
#3558=ORIENTED_EDGE('',*,*,#2502,.T.);
#3559=ORIENTED_EDGE('',*,*,#2505,.T.);
#3560=ORIENTED_EDGE('',*,*,#2489,.F.);
#3561=ORIENTED_EDGE('',*,*,#2486,.F.);
#3562=ORIENTED_EDGE('',*,*,#2483,.F.);
#3563=ORIENTED_EDGE('',*,*,#2479,.F.);
#3564=ORIENTED_EDGE('',*,*,#2492,.T.);
#3565=ORIENTED_EDGE('',*,*,#2509,.T.);
#3566=ORIENTED_EDGE('',*,*,#2510,.T.);
#3567=ORIENTED_EDGE('',*,*,#2511,.T.);
#3568=ORIENTED_EDGE('',*,*,#2512,.F.);
#3569=ORIENTED_EDGE('',*,*,#2513,.F.);
#3570=ORIENTED_EDGE('',*,*,#2514,.T.);
#3571=ORIENTED_EDGE('',*,*,#2515,.T.);
#3572=ORIENTED_EDGE('',*,*,#2516,.F.);
#3573=ORIENTED_EDGE('',*,*,#2517,.F.);
#3574=ORIENTED_EDGE('',*,*,#2518,.T.);
#3575=ORIENTED_EDGE('',*,*,#2519,.T.);
#3576=ORIENTED_EDGE('',*,*,#2514,.F.);
#3577=ORIENTED_EDGE('',*,*,#2520,.F.);
#3578=ORIENTED_EDGE('',*,*,#2521,.T.);
#3579=ORIENTED_EDGE('',*,*,#2522,.T.);
#3580=ORIENTED_EDGE('',*,*,#2518,.F.);
#3581=ORIENTED_EDGE('',*,*,#2523,.F.);
#3582=ORIENTED_EDGE('',*,*,#2524,.T.);
#3583=ORIENTED_EDGE('',*,*,#2525,.T.);
#3584=ORIENTED_EDGE('',*,*,#2521,.F.);
#3585=ORIENTED_EDGE('',*,*,#2526,.T.);
#3586=ORIENTED_EDGE('',*,*,#2527,.T.);
#3587=ORIENTED_EDGE('',*,*,#2528,.T.);
#3588=ORIENTED_EDGE('',*,*,#2524,.F.);
#3589=ORIENTED_EDGE('',*,*,#2529,.F.);
#3590=ORIENTED_EDGE('',*,*,#2530,.T.);
#3591=ORIENTED_EDGE('',*,*,#2531,.T.);
#3592=ORIENTED_EDGE('',*,*,#2527,.F.);
#3593=ORIENTED_EDGE('',*,*,#2532,.F.);
#3594=ORIENTED_EDGE('',*,*,#2533,.T.);
#3595=ORIENTED_EDGE('',*,*,#2534,.T.);
#3596=ORIENTED_EDGE('',*,*,#2530,.F.);
#3597=ORIENTED_EDGE('',*,*,#2535,.T.);
#3598=ORIENTED_EDGE('',*,*,#2536,.T.);
#3599=ORIENTED_EDGE('',*,*,#2537,.T.);
#3600=ORIENTED_EDGE('',*,*,#2533,.F.);
#3601=ORIENTED_EDGE('',*,*,#2538,.F.);
#3602=ORIENTED_EDGE('',*,*,#2539,.T.);
#3603=ORIENTED_EDGE('',*,*,#2540,.T.);
#3604=ORIENTED_EDGE('',*,*,#2536,.F.);
#3605=ORIENTED_EDGE('',*,*,#2541,.F.);
#3606=ORIENTED_EDGE('',*,*,#2512,.T.);
#3607=ORIENTED_EDGE('',*,*,#2542,.T.);
#3608=ORIENTED_EDGE('',*,*,#2539,.F.);
#3609=ORIENTED_EDGE('',*,*,#2543,.F.);
#3610=ORIENTED_EDGE('',*,*,#2544,.T.);
#3611=ORIENTED_EDGE('',*,*,#2545,.F.);
#3612=ORIENTED_EDGE('',*,*,#2546,.F.);
#3613=ORIENTED_EDGE('',*,*,#2547,.F.);
#3614=ORIENTED_EDGE('',*,*,#2546,.T.);
#3615=ORIENTED_EDGE('',*,*,#2548,.T.);
#3616=ORIENTED_EDGE('',*,*,#2510,.F.);
#3617=ORIENTED_EDGE('',*,*,#2549,.T.);
#3618=ORIENTED_EDGE('',*,*,#2516,.T.);
#3619=ORIENTED_EDGE('',*,*,#2550,.F.);
#3620=ORIENTED_EDGE('',*,*,#2551,.F.);
#3621=ORIENTED_EDGE('',*,*,#2552,.T.);
#3622=ORIENTED_EDGE('',*,*,#2551,.T.);
#3623=ORIENTED_EDGE('',*,*,#2553,.F.);
#3624=ORIENTED_EDGE('',*,*,#2554,.F.);
#3625=ORIENTED_EDGE('',*,*,#2555,.T.);
#3626=ORIENTED_EDGE('',*,*,#2554,.T.);
#3627=ORIENTED_EDGE('',*,*,#2556,.F.);
#3628=ORIENTED_EDGE('',*,*,#2557,.F.);
#3629=ORIENTED_EDGE('',*,*,#2558,.T.);
#3630=ORIENTED_EDGE('',*,*,#2557,.T.);
#3631=ORIENTED_EDGE('',*,*,#2559,.F.);
#3632=ORIENTED_EDGE('',*,*,#2560,.F.);
#3633=ORIENTED_EDGE('',*,*,#2561,.T.);
#3634=ORIENTED_EDGE('',*,*,#2560,.T.);
#3635=ORIENTED_EDGE('',*,*,#2562,.F.);
#3636=ORIENTED_EDGE('',*,*,#2563,.F.);
#3637=ORIENTED_EDGE('',*,*,#2564,.F.);
#3638=ORIENTED_EDGE('',*,*,#2563,.T.);
#3639=ORIENTED_EDGE('',*,*,#2565,.F.);
#3640=ORIENTED_EDGE('',*,*,#2566,.F.);
#3641=ORIENTED_EDGE('',*,*,#2567,.T.);
#3642=ORIENTED_EDGE('',*,*,#2566,.T.);
#3643=ORIENTED_EDGE('',*,*,#2568,.F.);
#3644=ORIENTED_EDGE('',*,*,#2569,.F.);
#3645=ORIENTED_EDGE('',*,*,#2570,.T.);
#3646=ORIENTED_EDGE('',*,*,#2569,.T.);
#3647=ORIENTED_EDGE('',*,*,#2571,.F.);
#3648=ORIENTED_EDGE('',*,*,#2572,.F.);
#3649=ORIENTED_EDGE('',*,*,#2573,.F.);
#3650=ORIENTED_EDGE('',*,*,#2572,.T.);
#3651=ORIENTED_EDGE('',*,*,#2574,.F.);
#3652=ORIENTED_EDGE('',*,*,#2575,.F.);
#3653=ORIENTED_EDGE('',*,*,#2576,.T.);
#3654=ORIENTED_EDGE('',*,*,#2575,.T.);
#3655=ORIENTED_EDGE('',*,*,#2577,.F.);
#3656=ORIENTED_EDGE('',*,*,#2578,.F.);
#3657=ORIENTED_EDGE('',*,*,#2579,.T.);
#3658=ORIENTED_EDGE('',*,*,#2578,.T.);
#3659=ORIENTED_EDGE('',*,*,#2580,.F.);
#3660=ORIENTED_EDGE('',*,*,#2544,.F.);
#3661=ORIENTED_EDGE('',*,*,#2580,.T.);
#3662=ORIENTED_EDGE('',*,*,#2577,.T.);
#3663=ORIENTED_EDGE('',*,*,#2574,.T.);
#3664=ORIENTED_EDGE('',*,*,#2571,.T.);
#3665=ORIENTED_EDGE('',*,*,#2568,.T.);
#3666=ORIENTED_EDGE('',*,*,#2565,.T.);
#3667=ORIENTED_EDGE('',*,*,#2562,.T.);
#3668=ORIENTED_EDGE('',*,*,#2559,.T.);
#3669=ORIENTED_EDGE('',*,*,#2556,.T.);
#3670=ORIENTED_EDGE('',*,*,#2553,.T.);
#3671=ORIENTED_EDGE('',*,*,#2550,.T.);
#3672=ORIENTED_EDGE('',*,*,#2515,.F.);
#3673=ORIENTED_EDGE('',*,*,#2519,.F.);
#3674=ORIENTED_EDGE('',*,*,#2522,.F.);
#3675=ORIENTED_EDGE('',*,*,#2525,.F.);
#3676=ORIENTED_EDGE('',*,*,#2528,.F.);
#3677=ORIENTED_EDGE('',*,*,#2531,.F.);
#3678=ORIENTED_EDGE('',*,*,#2534,.F.);
#3679=ORIENTED_EDGE('',*,*,#2537,.F.);
#3680=ORIENTED_EDGE('',*,*,#2540,.F.);
#3681=ORIENTED_EDGE('',*,*,#2542,.F.);
#3682=ORIENTED_EDGE('',*,*,#2511,.F.);
#3683=ORIENTED_EDGE('',*,*,#2548,.F.);
#3684=ORIENTED_EDGE('',*,*,#2545,.T.);
#3685=ORIENTED_EDGE('',*,*,#2579,.F.);
#3686=ORIENTED_EDGE('',*,*,#2543,.T.);
#3687=ORIENTED_EDGE('',*,*,#2547,.T.);
#3688=ORIENTED_EDGE('',*,*,#2509,.F.);
#3689=ORIENTED_EDGE('',*,*,#2541,.T.);
#3690=ORIENTED_EDGE('',*,*,#2538,.T.);
#3691=ORIENTED_EDGE('',*,*,#2535,.F.);
#3692=ORIENTED_EDGE('',*,*,#2532,.T.);
#3693=ORIENTED_EDGE('',*,*,#2529,.T.);
#3694=ORIENTED_EDGE('',*,*,#2526,.F.);
#3695=ORIENTED_EDGE('',*,*,#2523,.T.);
#3696=ORIENTED_EDGE('',*,*,#2520,.T.);
#3697=ORIENTED_EDGE('',*,*,#2517,.T.);
#3698=ORIENTED_EDGE('',*,*,#2513,.T.);
#3699=ORIENTED_EDGE('',*,*,#2549,.F.);
#3700=ORIENTED_EDGE('',*,*,#2552,.F.);
#3701=ORIENTED_EDGE('',*,*,#2555,.F.);
#3702=ORIENTED_EDGE('',*,*,#2558,.F.);
#3703=ORIENTED_EDGE('',*,*,#2561,.F.);
#3704=ORIENTED_EDGE('',*,*,#2564,.T.);
#3705=ORIENTED_EDGE('',*,*,#2567,.F.);
#3706=ORIENTED_EDGE('',*,*,#2570,.F.);
#3707=ORIENTED_EDGE('',*,*,#2573,.T.);
#3708=ORIENTED_EDGE('',*,*,#2576,.F.);
#3709=PLANE('',#4228);
#3710=PLANE('',#4229);
#3711=PLANE('',#4230);
#3712=PLANE('',#4231);
#3713=PLANE('',#4232);
#3714=PLANE('',#4233);
#3715=PLANE('',#4234);
#3716=PLANE('',#4235);
#3717=PLANE('',#4236);
#3718=PLANE('',#4237);
#3719=PLANE('',#4238);
#3720=PLANE('',#4239);
#3721=PLANE('',#4240);
#3722=PLANE('',#4241);
#3723=PLANE('',#4242);
#3724=PLANE('',#4243);
#3725=PLANE('',#4244);
#3726=PLANE('',#4245);
#3727=PLANE('',#4247);
#3728=PLANE('',#4248);
#3729=PLANE('',#4249);
#3730=PLANE('',#4250);
#3731=PLANE('',#4251);
#3732=PLANE('',#4252);
#3733=PLANE('',#4253);
#3734=PLANE('',#4254);
#3735=PLANE('',#4255);
#3736=PLANE('',#4256);
#3737=PLANE('',#4257);
#3738=PLANE('',#4258);
#3739=PLANE('',#4259);
#3740=PLANE('',#4260);
#3741=PLANE('',#4262);
#3742=PLANE('',#4266);
#3743=PLANE('',#4267);
#3744=PLANE('',#4268);
#3745=PLANE('',#4269);
#3746=PLANE('',#4270);
#3747=PLANE('',#4271);
#3748=PLANE('',#4272);
#3749=PLANE('',#4273);
#3750=PLANE('',#4274);
#3751=PLANE('',#4275);
#3752=PLANE('',#4276);
#3753=PLANE('',#4277);
#3754=PLANE('',#4278);
#3755=PLANE('',#4279);
#3756=PLANE('',#4283);
#3757=PLANE('',#4287);
#3758=PLANE('',#4288);
#3759=PLANE('',#4289);
#3760=PLANE('',#4293);
#3761=PLANE('',#4294);
#3762=PLANE('',#4295);
#3763=PLANE('',#4296);
#3764=PLANE('',#4297);
#3765=PLANE('',#4298);
#3766=PLANE('',#4299);
#3767=PLANE('',#4300);
#3768=PLANE('',#4301);
#3769=PLANE('',#4302);
#3770=PLANE('',#4303);
#3771=PLANE('',#4304);
#3772=PLANE('',#4305);
#3773=PLANE('',#4306);
#3774=PLANE('',#4310);
#3775=PLANE('',#4314);
#3776=PLANE('',#4315);
#3777=PLANE('',#4320);
#3778=PLANE('',#4321);
#3779=PLANE('',#4322);
#3780=PLANE('',#4323);
#3781=PLANE('',#4324);
#3782=PLANE('',#4325);
#3783=PLANE('',#4326);
#3784=PLANE('',#4327);
#3785=PLANE('',#4328);
#3786=PLANE('',#4329);
#3787=PLANE('',#4330);
#3788=PLANE('',#4334);
#3789=PLANE('',#4338);
#3790=PLANE('',#4342);
#3791=PLANE('',#4346);
#3792=PLANE('',#4347);
#3793=PLANE('',#4348);
#3794=PLANE('',#4349);
#3795=PLANE('',#4353);
#3796=PLANE('',#4354);
#3797=PLANE('',#4355);
#3798=PLANE('',#4356);
#3799=PLANE('',#4357);
#3800=PLANE('',#4358);
#3801=PLANE('',#4359);
#3802=PLANE('',#4360);
#3803=PLANE('',#4361);
#3804=PLANE('',#4362);
#3805=PLANE('',#4363);
#3806=PLANE('',#4367);
#3807=PLANE('',#4371);
#3808=PLANE('',#4375);
#3809=PLANE('',#4379);
#3810=PLANE('',#4380);
#3811=PLANE('',#4381);
#3812=PLANE('',#4382);
#3813=PLANE('',#4384);
#3814=PLANE('',#4385);
#3815=PLANE('',#4386);
#3816=PLANE('',#4387);
#3817=PLANE('',#4388);
#3818=PLANE('',#4389);
#3819=PLANE('',#4390);
#3820=PLANE('',#4391);
#3821=PLANE('',#4392);
#3822=PLANE('',#4393);
#3823=PLANE('',#4394);
#3824=PLANE('',#4395);
#3825=PLANE('',#4396);
#3826=PLANE('',#4397);
#3827=PLANE('',#4398);
#3828=PLANE('',#4399);
#3829=PLANE('',#4400);
#3830=PLANE('',#4401);
#3831=PLANE('',#4402);
#3832=PLANE('',#4403);
#3833=PLANE('',#4404);
#3834=PLANE('',#4405);
#3835=PLANE('',#4410);
#3836=PLANE('',#4411);
#3837=PLANE('',#4412);
#3838=PLANE('',#4413);
#3839=PLANE('',#4414);
#3840=PLANE('',#4418);
#3841=PLANE('',#4419);
#3842=PLANE('',#4420);
#3843=PLANE('',#4424);
#3844=PLANE('',#4425);
#3845=PLANE('',#4426);
#3846=PLANE('',#4427);
#3847=PLANE('',#4428);
#3848=PLANE('',#4432);
#3849=PLANE('',#4433);
#3850=PLANE('',#4434);
#3851=PLANE('',#4436);
#3852=PLANE('',#4437);
#3853=PLANE('',#4438);
#3854=PLANE('',#4439);
#3855=PLANE('',#4440);
#3856=PLANE('',#4441);
#3857=PLANE('',#4442);
#3858=PLANE('',#4443);
#3859=PLANE('',#4444);
#3860=PLANE('',#4445);
#3861=PLANE('',#4446);
#3862=PLANE('',#4447);
#3863=PLANE('',#4449);
#3864=PLANE('',#4450);
#3865=PLANE('',#4451);
#3866=PLANE('',#4452);
#3867=PLANE('',#4453);
#3868=PLANE('',#4454);
#3869=PLANE('',#4455);
#3870=PLANE('',#4456);
#3871=PLANE('',#4457);
#3872=PLANE('',#4458);
#3873=PLANE('',#4459);
#3874=PLANE('',#4460);
#3875=PLANE('',#4462);
#3876=PLANE('',#4463);
#3877=PLANE('',#4464);
#3878=PLANE('',#4465);
#3879=PLANE('',#4466);
#3880=PLANE('',#4467);
#3881=PLANE('',#4468);
#3882=PLANE('',#4469);
#3883=PLANE('',#4470);
#3884=PLANE('',#4471);
#3885=PLANE('',#4472);
#3886=PLANE('',#4473);
#3887=PLANE('',#4474);
#3888=PLANE('',#4475);
#3889=PLANE('',#4476);
#3890=PLANE('',#4477);
#3891=PLANE('',#4478);
#3892=PLANE('',#4479);
#3893=PLANE('',#4480);
#3894=PLANE('',#4481);
#3895=PLANE('',#4482);
#3896=PLANE('',#4483);
#3897=PLANE('',#4484);
#3898=PLANE('',#4485);
#3899=PLANE('',#4486);
#3900=PLANE('',#4487);
#3901=ADVANCED_FACE('',(#161),#3709,.T.);
#3902=ADVANCED_FACE('',(#162),#3710,.T.);
#3903=ADVANCED_FACE('',(#163),#3711,.T.);
#3904=ADVANCED_FACE('',(#164),#3712,.T.);
#3905=ADVANCED_FACE('',(#165),#3713,.T.);
#3906=ADVANCED_FACE('',(#166),#3714,.T.);
#3907=ADVANCED_FACE('',(#167),#3715,.T.);
#3908=ADVANCED_FACE('',(#168),#3716,.T.);
#3909=ADVANCED_FACE('',(#169),#3717,.T.);
#3910=ADVANCED_FACE('',(#170),#3718,.T.);
#3911=ADVANCED_FACE('',(#171),#3719,.T.);
#3912=ADVANCED_FACE('',(#172),#3720,.T.);
#3913=ADVANCED_FACE('',(#173),#3721,.T.);
#3914=ADVANCED_FACE('',(#174),#3722,.T.);
#3915=ADVANCED_FACE('',(#175),#3723,.T.);
#3916=ADVANCED_FACE('',(#176),#3724,.T.);
#3917=ADVANCED_FACE('',(#177),#3725,.T.);
#3918=ADVANCED_FACE('',(#178),#3726,.T.);
#3919=ADVANCED_FACE('',(#179),#3727,.T.);
#3920=ADVANCED_FACE('',(#180),#3728,.T.);
#3921=ADVANCED_FACE('',(#181),#3729,.T.);
#3922=ADVANCED_FACE('',(#182),#3730,.T.);
#3923=ADVANCED_FACE('',(#183),#3731,.T.);
#3924=ADVANCED_FACE('',(#184),#3732,.T.);
#3925=ADVANCED_FACE('',(#185),#3733,.T.);
#3926=ADVANCED_FACE('',(#186),#3734,.T.);
#3927=ADVANCED_FACE('',(#187),#3735,.T.);
#3928=ADVANCED_FACE('',(#188),#3736,.T.);
#3929=ADVANCED_FACE('',(#189),#3737,.T.);
#3930=ADVANCED_FACE('',(#190),#3738,.T.);
#3931=ADVANCED_FACE('',(#191),#3739,.T.);
#3932=ADVANCED_FACE('',(#192),#3740,.T.);
#3933=ADVANCED_FACE('',(#193),#3741,.T.);
#3934=ADVANCED_FACE('',(#194),#99,.F.);
#3935=ADVANCED_FACE('',(#195),#3742,.T.);
#3936=ADVANCED_FACE('',(#196),#3743,.T.);
#3937=ADVANCED_FACE('',(#197),#3744,.T.);
#3938=ADVANCED_FACE('',(#198),#3745,.T.);
#3939=ADVANCED_FACE('',(#199),#3746,.T.);
#3940=ADVANCED_FACE('',(#200),#3747,.T.);
#3941=ADVANCED_FACE('',(#201),#3748,.T.);
#3942=ADVANCED_FACE('',(#202),#3749,.T.);
#3943=ADVANCED_FACE('',(#203),#3750,.T.);
#3944=ADVANCED_FACE('',(#204),#3751,.T.);
#3945=ADVANCED_FACE('',(#205),#3752,.T.);
#3946=ADVANCED_FACE('',(#206),#3753,.T.);
#3947=ADVANCED_FACE('',(#207),#3754,.T.);
#3948=ADVANCED_FACE('',(#208),#3755,.T.);
#3949=ADVANCED_FACE('',(#209),#100,.F.);
#3950=ADVANCED_FACE('',(#210),#3756,.T.);
#3951=ADVANCED_FACE('',(#211),#101,.T.);
#3952=ADVANCED_FACE('',(#212),#3757,.T.);
#3953=ADVANCED_FACE('',(#213),#3758,.F.);
#3954=ADVANCED_FACE('',(#214),#3759,.F.);
#3955=ADVANCED_FACE('',(#215),#102,.F.);
#3956=ADVANCED_FACE('',(#216),#3760,.F.);
#3957=ADVANCED_FACE('',(#217),#3761,.F.);
#3958=ADVANCED_FACE('',(#218),#3762,.F.);
#3959=ADVANCED_FACE('',(#219),#3763,.F.);
#3960=ADVANCED_FACE('',(#220),#3764,.F.);
#3961=ADVANCED_FACE('',(#221),#3765,.F.);
#3962=ADVANCED_FACE('',(#222),#3766,.F.);
#3963=ADVANCED_FACE('',(#223),#3767,.F.);
#3964=ADVANCED_FACE('',(#224),#3768,.F.);
#3965=ADVANCED_FACE('',(#225),#3769,.F.);
#3966=ADVANCED_FACE('',(#226),#3770,.F.);
#3967=ADVANCED_FACE('',(#227),#3771,.F.);
#3968=ADVANCED_FACE('',(#228),#3772,.F.);
#3969=ADVANCED_FACE('',(#229),#3773,.F.);
#3970=ADVANCED_FACE('',(#230),#103,.F.);
#3971=ADVANCED_FACE('',(#231),#3774,.F.);
#3972=ADVANCED_FACE('',(#232),#104,.T.);
#3973=ADVANCED_FACE('',(#233),#3775,.F.);
#3974=ADVANCED_FACE('',(#234),#3776,.T.);
#3975=ADVANCED_FACE('',(#235),#105,.F.);
#3976=ADVANCED_FACE('',(#236),#3777,.T.);
#3977=ADVANCED_FACE('',(#237),#3778,.T.);
#3978=ADVANCED_FACE('',(#238),#3779,.T.);
#3979=ADVANCED_FACE('',(#239),#3780,.T.);
#3980=ADVANCED_FACE('',(#240),#3781,.T.);
#3981=ADVANCED_FACE('',(#241),#3782,.T.);
#3982=ADVANCED_FACE('',(#242),#3783,.T.);
#3983=ADVANCED_FACE('',(#243),#3784,.T.);
#3984=ADVANCED_FACE('',(#244),#3785,.T.);
#3985=ADVANCED_FACE('',(#245),#3786,.T.);
#3986=ADVANCED_FACE('',(#246),#3787,.T.);
#3987=ADVANCED_FACE('',(#247),#106,.T.);
#3988=ADVANCED_FACE('',(#248),#3788,.T.);
#3989=ADVANCED_FACE('',(#249),#107,.T.);
#3990=ADVANCED_FACE('',(#250),#3789,.T.);
#3991=ADVANCED_FACE('',(#251),#108,.F.);
#3992=ADVANCED_FACE('',(#252),#3790,.T.);
#3993=ADVANCED_FACE('',(#253),#109,.T.);
#3994=ADVANCED_FACE('',(#254),#3791,.T.);
#3995=ADVANCED_FACE('',(#255),#3792,.T.);
#3996=ADVANCED_FACE('',(#256,#51),#3793,.T.);
#3997=ADVANCED_FACE('',(#257,#52),#3794,.F.);
#3998=ADVANCED_FACE('',(#258),#110,.F.);
#3999=ADVANCED_FACE('',(#259),#3795,.F.);
#4000=ADVANCED_FACE('',(#260),#3796,.F.);
#4001=ADVANCED_FACE('',(#261),#3797,.F.);
#4002=ADVANCED_FACE('',(#262),#3798,.F.);
#4003=ADVANCED_FACE('',(#263),#3799,.F.);
#4004=ADVANCED_FACE('',(#264),#3800,.F.);
#4005=ADVANCED_FACE('',(#265),#3801,.F.);
#4006=ADVANCED_FACE('',(#266),#3802,.F.);
#4007=ADVANCED_FACE('',(#267),#3803,.F.);
#4008=ADVANCED_FACE('',(#268),#3804,.F.);
#4009=ADVANCED_FACE('',(#269),#3805,.F.);
#4010=ADVANCED_FACE('',(#270),#111,.T.);
#4011=ADVANCED_FACE('',(#271),#3806,.F.);
#4012=ADVANCED_FACE('',(#272),#112,.T.);
#4013=ADVANCED_FACE('',(#273),#3807,.F.);
#4014=ADVANCED_FACE('',(#274),#113,.F.);
#4015=ADVANCED_FACE('',(#275),#3808,.F.);
#4016=ADVANCED_FACE('',(#276),#114,.T.);
#4017=ADVANCED_FACE('',(#277),#3809,.F.);
#4018=ADVANCED_FACE('',(#278),#3810,.F.);
#4019=ADVANCED_FACE('',(#279,#53),#3811,.F.);
#4020=ADVANCED_FACE('',(#280,#54),#3812,.T.);
#4021=ADVANCED_FACE('',(#281),#3813,.T.);
#4022=ADVANCED_FACE('',(#282),#3814,.T.);
#4023=ADVANCED_FACE('',(#283),#3815,.T.);
#4024=ADVANCED_FACE('',(#284),#3816,.T.);
#4025=ADVANCED_FACE('',(#285),#3817,.T.);
#4026=ADVANCED_FACE('',(#286),#3818,.T.);
#4027=ADVANCED_FACE('',(#287),#3819,.T.);
#4028=ADVANCED_FACE('',(#288),#3820,.T.);
#4029=ADVANCED_FACE('',(#289),#3821,.T.);
#4030=ADVANCED_FACE('',(#290),#3822,.T.);
#4031=ADVANCED_FACE('',(#291),#3823,.T.);
#4032=ADVANCED_FACE('',(#292),#3824,.T.);
#4033=ADVANCED_FACE('',(#293),#3825,.T.);
#4034=ADVANCED_FACE('',(#294),#3826,.T.);
#4035=ADVANCED_FACE('',(#295),#3827,.T.);
#4036=ADVANCED_FACE('',(#296),#3828,.T.);
#4037=ADVANCED_FACE('',(#297),#3829,.T.);
#4038=ADVANCED_FACE('',(#298),#3830,.T.);
#4039=ADVANCED_FACE('',(#299),#3831,.T.);
#4040=ADVANCED_FACE('',(#300),#3832,.T.);
#4041=ADVANCED_FACE('',(#301),#3833,.T.);
#4042=ADVANCED_FACE('',(#302),#3834,.T.);
#4043=ADVANCED_FACE('',(#303),#115,.F.);
#4044=ADVANCED_FACE('',(#304),#3835,.T.);
#4045=ADVANCED_FACE('',(#305),#3836,.T.);
#4046=ADVANCED_FACE('',(#306),#3837,.T.);
#4047=ADVANCED_FACE('',(#307),#3838,.T.);
#4048=ADVANCED_FACE('',(#308),#3839,.T.);
#4049=ADVANCED_FACE('',(#309),#116,.T.);
#4050=ADVANCED_FACE('',(#310),#3840,.T.);
#4051=ADVANCED_FACE('',(#311,#55),#3841,.T.);
#4052=ADVANCED_FACE('',(#312,#56),#3842,.F.);
#4053=ADVANCED_FACE('',(#313),#117,.F.);
#4054=ADVANCED_FACE('',(#314),#3843,.F.);
#4055=ADVANCED_FACE('',(#315),#3844,.F.);
#4056=ADVANCED_FACE('',(#316),#3845,.F.);
#4057=ADVANCED_FACE('',(#317),#3846,.F.);
#4058=ADVANCED_FACE('',(#318),#3847,.F.);
#4059=ADVANCED_FACE('',(#319),#118,.T.);
#4060=ADVANCED_FACE('',(#320),#3848,.F.);
#4061=ADVANCED_FACE('',(#321,#57),#3849,.F.);
#4062=ADVANCED_FACE('',(#322,#58),#3850,.T.);
#4063=ADVANCED_FACE('',(#323),#3851,.F.);
#4064=ADVANCED_FACE('',(#324),#3852,.F.);
#4065=ADVANCED_FACE('',(#325),#3853,.F.);
#4066=ADVANCED_FACE('',(#326),#3854,.F.);
#4067=ADVANCED_FACE('',(#327),#3855,.F.);
#4068=ADVANCED_FACE('',(#328),#3856,.T.);
#4069=ADVANCED_FACE('',(#329),#3857,.T.);
#4070=ADVANCED_FACE('',(#330),#3858,.T.);
#4071=ADVANCED_FACE('',(#331),#3859,.T.);
#4072=ADVANCED_FACE('',(#332),#3860,.T.);
#4073=ADVANCED_FACE('',(#333),#3861,.T.);
#4074=ADVANCED_FACE('',(#334),#3862,.F.);
#4075=ADVANCED_FACE('',(#335),#3863,.F.);
#4076=ADVANCED_FACE('',(#336),#3864,.F.);
#4077=ADVANCED_FACE('',(#337),#3865,.F.);
#4078=ADVANCED_FACE('',(#338),#3866,.F.);
#4079=ADVANCED_FACE('',(#339),#3867,.F.);
#4080=ADVANCED_FACE('',(#340),#3868,.T.);
#4081=ADVANCED_FACE('',(#341),#3869,.T.);
#4082=ADVANCED_FACE('',(#342),#3870,.T.);
#4083=ADVANCED_FACE('',(#343),#3871,.T.);
#4084=ADVANCED_FACE('',(#344),#3872,.T.);
#4085=ADVANCED_FACE('',(#345),#3873,.T.);
#4086=ADVANCED_FACE('',(#346),#3874,.F.);
#4087=ADVANCED_FACE('',(#347),#3875,.F.);
#4088=ADVANCED_FACE('',(#348),#3876,.F.);
#4089=ADVANCED_FACE('',(#349),#3877,.F.);
#4090=ADVANCED_FACE('',(#350),#3878,.F.);
#4091=ADVANCED_FACE('',(#351),#3879,.F.);
#4092=ADVANCED_FACE('',(#352),#3880,.F.);
#4093=ADVANCED_FACE('',(#353),#3881,.F.);
#4094=ADVANCED_FACE('',(#354),#3882,.F.);
#4095=ADVANCED_FACE('',(#355),#3883,.F.);
#4096=ADVANCED_FACE('',(#356),#3884,.F.);
#4097=ADVANCED_FACE('',(#357),#3885,.F.);
#4098=ADVANCED_FACE('',(#358),#3886,.T.);
#4099=ADVANCED_FACE('',(#359),#3887,.T.);
#4100=ADVANCED_FACE('',(#360),#3888,.T.);
#4101=ADVANCED_FACE('',(#361),#3889,.T.);
#4102=ADVANCED_FACE('',(#362),#3890,.T.);
#4103=ADVANCED_FACE('',(#363),#3891,.T.);
#4104=ADVANCED_FACE('',(#364),#3892,.T.);
#4105=ADVANCED_FACE('',(#365),#3893,.T.);
#4106=ADVANCED_FACE('',(#366),#3894,.T.);
#4107=ADVANCED_FACE('',(#367),#3895,.T.);
#4108=ADVANCED_FACE('',(#368),#3896,.T.);
#4109=ADVANCED_FACE('',(#369),#3897,.T.);
#4110=ADVANCED_FACE('',(#370),#3898,.T.);
#4111=ADVANCED_FACE('',(#371),#3899,.T.);
#4112=ADVANCED_FACE('',(#372),#3900,.F.);
#4113=CLOSED_SHELL('',(#3901,#3902,#3903,#3904,#3905,#3906,#3907,#3908,
#3909,#3910,#3911,#3912,#3913,#3914,#3915,#3916,#3917,#3918));
#4114=CLOSED_SHELL('',(#3919,#3920,#3921,#3922,#3923,#3924,#3925,#3926,
#3927,#3928,#3929,#3930,#3931,#3932));
#4115=CLOSED_SHELL('',(#3933,#3934,#3935,#3936,#3937,#3938,#3939,#3940,
#3941,#3942,#3943,#3944,#3945,#3946,#3947,#3948,#3949,#3950,#3951,#3952,
#3953));
#4116=CLOSED_SHELL('',(#3954,#3955,#3956,#3957,#3958,#3959,#3960,#3961,
#3962,#3963,#3964,#3965,#3966,#3967,#3968,#3969,#3970,#3971,#3972,#3973,
#3974));
#4117=CLOSED_SHELL('',(#3975,#3976,#3977,#3978,#3979,#3980,#3981,#3982,
#3983,#3984,#3985,#3986,#3987,#3988,#3989,#3990,#3991,#3992,#3993,#3994,
#3995,#3996,#3997));
#4118=CLOSED_SHELL('',(#3998,#3999,#4000,#4001,#4002,#4003,#4004,#4005,
#4006,#4007,#4008,#4009,#4010,#4011,#4012,#4013,#4014,#4015,#4016,#4017,
#4018,#4019,#4020));
#4119=CLOSED_SHELL('',(#4021,#4022,#4023,#4024,#4025,#4026,#4027,#4028,
#4029,#4030,#4031,#4032,#4033,#4034,#4035,#4036,#4037,#4038,#4039,#4040,
#4041,#4042));
#4120=CLOSED_SHELL('',(#4043,#4044,#4045,#4046,#4047,#4048,#4049,#4050,
#4051,#4052));
#4121=CLOSED_SHELL('',(#4053,#4054,#4055,#4056,#4057,#4058,#4059,#4060,
#4061,#4062));
#4122=CLOSED_SHELL('',(#4063,#4064,#4065,#4066,#4067,#4068,#4069,#4070,
#4071,#4072,#4073,#4074));
#4123=CLOSED_SHELL('',(#4075,#4076,#4077,#4078,#4079,#4080,#4081,#4082,
#4083,#4084,#4085,#4086));
#4124=CLOSED_SHELL('',(#4087,#4088,#4089,#4090,#4091,#4092,#4093,#4094,
#4095,#4096,#4097,#4098,#4099,#4100,#4101,#4102,#4103,#4104,#4105,#4106,
#4107,#4108,#4109,#4110,#4111,#4112));
#4125=DERIVED_UNIT_ELEMENT(#4143,1.);
#4126=DERIVED_UNIT_ELEMENT(#6766,-3.);
#4127=DERIVED_UNIT_ELEMENT(#4143,1.);
#4128=DERIVED_UNIT_ELEMENT(#6766,-3.);
#4129=DERIVED_UNIT_ELEMENT(#4143,1.);
#4130=DERIVED_UNIT_ELEMENT(#6766,-3.);
#4131=DERIVED_UNIT_ELEMENT(#4143,1.);
#4132=DERIVED_UNIT_ELEMENT(#6766,-3.);
#4133=DERIVED_UNIT_ELEMENT(#4143,1.);
#4134=DERIVED_UNIT_ELEMENT(#6766,-3.);
#4135=DERIVED_UNIT_ELEMENT(#4143,1.);
#4136=DERIVED_UNIT_ELEMENT(#6766,-3.);
#4137=DERIVED_UNIT_ELEMENT(#4143,1.);
#4138=DERIVED_UNIT_ELEMENT(#6766,-3.);
#4139=DERIVED_UNIT_ELEMENT(#4143,1.);
#4140=DERIVED_UNIT_ELEMENT(#6766,-3.);
#4141=DERIVED_UNIT_ELEMENT(#4143,1.);
#4142=DERIVED_UNIT_ELEMENT(#6766,-3.);
#4143=(
MASS_UNIT()
NAMED_UNIT(*)
SI_UNIT(.KILO.,.GRAM.)
);
#4144=DERIVED_UNIT((#4125,#4126));
#4145=DERIVED_UNIT((#4127,#4128));
#4146=DERIVED_UNIT((#4129,#4130));
#4147=DERIVED_UNIT((#4131,#4132));
#4148=DERIVED_UNIT((#4133,#4134));
#4149=DERIVED_UNIT((#4135,#4136));
#4150=DERIVED_UNIT((#4137,#4138));
#4151=DERIVED_UNIT((#4139,#4140));
#4152=DERIVED_UNIT((#4141,#4142));
#4153=MEASURE_REPRESENTATION_ITEM('density measure',
POSITIVE_RATIO_MEASURE(7850.),#4144);
#4154=MEASURE_REPRESENTATION_ITEM('density measure',
POSITIVE_RATIO_MEASURE(7850.),#4145);
#4155=MEASURE_REPRESENTATION_ITEM('density measure',
POSITIVE_RATIO_MEASURE(7850.),#4146);
#4156=MEASURE_REPRESENTATION_ITEM('density measure',
POSITIVE_RATIO_MEASURE(7850.),#4147);
#4157=MEASURE_REPRESENTATION_ITEM('density measure',
POSITIVE_RATIO_MEASURE(7850.),#4148);
#4158=MEASURE_REPRESENTATION_ITEM('density measure',
POSITIVE_RATIO_MEASURE(7850.),#4149);
#4159=MEASURE_REPRESENTATION_ITEM('density measure',
POSITIVE_RATIO_MEASURE(7850.),#4150);
#4160=MEASURE_REPRESENTATION_ITEM('density measure',
POSITIVE_RATIO_MEASURE(7850.),#4151);
#4161=MEASURE_REPRESENTATION_ITEM('density measure',
POSITIVE_RATIO_MEASURE(7850.),#4152);
#4162=PROPERTY_DEFINITION_REPRESENTATION(#4207,#4180);
#4163=PROPERTY_DEFINITION_REPRESENTATION(#4208,#4181);
#4164=PROPERTY_DEFINITION_REPRESENTATION(#4209,#4182);
#4165=PROPERTY_DEFINITION_REPRESENTATION(#4210,#4183);
#4166=PROPERTY_DEFINITION_REPRESENTATION(#4211,#4184);
#4167=PROPERTY_DEFINITION_REPRESENTATION(#4212,#4185);
#4168=PROPERTY_DEFINITION_REPRESENTATION(#4213,#4186);
#4169=PROPERTY_DEFINITION_REPRESENTATION(#4214,#4187);
#4170=PROPERTY_DEFINITION_REPRESENTATION(#4215,#4188);
#4171=PROPERTY_DEFINITION_REPRESENTATION(#4216,#4189);
#4172=PROPERTY_DEFINITION_REPRESENTATION(#4217,#4190);
#4173=PROPERTY_DEFINITION_REPRESENTATION(#4218,#4191);
#4174=PROPERTY_DEFINITION_REPRESENTATION(#4219,#4192);
#4175=PROPERTY_DEFINITION_REPRESENTATION(#4220,#4193);
#4176=PROPERTY_DEFINITION_REPRESENTATION(#4221,#4194);
#4177=PROPERTY_DEFINITION_REPRESENTATION(#4222,#4195);
#4178=PROPERTY_DEFINITION_REPRESENTATION(#4223,#4196);
#4179=PROPERTY_DEFINITION_REPRESENTATION(#4224,#4197);
#4180=REPRESENTATION('material name',(#4198),#6755);
#4181=REPRESENTATION('density',(#4153),#6755);
#4182=REPRESENTATION('material name',(#4199),#6756);
#4183=REPRESENTATION('density',(#4154),#6756);
#4184=REPRESENTATION('material name',(#4200),#6757);
#4185=REPRESENTATION('density',(#4155),#6757);
#4186=REPRESENTATION('material name',(#4201),#6758);
#4187=REPRESENTATION('density',(#4156),#6758);
#4188=REPRESENTATION('material name',(#4202),#6759);
#4189=REPRESENTATION('density',(#4157),#6759);
#4190=REPRESENTATION('material name',(#4203),#6760);
#4191=REPRESENTATION('density',(#4158),#6760);
#4192=REPRESENTATION('material name',(#4204),#6761);
#4193=REPRESENTATION('density',(#4159),#6761);
#4194=REPRESENTATION('material name',(#4205),#6762);
#4195=REPRESENTATION('density',(#4160),#6762);
#4196=REPRESENTATION('material name',(#4206),#6763);
#4197=REPRESENTATION('density',(#4161),#6763);
#4198=DESCRIPTIVE_REPRESENTATION_ITEM('Steel','Steel');
#4199=DESCRIPTIVE_REPRESENTATION_ITEM('Steel','Steel');
#4200=DESCRIPTIVE_REPRESENTATION_ITEM('Steel','Steel');
#4201=DESCRIPTIVE_REPRESENTATION_ITEM('Steel','Steel');
#4202=DESCRIPTIVE_REPRESENTATION_ITEM('Steel','Steel');
#4203=DESCRIPTIVE_REPRESENTATION_ITEM('Steel','Steel');
#4204=DESCRIPTIVE_REPRESENTATION_ITEM('Steel','Steel');
#4205=DESCRIPTIVE_REPRESENTATION_ITEM('Steel','Steel');
#4206=DESCRIPTIVE_REPRESENTATION_ITEM('Steel','Steel');
#4207=PROPERTY_DEFINITION('material property','material name',#6815);
#4208=PROPERTY_DEFINITION('material property','density of part',#6815);
#4209=PROPERTY_DEFINITION('material property','material name',#6816);
#4210=PROPERTY_DEFINITION('material property','density of part',#6816);
#4211=PROPERTY_DEFINITION('material property','material name',#6817);
#4212=PROPERTY_DEFINITION('material property','density of part',#6817);
#4213=PROPERTY_DEFINITION('material property','material name',#6818);
#4214=PROPERTY_DEFINITION('material property','density of part',#6818);
#4215=PROPERTY_DEFINITION('material property','material name',#6819);
#4216=PROPERTY_DEFINITION('material property','density of part',#6819);
#4217=PROPERTY_DEFINITION('material property','material name',#6820);
#4218=PROPERTY_DEFINITION('material property','density of part',#6820);
#4219=PROPERTY_DEFINITION('material property','material name',#6821);
#4220=PROPERTY_DEFINITION('material property','density of part',#6821);
#4221=PROPERTY_DEFINITION('material property','material name',#6822);
#4222=PROPERTY_DEFINITION('material property','density of part',#6822);
#4223=PROPERTY_DEFINITION('material property','material name',#6823);
#4224=PROPERTY_DEFINITION('material property','density of part',#6823);
#4225=AXIS2_PLACEMENT_3D('',#5568,#4498,#4499);
#4226=AXIS2_PLACEMENT_3D('',#5569,#4500,#4501);
#4227=AXIS2_PLACEMENT_3D('',#5570,#4502,#4503);
#4228=AXIS2_PLACEMENT_3D('',#5571,#4504,#4505);
#4229=AXIS2_PLACEMENT_3D('',#5580,#4510,#4511);
#4230=AXIS2_PLACEMENT_3D('',#5586,#4515,#4516);
#4231=AXIS2_PLACEMENT_3D('',#5592,#4520,#4521);
#4232=AXIS2_PLACEMENT_3D('',#5598,#4525,#4526);
#4233=AXIS2_PLACEMENT_3D('',#5604,#4530,#4531);
#4234=AXIS2_PLACEMENT_3D('',#5610,#4535,#4536);
#4235=AXIS2_PLACEMENT_3D('',#5616,#4540,#4541);
#4236=AXIS2_PLACEMENT_3D('',#5622,#4545,#4546);
#4237=AXIS2_PLACEMENT_3D('',#5628,#4550,#4551);
#4238=AXIS2_PLACEMENT_3D('',#5634,#4555,#4556);
#4239=AXIS2_PLACEMENT_3D('',#5640,#4560,#4561);
#4240=AXIS2_PLACEMENT_3D('',#5646,#4565,#4566);
#4241=AXIS2_PLACEMENT_3D('',#5652,#4570,#4571);
#4242=AXIS2_PLACEMENT_3D('',#5658,#4575,#4576);
#4243=AXIS2_PLACEMENT_3D('',#5664,#4580,#4581);
#4244=AXIS2_PLACEMENT_3D('',#5667,#4584,#4585);
#4245=AXIS2_PLACEMENT_3D('',#5668,#4586,#4587);
#4246=AXIS2_PLACEMENT_3D('',#5669,#4588,#4589);
#4247=AXIS2_PLACEMENT_3D('',#5670,#4590,#4591);
#4248=AXIS2_PLACEMENT_3D('',#5679,#4596,#4597);
#4249=AXIS2_PLACEMENT_3D('',#5685,#4601,#4602);
#4250=AXIS2_PLACEMENT_3D('',#5691,#4606,#4607);
#4251=AXIS2_PLACEMENT_3D('',#5697,#4611,#4612);
#4252=AXIS2_PLACEMENT_3D('',#5703,#4616,#4617);
#4253=AXIS2_PLACEMENT_3D('',#5709,#4621,#4622);
#4254=AXIS2_PLACEMENT_3D('',#5715,#4626,#4627);
#4255=AXIS2_PLACEMENT_3D('',#5721,#4631,#4632);
#4256=AXIS2_PLACEMENT_3D('',#5727,#4636,#4637);
#4257=AXIS2_PLACEMENT_3D('',#5733,#4641,#4642);
#4258=AXIS2_PLACEMENT_3D('',#5739,#4646,#4647);
#4259=AXIS2_PLACEMENT_3D('',#5742,#4650,#4651);
#4260=AXIS2_PLACEMENT_3D('',#5743,#4652,#4653);
#4261=AXIS2_PLACEMENT_3D('',#5744,#4654,#4655);
#4262=AXIS2_PLACEMENT_3D('',#5745,#4656,#4657);
#4263=AXIS2_PLACEMENT_3D('',#5754,#4662,#4663);
#4264=AXIS2_PLACEMENT_3D('',#5756,#4664,#4665);
#4265=AXIS2_PLACEMENT_3D('',#5758,#4666,#4667);
#4266=AXIS2_PLACEMENT_3D('',#5760,#4669,#4670);
#4267=AXIS2_PLACEMENT_3D('',#5766,#4674,#4675);
#4268=AXIS2_PLACEMENT_3D('',#5772,#4679,#4680);
#4269=AXIS2_PLACEMENT_3D('',#5778,#4684,#4685);
#4270=AXIS2_PLACEMENT_3D('',#5784,#4689,#4690);
#4271=AXIS2_PLACEMENT_3D('',#5790,#4694,#4695);
#4272=AXIS2_PLACEMENT_3D('',#5796,#4699,#4700);
#4273=AXIS2_PLACEMENT_3D('',#5802,#4704,#4705);
#4274=AXIS2_PLACEMENT_3D('',#5808,#4709,#4710);
#4275=AXIS2_PLACEMENT_3D('',#5814,#4714,#4715);
#4276=AXIS2_PLACEMENT_3D('',#5820,#4719,#4720);
#4277=AXIS2_PLACEMENT_3D('',#5826,#4724,#4725);
#4278=AXIS2_PLACEMENT_3D('',#5832,#4729,#4730);
#4279=AXIS2_PLACEMENT_3D('',#5838,#4734,#4735);
#4280=AXIS2_PLACEMENT_3D('',#5844,#4739,#4740);
#4281=AXIS2_PLACEMENT_3D('',#5846,#4741,#4742);
#4282=AXIS2_PLACEMENT_3D('',#5848,#4743,#4744);
#4283=AXIS2_PLACEMENT_3D('',#5850,#4746,#4747);
#4284=AXIS2_PLACEMENT_3D('',#5856,#4751,#4752);
#4285=AXIS2_PLACEMENT_3D('',#5857,#4753,#4754);
#4286=AXIS2_PLACEMENT_3D('',#5858,#4755,#4756);
#4287=AXIS2_PLACEMENT_3D('',#5859,#4757,#4758);
#4288=AXIS2_PLACEMENT_3D('',#5860,#4759,#4760);
#4289=AXIS2_PLACEMENT_3D('',#5861,#4761,#4762);
#4290=AXIS2_PLACEMENT_3D('',#5870,#4767,#4768);
#4291=AXIS2_PLACEMENT_3D('',#5872,#4769,#4770);
#4292=AXIS2_PLACEMENT_3D('',#5875,#4772,#4773);
#4293=AXIS2_PLACEMENT_3D('',#5876,#4774,#4775);
#4294=AXIS2_PLACEMENT_3D('',#5882,#4779,#4780);
#4295=AXIS2_PLACEMENT_3D('',#5888,#4784,#4785);
#4296=AXIS2_PLACEMENT_3D('',#5894,#4789,#4790);
#4297=AXIS2_PLACEMENT_3D('',#5900,#4794,#4795);
#4298=AXIS2_PLACEMENT_3D('',#5906,#4799,#4800);
#4299=AXIS2_PLACEMENT_3D('',#5912,#4804,#4805);
#4300=AXIS2_PLACEMENT_3D('',#5918,#4809,#4810);
#4301=AXIS2_PLACEMENT_3D('',#5924,#4814,#4815);
#4302=AXIS2_PLACEMENT_3D('',#5930,#4819,#4820);
#4303=AXIS2_PLACEMENT_3D('',#5936,#4824,#4825);
#4304=AXIS2_PLACEMENT_3D('',#5942,#4829,#4830);
#4305=AXIS2_PLACEMENT_3D('',#5948,#4834,#4835);
#4306=AXIS2_PLACEMENT_3D('',#5954,#4839,#4840);
#4307=AXIS2_PLACEMENT_3D('',#5960,#4844,#4845);
#4308=AXIS2_PLACEMENT_3D('',#5962,#4846,#4847);
#4309=AXIS2_PLACEMENT_3D('',#5965,#4849,#4850);
#4310=AXIS2_PLACEMENT_3D('',#5966,#4851,#4852);
#4311=AXIS2_PLACEMENT_3D('',#5972,#4856,#4857);
#4312=AXIS2_PLACEMENT_3D('',#5973,#4858,#4859);
#4313=AXIS2_PLACEMENT_3D('',#5974,#4860,#4861);
#4314=AXIS2_PLACEMENT_3D('',#5975,#4862,#4863);
#4315=AXIS2_PLACEMENT_3D('',#5976,#4864,#4865);
#4316=AXIS2_PLACEMENT_3D('',#5977,#4866,#4867);
#4317=AXIS2_PLACEMENT_3D('',#5978,#4868,#4869);
#4318=AXIS2_PLACEMENT_3D('',#5980,#4870,#4871);
#4319=AXIS2_PLACEMENT_3D('',#5983,#4873,#4874);
#4320=AXIS2_PLACEMENT_3D('',#5984,#4875,#4876);
#4321=AXIS2_PLACEMENT_3D('',#5993,#4881,#4882);
#4322=AXIS2_PLACEMENT_3D('',#5999,#4886,#4887);
#4323=AXIS2_PLACEMENT_3D('',#6005,#4891,#4892);
#4324=AXIS2_PLACEMENT_3D('',#6011,#4896,#4897);
#4325=AXIS2_PLACEMENT_3D('',#6017,#4901,#4902);
#4326=AXIS2_PLACEMENT_3D('',#6023,#4906,#4907);
#4327=AXIS2_PLACEMENT_3D('',#6029,#4911,#4912);
#4328=AXIS2_PLACEMENT_3D('',#6035,#4916,#4917);
#4329=AXIS2_PLACEMENT_3D('',#6041,#4921,#4922);
#4330=AXIS2_PLACEMENT_3D('',#6047,#4926,#4927);
#4331=AXIS2_PLACEMENT_3D('',#6053,#4931,#4932);
#4332=AXIS2_PLACEMENT_3D('',#6055,#4933,#4934);
#4333=AXIS2_PLACEMENT_3D('',#6057,#4935,#4936);
#4334=AXIS2_PLACEMENT_3D('',#6059,#4938,#4939);
#4335=AXIS2_PLACEMENT_3D('',#6065,#4943,#4944);
#4336=AXIS2_PLACEMENT_3D('',#6067,#4945,#4946);
#4337=AXIS2_PLACEMENT_3D('',#6069,#4947,#4948);
#4338=AXIS2_PLACEMENT_3D('',#6071,#4950,#4951);
#4339=AXIS2_PLACEMENT_3D('',#6077,#4955,#4956);
#4340=AXIS2_PLACEMENT_3D('',#6079,#4957,#4958);
#4341=AXIS2_PLACEMENT_3D('',#6081,#4959,#4960);
#4342=AXIS2_PLACEMENT_3D('',#6083,#4962,#4963);
#4343=AXIS2_PLACEMENT_3D('',#6089,#4967,#4968);
#4344=AXIS2_PLACEMENT_3D('',#6091,#4969,#4970);
#4345=AXIS2_PLACEMENT_3D('',#6093,#4971,#4972);
#4346=AXIS2_PLACEMENT_3D('',#6095,#4974,#4975);
#4347=AXIS2_PLACEMENT_3D('',#6101,#4979,#4980);
#4348=AXIS2_PLACEMENT_3D('',#6104,#4983,#4984);
#4349=AXIS2_PLACEMENT_3D('',#6105,#4985,#4986);
#4350=AXIS2_PLACEMENT_3D('',#6106,#4987,#4988);
#4351=AXIS2_PLACEMENT_3D('',#6108,#4989,#4990);
#4352=AXIS2_PLACEMENT_3D('',#6111,#4992,#4993);
#4353=AXIS2_PLACEMENT_3D('',#6112,#4994,#4995);
#4354=AXIS2_PLACEMENT_3D('',#6121,#5000,#5001);
#4355=AXIS2_PLACEMENT_3D('',#6127,#5005,#5006);
#4356=AXIS2_PLACEMENT_3D('',#6133,#5010,#5011);
#4357=AXIS2_PLACEMENT_3D('',#6139,#5015,#5016);
#4358=AXIS2_PLACEMENT_3D('',#6145,#5020,#5021);
#4359=AXIS2_PLACEMENT_3D('',#6151,#5025,#5026);
#4360=AXIS2_PLACEMENT_3D('',#6157,#5030,#5031);
#4361=AXIS2_PLACEMENT_3D('',#6163,#5035,#5036);
#4362=AXIS2_PLACEMENT_3D('',#6169,#5040,#5041);
#4363=AXIS2_PLACEMENT_3D('',#6175,#5045,#5046);
#4364=AXIS2_PLACEMENT_3D('',#6181,#5050,#5051);
#4365=AXIS2_PLACEMENT_3D('',#6183,#5052,#5053);
#4366=AXIS2_PLACEMENT_3D('',#6186,#5055,#5056);
#4367=AXIS2_PLACEMENT_3D('',#6187,#5057,#5058);
#4368=AXIS2_PLACEMENT_3D('',#6193,#5062,#5063);
#4369=AXIS2_PLACEMENT_3D('',#6195,#5064,#5065);
#4370=AXIS2_PLACEMENT_3D('',#6198,#5067,#5068);
#4371=AXIS2_PLACEMENT_3D('',#6199,#5069,#5070);
#4372=AXIS2_PLACEMENT_3D('',#6205,#5074,#5075);
#4373=AXIS2_PLACEMENT_3D('',#6207,#5076,#5077);
#4374=AXIS2_PLACEMENT_3D('',#6210,#5079,#5080);
#4375=AXIS2_PLACEMENT_3D('',#6211,#5081,#5082);
#4376=AXIS2_PLACEMENT_3D('',#6217,#5086,#5087);
#4377=AXIS2_PLACEMENT_3D('',#6219,#5088,#5089);
#4378=AXIS2_PLACEMENT_3D('',#6222,#5091,#5092);
#4379=AXIS2_PLACEMENT_3D('',#6223,#5093,#5094);
#4380=AXIS2_PLACEMENT_3D('',#6229,#5098,#5099);
#4381=AXIS2_PLACEMENT_3D('',#6232,#5102,#5103);
#4382=AXIS2_PLACEMENT_3D('',#6233,#5104,#5105);
#4383=AXIS2_PLACEMENT_3D('',#6234,#5106,#5107);
#4384=AXIS2_PLACEMENT_3D('',#6235,#5108,#5109);
#4385=AXIS2_PLACEMENT_3D('',#6244,#5114,#5115);
#4386=AXIS2_PLACEMENT_3D('',#6250,#5119,#5120);
#4387=AXIS2_PLACEMENT_3D('',#6256,#5124,#5125);
#4388=AXIS2_PLACEMENT_3D('',#6262,#5129,#5130);
#4389=AXIS2_PLACEMENT_3D('',#6268,#5134,#5135);
#4390=AXIS2_PLACEMENT_3D('',#6274,#5139,#5140);
#4391=AXIS2_PLACEMENT_3D('',#6280,#5144,#5145);
#4392=AXIS2_PLACEMENT_3D('',#6286,#5149,#5150);
#4393=AXIS2_PLACEMENT_3D('',#6292,#5154,#5155);
#4394=AXIS2_PLACEMENT_3D('',#6298,#5159,#5160);
#4395=AXIS2_PLACEMENT_3D('',#6304,#5164,#5165);
#4396=AXIS2_PLACEMENT_3D('',#6310,#5169,#5170);
#4397=AXIS2_PLACEMENT_3D('',#6316,#5174,#5175);
#4398=AXIS2_PLACEMENT_3D('',#6322,#5179,#5180);
#4399=AXIS2_PLACEMENT_3D('',#6328,#5184,#5185);
#4400=AXIS2_PLACEMENT_3D('',#6334,#5189,#5190);
#4401=AXIS2_PLACEMENT_3D('',#6340,#5194,#5195);
#4402=AXIS2_PLACEMENT_3D('',#6346,#5199,#5200);
#4403=AXIS2_PLACEMENT_3D('',#6352,#5204,#5205);
#4404=AXIS2_PLACEMENT_3D('',#6355,#5208,#5209);
#4405=AXIS2_PLACEMENT_3D('',#6356,#5210,#5211);
#4406=AXIS2_PLACEMENT_3D('',#6357,#5212,#5213);
#4407=AXIS2_PLACEMENT_3D('',#6358,#5214,#5215);
#4408=AXIS2_PLACEMENT_3D('',#6360,#5216,#5217);
#4409=AXIS2_PLACEMENT_3D('',#6363,#5219,#5220);
#4410=AXIS2_PLACEMENT_3D('',#6364,#5221,#5222);
#4411=AXIS2_PLACEMENT_3D('',#6373,#5227,#5228);
#4412=AXIS2_PLACEMENT_3D('',#6379,#5232,#5233);
#4413=AXIS2_PLACEMENT_3D('',#6385,#5237,#5238);
#4414=AXIS2_PLACEMENT_3D('',#6391,#5242,#5243);
#4415=AXIS2_PLACEMENT_3D('',#6397,#5247,#5248);
#4416=AXIS2_PLACEMENT_3D('',#6399,#5249,#5250);
#4417=AXIS2_PLACEMENT_3D('',#6401,#5251,#5252);
#4418=AXIS2_PLACEMENT_3D('',#6403,#5254,#5255);
#4419=AXIS2_PLACEMENT_3D('',#6406,#5258,#5259);
#4420=AXIS2_PLACEMENT_3D('',#6407,#5260,#5261);
#4421=AXIS2_PLACEMENT_3D('',#6408,#5262,#5263);
#4422=AXIS2_PLACEMENT_3D('',#6410,#5264,#5265);
#4423=AXIS2_PLACEMENT_3D('',#6413,#5267,#5268);
#4424=AXIS2_PLACEMENT_3D('',#6414,#5269,#5270);
#4425=AXIS2_PLACEMENT_3D('',#6423,#5275,#5276);
#4426=AXIS2_PLACEMENT_3D('',#6429,#5280,#5281);
#4427=AXIS2_PLACEMENT_3D('',#6435,#5285,#5286);
#4428=AXIS2_PLACEMENT_3D('',#6441,#5290,#5291);
#4429=AXIS2_PLACEMENT_3D('',#6447,#5295,#5296);
#4430=AXIS2_PLACEMENT_3D('',#6449,#5297,#5298);
#4431=AXIS2_PLACEMENT_3D('',#6452,#5300,#5301);
#4432=AXIS2_PLACEMENT_3D('',#6453,#5302,#5303);
#4433=AXIS2_PLACEMENT_3D('',#6456,#5306,#5307);
#4434=AXIS2_PLACEMENT_3D('',#6457,#5308,#5309);
#4435=AXIS2_PLACEMENT_3D('',#6458,#5310,#5311);
#4436=AXIS2_PLACEMENT_3D('',#6459,#5312,#5313);
#4437=AXIS2_PLACEMENT_3D('',#6468,#5318,#5319);
#4438=AXIS2_PLACEMENT_3D('',#6477,#5324,#5325);
#4439=AXIS2_PLACEMENT_3D('',#6483,#5329,#5330);
#4440=AXIS2_PLACEMENT_3D('',#6489,#5334,#5335);
#4441=AXIS2_PLACEMENT_3D('',#6492,#5338,#5339);
#4442=AXIS2_PLACEMENT_3D('',#6498,#5343,#5344);
#4443=AXIS2_PLACEMENT_3D('',#6504,#5348,#5349);
#4444=AXIS2_PLACEMENT_3D('',#6510,#5353,#5354);
#4445=AXIS2_PLACEMENT_3D('',#6516,#5358,#5359);
#4446=AXIS2_PLACEMENT_3D('',#6519,#5362,#5363);
#4447=AXIS2_PLACEMENT_3D('',#6520,#5364,#5365);
#4448=AXIS2_PLACEMENT_3D('',#6521,#5366,#5367);
#4449=AXIS2_PLACEMENT_3D('',#6522,#5368,#5369);
#4450=AXIS2_PLACEMENT_3D('',#6531,#5374,#5375);
#4451=AXIS2_PLACEMENT_3D('',#6537,#5379,#5380);
#4452=AXIS2_PLACEMENT_3D('',#6543,#5384,#5385);
#4453=AXIS2_PLACEMENT_3D('',#6549,#5389,#5390);
#4454=AXIS2_PLACEMENT_3D('',#6555,#5394,#5395);
#4455=AXIS2_PLACEMENT_3D('',#6564,#5400,#5401);
#4456=AXIS2_PLACEMENT_3D('',#6570,#5405,#5406);
#4457=AXIS2_PLACEMENT_3D('',#6576,#5410,#5411);
#4458=AXIS2_PLACEMENT_3D('',#6579,#5414,#5415);
#4459=AXIS2_PLACEMENT_3D('',#6582,#5418,#5419);
#4460=AXIS2_PLACEMENT_3D('',#6583,#5420,#5421);
#4461=AXIS2_PLACEMENT_3D('',#6584,#5422,#5423);
#4462=AXIS2_PLACEMENT_3D('',#6585,#5424,#5425);
#4463=AXIS2_PLACEMENT_3D('',#6594,#5430,#5431);
#4464=AXIS2_PLACEMENT_3D('',#6603,#5436,#5437);
#4465=AXIS2_PLACEMENT_3D('',#6609,#5441,#5442);
#4466=AXIS2_PLACEMENT_3D('',#6615,#5446,#5447);
#4467=AXIS2_PLACEMENT_3D('',#6621,#5451,#5452);
#4468=AXIS2_PLACEMENT_3D('',#6627,#5456,#5457);
#4469=AXIS2_PLACEMENT_3D('',#6633,#5461,#5462);
#4470=AXIS2_PLACEMENT_3D('',#6639,#5466,#5467);
#4471=AXIS2_PLACEMENT_3D('',#6645,#5471,#5472);
#4472=AXIS2_PLACEMENT_3D('',#6651,#5476,#5477);
#4473=AXIS2_PLACEMENT_3D('',#6654,#5480,#5481);
#4474=AXIS2_PLACEMENT_3D('',#6663,#5486,#5487);
#4475=AXIS2_PLACEMENT_3D('',#6666,#5490,#5491);
#4476=AXIS2_PLACEMENT_3D('',#6672,#5495,#5496);
#4477=AXIS2_PLACEMENT_3D('',#6678,#5500,#5501);
#4478=AXIS2_PLACEMENT_3D('',#6684,#5505,#5506);
#4479=AXIS2_PLACEMENT_3D('',#6690,#5510,#5511);
#4480=AXIS2_PLACEMENT_3D('',#6696,#5515,#5516);
#4481=AXIS2_PLACEMENT_3D('',#6702,#5520,#5521);
#4482=AXIS2_PLACEMENT_3D('',#6708,#5525,#5526);
#4483=AXIS2_PLACEMENT_3D('',#6714,#5530,#5531);
#4484=AXIS2_PLACEMENT_3D('',#6720,#5535,#5536);
#4485=AXIS2_PLACEMENT_3D('',#6726,#5540,#5541);
#4486=AXIS2_PLACEMENT_3D('',#6729,#5544,#5545);
#4487=AXIS2_PLACEMENT_3D('',#6730,#5546,#5547);
#4488=AXIS2_PLACEMENT_3D('',#6731,#5548,#5549);
#4489=AXIS2_PLACEMENT_3D('',#6732,#5550,#5551);
#4490=AXIS2_PLACEMENT_3D('',#6733,#5552,#5553);
#4491=AXIS2_PLACEMENT_3D('',#6734,#5554,#5555);
#4492=AXIS2_PLACEMENT_3D('',#6735,#5556,#5557);
#4493=AXIS2_PLACEMENT_3D('',#6736,#5558,#5559);
#4494=AXIS2_PLACEMENT_3D('',#6737,#5560,#5561);
#4495=AXIS2_PLACEMENT_3D('',#6738,#5562,#5563);
#4496=AXIS2_PLACEMENT_3D('',#6739,#5564,#5565);
#4497=AXIS2_PLACEMENT_3D('',#6740,#5566,#5567);
#4498=DIRECTION('axis',(0.,0.,1.));
#4499=DIRECTION('refdir',(1.,0.,0.));
#4500=DIRECTION('axis',(0.,0.,1.));
#4501=DIRECTION('refdir',(1.,0.,0.));
#4502=DIRECTION('axis',(0.,0.,1.));
#4503=DIRECTION('refdir',(1.,0.,0.));
#4504=DIRECTION('center_axis',(0.,1.,0.));
#4505=DIRECTION('ref_axis',(1.,0.,0.));
#4506=DIRECTION('',(-1.,0.,0.));
#4507=DIRECTION('',(0.,0.,-1.));
#4508=DIRECTION('',(1.,0.,0.));
#4509=DIRECTION('',(0.,0.,-1.));
#4510=DIRECTION('center_axis',(1.,0.,0.));
#4511=DIRECTION('ref_axis',(0.,-1.,0.));
#4512=DIRECTION('',(0.,1.,0.));
#4513=DIRECTION('',(0.,-1.,0.));
#4514=DIRECTION('',(0.,0.,-1.));
#4515=DIRECTION('center_axis',(0.,1.,0.));
#4516=DIRECTION('ref_axis',(1.,0.,0.));
#4517=DIRECTION('',(1.,0.,0.));
#4518=DIRECTION('',(1.,0.,0.));
#4519=DIRECTION('',(0.,0.,-1.));
#4520=DIRECTION('center_axis',(-1.,0.,0.));
#4521=DIRECTION('ref_axis',(0.,1.,0.));
#4522=DIRECTION('',(0.,1.,0.));
#4523=DIRECTION('',(0.,1.,0.));
#4524=DIRECTION('',(0.,0.,-1.));
#4525=DIRECTION('center_axis',(0.,1.,0.));
#4526=DIRECTION('ref_axis',(1.,0.,0.));
#4527=DIRECTION('',(1.,0.,0.));
#4528=DIRECTION('',(1.,0.,0.));
#4529=DIRECTION('',(0.,0.,-1.));
#4530=DIRECTION('center_axis',(-1.,0.,0.));
#4531=DIRECTION('ref_axis',(0.,1.,0.));
#4532=DIRECTION('',(0.,1.,0.));
#4533=DIRECTION('',(0.,1.,0.));
#4534=DIRECTION('',(0.,0.,-1.));
#4535=DIRECTION('center_axis',(0.,-1.,0.));
#4536=DIRECTION('ref_axis',(-1.,0.,0.));
#4537=DIRECTION('',(1.,0.,0.));
#4538=DIRECTION('',(-1.,0.,0.));
#4539=DIRECTION('',(0.,0.,-1.));
#4540=DIRECTION('center_axis',(-1.,0.,0.));
#4541=DIRECTION('ref_axis',(0.,1.,0.));
#4542=DIRECTION('',(0.,-1.,0.));
#4543=DIRECTION('',(0.,1.,0.));
#4544=DIRECTION('',(0.,0.,-1.));
#4545=DIRECTION('center_axis',(0.,-1.,0.));
#4546=DIRECTION('ref_axis',(-1.,0.,0.));
#4547=DIRECTION('',(1.,0.,0.));
#4548=DIRECTION('',(-1.,0.,0.));
#4549=DIRECTION('',(0.,0.,-1.));
#4550=DIRECTION('center_axis',(-1.,0.,0.));
#4551=DIRECTION('ref_axis',(0.,1.,0.));
#4552=DIRECTION('',(0.,1.,0.));
#4553=DIRECTION('',(0.,1.,0.));
#4554=DIRECTION('',(0.,0.,-1.));
#4555=DIRECTION('center_axis',(0.,-1.,0.));
#4556=DIRECTION('ref_axis',(-1.,0.,0.));
#4557=DIRECTION('',(-1.,0.,0.));
#4558=DIRECTION('',(-1.,0.,0.));
#4559=DIRECTION('',(0.,0.,-1.));
#4560=DIRECTION('center_axis',(1.,0.,0.));
#4561=DIRECTION('ref_axis',(0.,-1.,0.));
#4562=DIRECTION('',(0.,1.,0.));
#4563=DIRECTION('',(0.,-1.,0.));
#4564=DIRECTION('',(0.,0.,-1.));
#4565=DIRECTION('center_axis',(5.64998994720181E-17,-1.,0.));
#4566=DIRECTION('ref_axis',(-1.,-5.64998994720181E-17,0.));
#4567=DIRECTION('',(1.,5.64998994720181E-17,0.));
#4568=DIRECTION('',(-1.,-5.64998994720181E-17,0.));
#4569=DIRECTION('',(0.,0.,-1.));
#4570=DIRECTION('center_axis',(1.,0.,0.));
#4571=DIRECTION('ref_axis',(0.,-1.,0.));
#4572=DIRECTION('',(0.,-1.,0.));
#4573=DIRECTION('',(0.,-1.,0.));
#4574=DIRECTION('',(0.,0.,-1.));
#4575=DIRECTION('center_axis',(0.,-1.,0.));
#4576=DIRECTION('ref_axis',(-1.,0.,0.));
#4577=DIRECTION('',(-1.,0.,0.));
#4578=DIRECTION('',(-1.,0.,0.));
#4579=DIRECTION('',(0.,0.,-1.));
#4580=DIRECTION('center_axis',(1.,0.,0.));
#4581=DIRECTION('ref_axis',(0.,-1.,0.));
#4582=DIRECTION('',(0.,1.,0.));
#4583=DIRECTION('',(0.,-1.,0.));
#4584=DIRECTION('center_axis',(0.,0.,1.));
#4585=DIRECTION('ref_axis',(1.,0.,0.));
#4586=DIRECTION('center_axis',(0.,0.,-1.));
#4587=DIRECTION('ref_axis',(-1.,0.,0.));
#4588=DIRECTION('axis',(0.,0.,1.));
#4589=DIRECTION('refdir',(1.,0.,0.));
#4590=DIRECTION('center_axis',(1.,0.,0.));
#4591=DIRECTION('ref_axis',(0.,-1.,0.));
#4592=DIRECTION('',(0.,1.,0.));
#4593=DIRECTION('',(0.,0.,-1.));
#4594=DIRECTION('',(0.,-1.,0.));
#4595=DIRECTION('',(0.,0.,-1.));
#4596=DIRECTION('center_axis',(0.,1.,0.));
#4597=DIRECTION('ref_axis',(1.,0.,0.));
#4598=DIRECTION('',(1.,0.,0.));
#4599=DIRECTION('',(1.,0.,0.));
#4600=DIRECTION('',(0.,0.,-1.));
#4601=DIRECTION('center_axis',(1.,0.,0.));
#4602=DIRECTION('ref_axis',(0.,-1.,0.));
#4603=DIRECTION('',(0.,-1.,0.));
#4604=DIRECTION('',(0.,-1.,0.));
#4605=DIRECTION('',(0.,0.,-1.));
#4606=DIRECTION('center_axis',(0.,1.,0.));
#4607=DIRECTION('ref_axis',(1.,0.,0.));
#4608=DIRECTION('',(1.,0.,0.));
#4609=DIRECTION('',(1.,0.,0.));
#4610=DIRECTION('',(0.,0.,-1.));
#4611=DIRECTION('center_axis',(-1.,0.,0.));
#4612=DIRECTION('ref_axis',(0.,1.,0.));
#4613=DIRECTION('',(0.,1.,0.));
#4614=DIRECTION('',(0.,1.,0.));
#4615=DIRECTION('',(0.,0.,-1.));
#4616=DIRECTION('center_axis',(0.,1.,0.));
#4617=DIRECTION('ref_axis',(1.,0.,0.));
#4618=DIRECTION('',(1.,0.,0.));
#4619=DIRECTION('',(1.,0.,0.));
#4620=DIRECTION('',(0.,0.,-1.));
#4621=DIRECTION('center_axis',(-1.,0.,0.));
#4622=DIRECTION('ref_axis',(0.,1.,0.));
#4623=DIRECTION('',(0.,1.,0.));
#4624=DIRECTION('',(0.,1.,0.));
#4625=DIRECTION('',(0.,0.,-1.));
#4626=DIRECTION('center_axis',(0.,-1.,0.));
#4627=DIRECTION('ref_axis',(-1.,0.,0.));
#4628=DIRECTION('',(1.,0.,0.));
#4629=DIRECTION('',(-1.,0.,0.));
#4630=DIRECTION('',(0.,0.,-1.));
#4631=DIRECTION('center_axis',(-1.,0.,0.));
#4632=DIRECTION('ref_axis',(0.,1.,0.));
#4633=DIRECTION('',(0.,-1.,0.));
#4634=DIRECTION('',(0.,1.,0.));
#4635=DIRECTION('',(0.,0.,-1.));
#4636=DIRECTION('center_axis',(0.,-1.,0.));
#4637=DIRECTION('ref_axis',(-1.,0.,0.));
#4638=DIRECTION('',(1.,0.,0.));
#4639=DIRECTION('',(-1.,0.,0.));
#4640=DIRECTION('',(0.,0.,-1.));
#4641=DIRECTION('center_axis',(1.,0.,0.));
#4642=DIRECTION('ref_axis',(0.,-1.,0.));
#4643=DIRECTION('',(0.,-1.,0.));
#4644=DIRECTION('',(0.,-1.,0.));
#4645=DIRECTION('',(0.,0.,-1.));
#4646=DIRECTION('center_axis',(0.,-1.,0.));
#4647=DIRECTION('ref_axis',(-1.,0.,0.));
#4648=DIRECTION('',(-1.,0.,0.));
#4649=DIRECTION('',(-1.,0.,0.));
#4650=DIRECTION('center_axis',(0.,0.,1.));
#4651=DIRECTION('ref_axis',(1.,0.,0.));
#4652=DIRECTION('center_axis',(0.,0.,-1.));
#4653=DIRECTION('ref_axis',(-1.,0.,0.));
#4654=DIRECTION('axis',(0.,0.,1.));
#4655=DIRECTION('refdir',(1.,0.,0.));
#4656=DIRECTION('center_axis',(0.,0.,-1.));
#4657=DIRECTION('ref_axis',(0.,1.,0.));
#4658=DIRECTION('',(0.,1.,0.));
#4659=DIRECTION('',(1.,0.,0.));
#4660=DIRECTION('',(0.,1.,0.));
#4661=DIRECTION('',(1.,0.,0.));
#4662=DIRECTION('center_axis',(1.,0.,0.));
#4663=DIRECTION('ref_axis',(0.,-1.,0.));
#4664=DIRECTION('center_axis',(-1.,0.,0.));
#4665=DIRECTION('ref_axis',(0.,-1.,0.));
#4666=DIRECTION('center_axis',(-1.,0.,0.));
#4667=DIRECTION('ref_axis',(0.,-1.,0.));
#4668=DIRECTION('',(1.,0.,0.));
#4669=DIRECTION('center_axis',(0.,1.,0.));
#4670=DIRECTION('ref_axis',(0.,0.,1.));
#4671=DIRECTION('',(0.,0.,1.));
#4672=DIRECTION('',(0.,0.,1.));
#4673=DIRECTION('',(1.,0.,0.));
#4674=DIRECTION('center_axis',(0.,0.,-1.));
#4675=DIRECTION('ref_axis',(0.,1.,0.));
#4676=DIRECTION('',(0.,1.,0.));
#4677=DIRECTION('',(0.,1.,0.));
#4678=DIRECTION('',(1.,0.,0.));
#4679=DIRECTION('center_axis',(0.,-1.,0.));
#4680=DIRECTION('ref_axis',(0.,0.,-1.));
#4681=DIRECTION('',(0.,0.,-1.));
#4682=DIRECTION('',(0.,0.,-1.));
#4683=DIRECTION('',(1.,0.,0.));
#4684=DIRECTION('center_axis',(0.,0.,-1.));
#4685=DIRECTION('ref_axis',(0.,1.,0.));
#4686=DIRECTION('',(0.,1.,0.));
#4687=DIRECTION('',(0.,1.,0.));
#4688=DIRECTION('',(1.,0.,0.));
#4689=DIRECTION('center_axis',(0.,-1.,0.));
#4690=DIRECTION('ref_axis',(0.,0.,-1.));
#4691=DIRECTION('',(0.,0.,-1.));
#4692=DIRECTION('',(0.,0.,-1.));
#4693=DIRECTION('',(1.,0.,0.));
#4694=DIRECTION('center_axis',(0.,0.,1.));
#4695=DIRECTION('ref_axis',(0.,-1.,0.));
#4696=DIRECTION('',(0.,1.,0.));
#4697=DIRECTION('',(0.,-1.,0.));
#4698=DIRECTION('',(1.,0.,0.));
#4699=DIRECTION('center_axis',(0.,-1.,0.));
#4700=DIRECTION('ref_axis',(0.,0.,-1.));
#4701=DIRECTION('',(0.,0.,-1.));
#4702=DIRECTION('',(0.,0.,-1.));
#4703=DIRECTION('',(1.,0.,0.));
#4704=DIRECTION('center_axis',(0.,0.,1.));
#4705=DIRECTION('ref_axis',(0.,-1.,0.));
#4706=DIRECTION('',(0.,-1.,0.));
#4707=DIRECTION('',(0.,-1.,0.));
#4708=DIRECTION('',(1.,0.,0.));
#4709=DIRECTION('center_axis',(0.,1.,0.));
#4710=DIRECTION('ref_axis',(0.,0.,1.));
#4711=DIRECTION('',(0.,0.,-1.));
#4712=DIRECTION('',(0.,0.,1.));
#4713=DIRECTION('',(1.,0.,0.));
#4714=DIRECTION('center_axis',(0.,0.,1.));
#4715=DIRECTION('ref_axis',(0.,-1.,0.));
#4716=DIRECTION('',(0.,-1.,0.));
#4717=DIRECTION('',(0.,-1.,0.));
#4718=DIRECTION('',(1.,0.,0.));
#4719=DIRECTION('center_axis',(0.,-1.,0.));
#4720=DIRECTION('ref_axis',(0.,0.,-1.));
#4721=DIRECTION('',(0.,0.,-1.));
#4722=DIRECTION('',(0.,0.,-1.));
#4723=DIRECTION('',(1.,0.,0.));
#4724=DIRECTION('center_axis',(0.,0.,1.));
#4725=DIRECTION('ref_axis',(0.,-1.,0.));
#4726=DIRECTION('',(0.,1.,0.));
#4727=DIRECTION('',(0.,-1.,0.));
#4728=DIRECTION('',(1.,0.,0.));
#4729=DIRECTION('center_axis',(0.,1.,0.));
#4730=DIRECTION('ref_axis',(0.,0.,1.));
#4731=DIRECTION('',(0.,0.,-1.));
#4732=DIRECTION('',(0.,0.,1.));
#4733=DIRECTION('',(1.,0.,0.));
#4734=DIRECTION('center_axis',(0.,8.95341161802503E-17,-1.));
#4735=DIRECTION('ref_axis',(0.,1.,8.95341161802503E-17));
#4736=DIRECTION('',(0.,1.,8.95341161802503E-17));
#4737=DIRECTION('',(0.,1.,8.95341161802503E-17));
#4738=DIRECTION('',(1.,0.,0.));
#4739=DIRECTION('center_axis',(1.,0.,0.));
#4740=DIRECTION('ref_axis',(0.,-1.,-4.16333634234434E-16));
#4741=DIRECTION('center_axis',(-1.,0.,0.));
#4742=DIRECTION('ref_axis',(0.,-1.,-4.16333634234434E-16));
#4743=DIRECTION('center_axis',(-1.,0.,0.));
#4744=DIRECTION('ref_axis',(0.,-1.,-4.16333634234434E-16));
#4745=DIRECTION('',(1.,0.,0.));
#4746=DIRECTION('center_axis',(0.,1.,0.));
#4747=DIRECTION('ref_axis',(0.,0.,1.));
#4748=DIRECTION('',(0.,0.,1.));
#4749=DIRECTION('',(0.,0.,1.));
#4750=DIRECTION('',(1.,0.,0.));
#4751=DIRECTION('center_axis',(1.,0.,0.));
#4752=DIRECTION('ref_axis',(0.,1.,0.));
#4753=DIRECTION('center_axis',(-1.,0.,0.));
#4754=DIRECTION('ref_axis',(0.,1.,0.));
#4755=DIRECTION('center_axis',(1.,0.,0.));
#4756=DIRECTION('ref_axis',(0.,1.,0.));
#4757=DIRECTION('center_axis',(-1.,0.,0.));
#4758=DIRECTION('ref_axis',(0.,0.,1.));
#4759=DIRECTION('center_axis',(-1.,0.,0.));
#4760=DIRECTION('ref_axis',(0.,0.,1.));
#4761=DIRECTION('center_axis',(0.,0.,1.));
#4762=DIRECTION('ref_axis',(0.,1.,0.));
#4763=DIRECTION('',(0.,1.,0.));
#4764=DIRECTION('',(-1.,0.,0.));
#4765=DIRECTION('',(0.,1.,0.));
#4766=DIRECTION('',(-1.,0.,0.));
#4767=DIRECTION('center_axis',(1.,0.,0.));
#4768=DIRECTION('ref_axis',(0.,-1.,0.));
#4769=DIRECTION('center_axis',(-1.,0.,0.));
#4770=DIRECTION('ref_axis',(0.,-1.,0.));
#4771=DIRECTION('',(-1.,0.,0.));
#4772=DIRECTION('center_axis',(-1.,0.,0.));
#4773=DIRECTION('ref_axis',(0.,-1.,0.));
#4774=DIRECTION('center_axis',(0.,-1.,0.));
#4775=DIRECTION('ref_axis',(0.,0.,1.));
#4776=DIRECTION('',(0.,0.,1.));
#4777=DIRECTION('',(-1.,0.,0.));
#4778=DIRECTION('',(0.,0.,1.));
#4779=DIRECTION('center_axis',(0.,0.,1.));
#4780=DIRECTION('ref_axis',(0.,1.,0.));
#4781=DIRECTION('',(0.,1.,0.));
#4782=DIRECTION('',(-1.,0.,0.));
#4783=DIRECTION('',(0.,1.,0.));
#4784=DIRECTION('center_axis',(0.,1.,0.));
#4785=DIRECTION('ref_axis',(0.,0.,-1.));
#4786=DIRECTION('',(0.,0.,-1.));
#4787=DIRECTION('',(-1.,0.,0.));
#4788=DIRECTION('',(0.,0.,-1.));
#4789=DIRECTION('center_axis',(0.,0.,1.));
#4790=DIRECTION('ref_axis',(0.,1.,0.));
#4791=DIRECTION('',(0.,1.,0.));
#4792=DIRECTION('',(-1.,0.,0.));
#4793=DIRECTION('',(0.,1.,0.));
#4794=DIRECTION('center_axis',(0.,1.,0.));
#4795=DIRECTION('ref_axis',(0.,0.,-1.));
#4796=DIRECTION('',(0.,0.,-1.));
#4797=DIRECTION('',(-1.,0.,0.));
#4798=DIRECTION('',(0.,0.,-1.));
#4799=DIRECTION('center_axis',(0.,0.,-1.));
#4800=DIRECTION('ref_axis',(0.,-1.,0.));
#4801=DIRECTION('',(0.,1.,0.));
#4802=DIRECTION('',(-1.,0.,0.));
#4803=DIRECTION('',(0.,-1.,0.));
#4804=DIRECTION('center_axis',(0.,1.,0.));
#4805=DIRECTION('ref_axis',(0.,0.,-1.));
#4806=DIRECTION('',(0.,0.,-1.));
#4807=DIRECTION('',(-1.,0.,0.));
#4808=DIRECTION('',(0.,0.,-1.));
#4809=DIRECTION('center_axis',(0.,0.,-1.));
#4810=DIRECTION('ref_axis',(0.,-1.,0.));
#4811=DIRECTION('',(0.,-1.,0.));
#4812=DIRECTION('',(-1.,0.,0.));
#4813=DIRECTION('',(0.,-1.,0.));
#4814=DIRECTION('center_axis',(0.,-1.,0.));
#4815=DIRECTION('ref_axis',(0.,0.,1.));
#4816=DIRECTION('',(0.,0.,-1.));
#4817=DIRECTION('',(-1.,0.,0.));
#4818=DIRECTION('',(0.,0.,1.));
#4819=DIRECTION('center_axis',(0.,0.,-1.));
#4820=DIRECTION('ref_axis',(0.,-1.,0.));
#4821=DIRECTION('',(0.,-1.,0.));
#4822=DIRECTION('',(-1.,0.,0.));
#4823=DIRECTION('',(0.,-1.,0.));
#4824=DIRECTION('center_axis',(0.,1.,0.));
#4825=DIRECTION('ref_axis',(0.,0.,-1.));
#4826=DIRECTION('',(0.,0.,-1.));
#4827=DIRECTION('',(-1.,0.,0.));
#4828=DIRECTION('',(0.,0.,-1.));
#4829=DIRECTION('center_axis',(0.,0.,-1.));
#4830=DIRECTION('ref_axis',(0.,-1.,0.));
#4831=DIRECTION('',(0.,1.,0.));
#4832=DIRECTION('',(-1.,0.,0.));
#4833=DIRECTION('',(0.,-1.,0.));
#4834=DIRECTION('center_axis',(0.,-1.,0.));
#4835=DIRECTION('ref_axis',(0.,0.,1.));
#4836=DIRECTION('',(0.,0.,-1.));
#4837=DIRECTION('',(-1.,0.,0.));
#4838=DIRECTION('',(0.,0.,1.));
#4839=DIRECTION('center_axis',(0.,-8.95341161802503E-17,1.));
#4840=DIRECTION('ref_axis',(0.,1.,8.95341161802503E-17));
#4841=DIRECTION('',(0.,1.,8.95341161802503E-17));
#4842=DIRECTION('',(-1.,0.,0.));
#4843=DIRECTION('',(0.,1.,8.95341161802503E-17));
#4844=DIRECTION('center_axis',(1.,0.,0.));
#4845=DIRECTION('ref_axis',(0.,-1.,-4.16333634234434E-16));
#4846=DIRECTION('center_axis',(-1.,0.,0.));
#4847=DIRECTION('ref_axis',(0.,-1.,-4.16333634234434E-16));
#4848=DIRECTION('',(-1.,0.,0.));
#4849=DIRECTION('center_axis',(-1.,0.,0.));
#4850=DIRECTION('ref_axis',(0.,-1.,-4.16333634234434E-16));
#4851=DIRECTION('center_axis',(0.,-1.,0.));
#4852=DIRECTION('ref_axis',(0.,0.,1.));
#4853=DIRECTION('',(0.,0.,1.));
#4854=DIRECTION('',(-1.,0.,0.));
#4855=DIRECTION('',(0.,0.,1.));
#4856=DIRECTION('center_axis',(1.,0.,0.));
#4857=DIRECTION('ref_axis',(0.,1.,0.));
#4858=DIRECTION('center_axis',(-1.,0.,0.));
#4859=DIRECTION('ref_axis',(0.,1.,0.));
#4860=DIRECTION('center_axis',(1.,0.,0.));
#4861=DIRECTION('ref_axis',(0.,1.,0.));
#4862=DIRECTION('center_axis',(-1.,0.,0.));
#4863=DIRECTION('ref_axis',(0.,0.,1.));
#4864=DIRECTION('center_axis',(-1.,0.,0.));
#4865=DIRECTION('ref_axis',(0.,0.,1.));
#4866=DIRECTION('axis',(0.,0.,1.));
#4867=DIRECTION('refdir',(1.,0.,0.));
#4868=DIRECTION('center_axis',(1.,0.,0.));
#4869=DIRECTION('ref_axis',(0.,0.,1.));
#4870=DIRECTION('center_axis',(-1.,0.,0.));
#4871=DIRECTION('ref_axis',(0.,0.,1.));
#4872=DIRECTION('',(-1.,0.,0.));
#4873=DIRECTION('center_axis',(1.,0.,0.));
#4874=DIRECTION('ref_axis',(0.,0.,1.));
#4875=DIRECTION('center_axis',(0.,0.,1.));
#4876=DIRECTION('ref_axis',(0.,-1.,0.));
#4877=DIRECTION('',(0.,1.,0.));
#4878=DIRECTION('',(1.,0.,0.));
#4879=DIRECTION('',(0.,-1.,0.));
#4880=DIRECTION('',(1.,0.,0.));
#4881=DIRECTION('center_axis',(0.,1.,0.));
#4882=DIRECTION('ref_axis',(0.,0.,1.));
#4883=DIRECTION('',(0.,0.,1.));
#4884=DIRECTION('',(0.,0.,1.));
#4885=DIRECTION('',(1.,0.,0.));
#4886=DIRECTION('center_axis',(0.,0.,1.));
#4887=DIRECTION('ref_axis',(0.,-1.,0.));
#4888=DIRECTION('',(0.,-1.,0.));
#4889=DIRECTION('',(0.,-1.,0.));
#4890=DIRECTION('',(1.,0.,0.));
#4891=DIRECTION('center_axis',(0.,1.,0.));
#4892=DIRECTION('ref_axis',(0.,0.,1.));
#4893=DIRECTION('',(0.,0.,1.));
#4894=DIRECTION('',(0.,0.,1.));
#4895=DIRECTION('',(1.,0.,0.));
#4896=DIRECTION('center_axis',(0.,0.,1.));
#4897=DIRECTION('ref_axis',(0.,-1.,0.));
#4898=DIRECTION('',(0.,-1.,0.));
#4899=DIRECTION('',(0.,-1.,0.));
#4900=DIRECTION('',(1.,0.,0.));
#4901=DIRECTION('center_axis',(0.,1.,-1.80942670291451E-8));
#4902=DIRECTION('ref_axis',(0.,1.80942670291451E-8,1.));
#4903=DIRECTION('',(0.,1.80942670291451E-8,1.));
#4904=DIRECTION('',(0.,1.80942670291451E-8,1.));
#4905=DIRECTION('',(1.,0.,0.));
#4906=DIRECTION('center_axis',(0.,0.,-1.));
#4907=DIRECTION('ref_axis',(0.,1.,0.));
#4908=DIRECTION('',(0.,1.,0.));
#4909=DIRECTION('',(0.,1.,0.));
#4910=DIRECTION('',(1.,0.,0.));
#4911=DIRECTION('center_axis',(0.,1.,0.));
#4912=DIRECTION('ref_axis',(0.,0.,1.));
#4913=DIRECTION('',(0.,0.,-1.));
#4914=DIRECTION('',(0.,0.,1.));
#4915=DIRECTION('',(1.,0.,0.));
#4916=DIRECTION('center_axis',(0.,0.,-1.));
#4917=DIRECTION('ref_axis',(0.,1.,0.));
#4918=DIRECTION('',(0.,-1.,0.));
#4919=DIRECTION('',(0.,1.,0.));
#4920=DIRECTION('',(1.,0.,0.));
#4921=DIRECTION('center_axis',(0.,0.999999999999984,-1.81042231524502E-7));
#4922=DIRECTION('ref_axis',(0.,1.81042231524502E-7,0.999999999999984));
#4923=DIRECTION('',(0.,1.81042231524502E-7,0.999999999999984));
#4924=DIRECTION('',(0.,1.81042231524502E-7,0.999999999999984));
#4925=DIRECTION('',(1.,0.,0.));
#4926=DIRECTION('center_axis',(0.,0.,-1.));
#4927=DIRECTION('ref_axis',(0.,1.,0.));
#4928=DIRECTION('',(0.,-1.,0.));
#4929=DIRECTION('',(0.,1.,0.));
#4930=DIRECTION('',(1.,0.,0.));
#4931=DIRECTION('center_axis',(1.,0.,0.));
#4932=DIRECTION('ref_axis',(0.,0.000422863954089099,-0.999999910593034));
#4933=DIRECTION('center_axis',(-1.,0.,0.));
#4934=DIRECTION('ref_axis',(0.,0.000422863954089099,-0.999999910593034));
#4935=DIRECTION('center_axis',(1.,0.,0.));
#4936=DIRECTION('ref_axis',(0.,0.000422863954089099,-0.999999910593034));
#4937=DIRECTION('',(1.,0.,0.));
#4938=DIRECTION('center_axis',(0.,-1.,0.));
#4939=DIRECTION('ref_axis',(0.,0.,-1.));
#4940=DIRECTION('',(0.,0.,1.));
#4941=DIRECTION('',(0.,0.,-1.));
#4942=DIRECTION('',(1.,0.,0.));
#4943=DIRECTION('center_axis',(1.,0.,0.));
#4944=DIRECTION('ref_axis',(0.,-1.,0.));
#4945=DIRECTION('center_axis',(-1.,0.,0.));
#4946=DIRECTION('ref_axis',(0.,-1.,0.));
#4947=DIRECTION('center_axis',(1.,0.,0.));
#4948=DIRECTION('ref_axis',(0.,-1.,0.));
#4949=DIRECTION('',(1.,0.,0.));
#4950=DIRECTION('center_axis',(0.,0.,1.));
#4951=DIRECTION('ref_axis',(0.,-1.,0.));
#4952=DIRECTION('',(0.,1.,0.));
#4953=DIRECTION('',(0.,-1.,0.));
#4954=DIRECTION('',(1.,0.,0.));
#4955=DIRECTION('center_axis',(1.,0.,0.));
#4956=DIRECTION('ref_axis',(0.,1.,0.));
#4957=DIRECTION('center_axis',(-1.,0.,0.));
#4958=DIRECTION('ref_axis',(0.,1.,0.));
#4959=DIRECTION('center_axis',(-1.,0.,0.));
#4960=DIRECTION('ref_axis',(0.,1.,0.));
#4961=DIRECTION('',(1.,0.,0.));
#4962=DIRECTION('center_axis',(0.,-1.,0.));
#4963=DIRECTION('ref_axis',(0.,0.,-1.));
#4964=DIRECTION('',(0.,0.,1.));
#4965=DIRECTION('',(0.,0.,-1.));
#4966=DIRECTION('',(1.,0.,0.));
#4967=DIRECTION('center_axis',(1.,0.,0.));
#4968=DIRECTION('ref_axis',(0.,-1.,-4.16333634234434E-16));
#4969=DIRECTION('center_axis',(-1.,0.,0.));
#4970=DIRECTION('ref_axis',(0.,-1.,-4.16333634234434E-16));
#4971=DIRECTION('center_axis',(1.,0.,0.));
#4972=DIRECTION('ref_axis',(0.,-1.,-4.16333634234434E-16));
#4973=DIRECTION('',(1.,0.,0.));
#4974=DIRECTION('center_axis',(0.,-8.95341161802503E-17,1.));
#4975=DIRECTION('ref_axis',(0.,-1.,-8.95341161802503E-17));
#4976=DIRECTION('',(0.,1.,8.95341161802503E-17));
#4977=DIRECTION('',(0.,-1.,-8.95341161802503E-17));
#4978=DIRECTION('',(1.,0.,0.));
#4979=DIRECTION('center_axis',(0.,-1.,0.));
#4980=DIRECTION('ref_axis',(0.,0.,-1.));
#4981=DIRECTION('',(0.,0.,-1.));
#4982=DIRECTION('',(0.,0.,-1.));
#4983=DIRECTION('center_axis',(-1.,0.,0.));
#4984=DIRECTION('ref_axis',(0.,0.,1.));
#4985=DIRECTION('center_axis',(-1.,0.,0.));
#4986=DIRECTION('ref_axis',(0.,0.,1.));
#4987=DIRECTION('center_axis',(1.,0.,0.));
#4988=DIRECTION('ref_axis',(0.,0.,1.));
#4989=DIRECTION('center_axis',(-1.,0.,0.));
#4990=DIRECTION('ref_axis',(0.,0.,1.));
#4991=DIRECTION('',(1.,0.,0.));
#4992=DIRECTION('center_axis',(1.,0.,0.));
#4993=DIRECTION('ref_axis',(0.,0.,1.));
#4994=DIRECTION('center_axis',(0.,0.,-1.));
#4995=DIRECTION('ref_axis',(0.,-1.,0.));
#4996=DIRECTION('',(0.,1.,0.));
#4997=DIRECTION('',(-1.,0.,0.));
#4998=DIRECTION('',(0.,-1.,0.));
#4999=DIRECTION('',(-1.,0.,0.));
#5000=DIRECTION('center_axis',(0.,-1.,0.));
#5001=DIRECTION('ref_axis',(0.,0.,1.));
#5002=DIRECTION('',(0.,0.,1.));
#5003=DIRECTION('',(-1.,0.,0.));
#5004=DIRECTION('',(0.,0.,1.));
#5005=DIRECTION('center_axis',(0.,0.,-1.));
#5006=DIRECTION('ref_axis',(0.,-1.,0.));
#5007=DIRECTION('',(0.,-1.,0.));
#5008=DIRECTION('',(-1.,0.,0.));
#5009=DIRECTION('',(0.,-1.,0.));
#5010=DIRECTION('center_axis',(0.,-1.,0.));
#5011=DIRECTION('ref_axis',(0.,0.,1.));
#5012=DIRECTION('',(0.,0.,1.));
#5013=DIRECTION('',(-1.,0.,0.));
#5014=DIRECTION('',(0.,0.,1.));
#5015=DIRECTION('center_axis',(0.,0.,-1.));
#5016=DIRECTION('ref_axis',(0.,-1.,0.));
#5017=DIRECTION('',(0.,-1.,0.));
#5018=DIRECTION('',(-1.,0.,0.));
#5019=DIRECTION('',(0.,-1.,0.));
#5020=DIRECTION('center_axis',(0.,-1.,1.80942670291451E-8));
#5021=DIRECTION('ref_axis',(0.,1.80942670291451E-8,1.));
#5022=DIRECTION('',(0.,1.80942670291451E-8,1.));
#5023=DIRECTION('',(-1.,0.,0.));
#5024=DIRECTION('',(0.,1.80942670291451E-8,1.));
#5025=DIRECTION('center_axis',(0.,0.,1.));
#5026=DIRECTION('ref_axis',(0.,1.,0.));
#5027=DIRECTION('',(0.,1.,0.));
#5028=DIRECTION('',(-1.,0.,0.));
#5029=DIRECTION('',(0.,1.,0.));
#5030=DIRECTION('center_axis',(0.,-1.,0.));
#5031=DIRECTION('ref_axis',(0.,0.,1.));
#5032=DIRECTION('',(0.,0.,-1.));
#5033=DIRECTION('',(-1.,0.,0.));
#5034=DIRECTION('',(0.,0.,1.));
#5035=DIRECTION('center_axis',(0.,0.,1.));
#5036=DIRECTION('ref_axis',(0.,1.,0.));
#5037=DIRECTION('',(0.,-1.,0.));
#5038=DIRECTION('',(-1.,0.,0.));
#5039=DIRECTION('',(0.,1.,0.));
#5040=DIRECTION('center_axis',(0.,-0.999999999999984,1.81042231524502E-7));
#5041=DIRECTION('ref_axis',(0.,1.81042231524502E-7,0.999999999999984));
#5042=DIRECTION('',(0.,1.81042231524502E-7,0.999999999999984));
#5043=DIRECTION('',(-1.,0.,0.));
#5044=DIRECTION('',(0.,1.81042231524502E-7,0.999999999999984));
#5045=DIRECTION('center_axis',(0.,0.,1.));
#5046=DIRECTION('ref_axis',(0.,1.,0.));
#5047=DIRECTION('',(0.,-1.,0.));
#5048=DIRECTION('',(-1.,0.,0.));
#5049=DIRECTION('',(0.,1.,0.));
#5050=DIRECTION('center_axis',(1.,0.,0.));
#5051=DIRECTION('ref_axis',(0.,0.000422863954089099,-0.999999910593034));
#5052=DIRECTION('center_axis',(-1.,0.,0.));
#5053=DIRECTION('ref_axis',(0.,0.000422863954089099,-0.999999910593034));
#5054=DIRECTION('',(-1.,0.,0.));
#5055=DIRECTION('center_axis',(1.,0.,0.));
#5056=DIRECTION('ref_axis',(0.,0.000422863954089099,-0.999999910593034));
#5057=DIRECTION('center_axis',(0.,1.,0.));
#5058=DIRECTION('ref_axis',(0.,0.,-1.));
#5059=DIRECTION('',(0.,0.,1.));
#5060=DIRECTION('',(-1.,0.,0.));
#5061=DIRECTION('',(0.,0.,-1.));
#5062=DIRECTION('center_axis',(1.,0.,0.));
#5063=DIRECTION('ref_axis',(0.,-1.,0.));
#5064=DIRECTION('center_axis',(-1.,0.,0.));
#5065=DIRECTION('ref_axis',(0.,-1.,0.));
#5066=DIRECTION('',(-1.,0.,0.));
#5067=DIRECTION('center_axis',(1.,0.,0.));
#5068=DIRECTION('ref_axis',(0.,-1.,0.));
#5069=DIRECTION('center_axis',(0.,0.,-1.));
#5070=DIRECTION('ref_axis',(0.,-1.,0.));
#5071=DIRECTION('',(0.,1.,0.));
#5072=DIRECTION('',(-1.,0.,0.));
#5073=DIRECTION('',(0.,-1.,0.));
#5074=DIRECTION('center_axis',(1.,0.,0.));
#5075=DIRECTION('ref_axis',(0.,1.,0.));
#5076=DIRECTION('center_axis',(-1.,0.,0.));
#5077=DIRECTION('ref_axis',(0.,1.,0.));
#5078=DIRECTION('',(-1.,0.,0.));
#5079=DIRECTION('center_axis',(-1.,0.,0.));
#5080=DIRECTION('ref_axis',(0.,1.,0.));
#5081=DIRECTION('center_axis',(0.,1.,0.));
#5082=DIRECTION('ref_axis',(0.,0.,-1.));
#5083=DIRECTION('',(0.,0.,1.));
#5084=DIRECTION('',(-1.,0.,0.));
#5085=DIRECTION('',(0.,0.,-1.));
#5086=DIRECTION('center_axis',(1.,0.,0.));
#5087=DIRECTION('ref_axis',(0.,-1.,-4.16333634234434E-16));
#5088=DIRECTION('center_axis',(-1.,0.,0.));
#5089=DIRECTION('ref_axis',(0.,-1.,-4.16333634234434E-16));
#5090=DIRECTION('',(-1.,0.,0.));
#5091=DIRECTION('center_axis',(1.,0.,0.));
#5092=DIRECTION('ref_axis',(0.,-1.,-4.16333634234434E-16));
#5093=DIRECTION('center_axis',(0.,8.95341161802503E-17,-1.));
#5094=DIRECTION('ref_axis',(0.,-1.,-8.95341161802503E-17));
#5095=DIRECTION('',(0.,1.,8.95341161802503E-17));
#5096=DIRECTION('',(-1.,0.,0.));
#5097=DIRECTION('',(0.,-1.,-8.95341161802503E-17));
#5098=DIRECTION('center_axis',(0.,1.,0.));
#5099=DIRECTION('ref_axis',(0.,0.,-1.));
#5100=DIRECTION('',(0.,0.,-1.));
#5101=DIRECTION('',(0.,0.,-1.));
#5102=DIRECTION('center_axis',(-1.,0.,0.));
#5103=DIRECTION('ref_axis',(0.,0.,1.));
#5104=DIRECTION('center_axis',(-1.,0.,0.));
#5105=DIRECTION('ref_axis',(0.,0.,1.));
#5106=DIRECTION('axis',(0.,0.,1.));
#5107=DIRECTION('refdir',(1.,0.,0.));
#5108=DIRECTION('center_axis',(0.,0.,1.));
#5109=DIRECTION('ref_axis',(-1.,0.,0.));
#5110=DIRECTION('',(1.,0.,0.));
#5111=DIRECTION('',(0.,-1.,0.));
#5112=DIRECTION('',(-1.,0.,0.));
#5113=DIRECTION('',(0.,-1.,0.));
#5114=DIRECTION('center_axis',(1.,0.,0.));
#5115=DIRECTION('ref_axis',(0.,0.,1.));
#5116=DIRECTION('',(0.,0.,-1.));
#5117=DIRECTION('',(0.,0.,1.));
#5118=DIRECTION('',(0.,-1.,0.));
#5119=DIRECTION('center_axis',(0.,0.,-1.));
#5120=DIRECTION('ref_axis',(1.,0.,0.));
#5121=DIRECTION('',(-1.,0.,0.));
#5122=DIRECTION('',(1.,0.,0.));
#5123=DIRECTION('',(0.,-1.,0.));
#5124=DIRECTION('center_axis',(-1.,0.,0.));
#5125=DIRECTION('ref_axis',(0.,0.,-1.));
#5126=DIRECTION('',(0.,0.,1.));
#5127=DIRECTION('',(0.,0.,-1.));
#5128=DIRECTION('',(0.,-1.,0.));
#5129=DIRECTION('center_axis',(0.,0.,-1.));
#5130=DIRECTION('ref_axis',(1.,0.,0.));
#5131=DIRECTION('',(-1.,0.,0.));
#5132=DIRECTION('',(1.,0.,0.));
#5133=DIRECTION('',(0.,-1.,0.));
#5134=DIRECTION('center_axis',(1.,0.,0.));
#5135=DIRECTION('ref_axis',(0.,0.,1.));
#5136=DIRECTION('',(0.,0.,1.));
#5137=DIRECTION('',(0.,0.,1.));
#5138=DIRECTION('',(0.,-1.,0.));
#5139=DIRECTION('center_axis',(0.,0.,-1.));
#5140=DIRECTION('ref_axis',(1.,0.,0.));
#5141=DIRECTION('',(1.,0.,0.));
#5142=DIRECTION('',(1.,0.,0.));
#5143=DIRECTION('',(0.,-1.,0.));
#5144=DIRECTION('center_axis',(-1.,0.,0.));
#5145=DIRECTION('ref_axis',(0.,0.,-1.));
#5146=DIRECTION('',(0.,0.,-1.));
#5147=DIRECTION('',(0.,0.,-1.));
#5148=DIRECTION('',(0.,-1.,0.));
#5149=DIRECTION('center_axis',(0.,0.,1.));
#5150=DIRECTION('ref_axis',(-1.,0.,0.));
#5151=DIRECTION('',(-1.,0.,0.));
#5152=DIRECTION('',(-1.,0.,0.));
#5153=DIRECTION('',(0.,-1.,0.));
#5154=DIRECTION('center_axis',(-1.,0.,0.));
#5155=DIRECTION('ref_axis',(0.,0.,-1.));
#5156=DIRECTION('',(0.,0.,-1.));
#5157=DIRECTION('',(0.,0.,-1.));
#5158=DIRECTION('',(0.,-1.,0.));
#5159=DIRECTION('center_axis',(0.,0.,-1.));
#5160=DIRECTION('ref_axis',(1.,0.,0.));
#5161=DIRECTION('',(-1.,0.,0.));
#5162=DIRECTION('',(1.,0.,0.));
#5163=DIRECTION('',(0.,-1.,0.));
#5164=DIRECTION('center_axis',(-0.999999999999999,0.,-5.36441802978515E-8));
#5165=DIRECTION('ref_axis',(5.36441802978515E-8,0.,-0.999999999999999));
#5166=DIRECTION('',(5.36441802978515E-8,0.,-0.999999999999999));
#5167=DIRECTION('',(5.36441802978515E-8,0.,-0.999999999999999));
#5168=DIRECTION('',(0.,-1.,0.));
#5169=DIRECTION('center_axis',(0.,0.,1.));
#5170=DIRECTION('ref_axis',(-1.,0.,0.));
#5171=DIRECTION('',(-1.,0.,0.));
#5172=DIRECTION('',(-1.,0.,0.));
#5173=DIRECTION('',(0.,-1.,0.));
#5174=DIRECTION('center_axis',(1.,0.,0.));
#5175=DIRECTION('ref_axis',(0.,0.,1.));
#5176=DIRECTION('',(0.,0.,-1.));
#5177=DIRECTION('',(0.,0.,1.));
#5178=DIRECTION('',(0.,-1.,0.));
#5179=DIRECTION('center_axis',(0.,0.,1.));
#5180=DIRECTION('ref_axis',(-1.,0.,0.));
#5181=DIRECTION('',(1.,0.,0.));
#5182=DIRECTION('',(-1.,0.,0.));
#5183=DIRECTION('',(0.,-1.,0.));
#5184=DIRECTION('center_axis',(-1.,0.,0.));
#5185=DIRECTION('ref_axis',(0.,0.,-1.));
#5186=DIRECTION('',(0.,0.,-1.));
#5187=DIRECTION('',(0.,0.,-1.));
#5188=DIRECTION('',(0.,-1.,0.));
#5189=DIRECTION('center_axis',(0.,0.,1.));
#5190=DIRECTION('ref_axis',(-1.,0.,0.));
#5191=DIRECTION('',(1.,0.,0.));
#5192=DIRECTION('',(-1.,0.,0.));
#5193=DIRECTION('',(0.,-1.,0.));
#5194=DIRECTION('center_axis',(0.999999999999999,0.,-5.36441802978515E-8));
#5195=DIRECTION('ref_axis',(5.36441802978515E-8,0.,0.999999999999999));
#5196=DIRECTION('',(-5.36441802978515E-8,0.,-0.999999999999999));
#5197=DIRECTION('',(5.36441802978515E-8,0.,0.999999999999999));
#5198=DIRECTION('',(0.,-1.,0.));
#5199=DIRECTION('center_axis',(0.,0.,-1.));
#5200=DIRECTION('ref_axis',(1.,0.,0.));
#5201=DIRECTION('',(1.,0.,0.));
#5202=DIRECTION('',(1.,0.,0.));
#5203=DIRECTION('',(0.,-1.,0.));
#5204=DIRECTION('center_axis',(1.,0.,0.));
#5205=DIRECTION('ref_axis',(0.,0.,1.));
#5206=DIRECTION('',(0.,0.,-1.));
#5207=DIRECTION('',(0.,0.,1.));
#5208=DIRECTION('center_axis',(0.,1.,0.));
#5209=DIRECTION('ref_axis',(-1.,0.,0.));
#5210=DIRECTION('center_axis',(0.,-1.,0.));
#5211=DIRECTION('ref_axis',(0.,0.,-1.));
#5212=DIRECTION('axis',(0.,0.,1.));
#5213=DIRECTION('refdir',(1.,0.,0.));
#5214=DIRECTION('center_axis',(1.,0.,0.));
#5215=DIRECTION('ref_axis',(0.,0.,-1.));
#5216=DIRECTION('center_axis',(-1.,0.,0.));
#5217=DIRECTION('ref_axis',(0.,0.,-1.));
#5218=DIRECTION('',(-1.,0.,0.));
#5219=DIRECTION('center_axis',(-1.,0.,0.));
#5220=DIRECTION('ref_axis',(0.,0.,-1.));
#5221=DIRECTION('center_axis',(0.,0.,-1.));
#5222=DIRECTION('ref_axis',(0.,1.,0.));
#5223=DIRECTION('',(0.,-1.,0.));
#5224=DIRECTION('',(1.,0.,0.));
#5225=DIRECTION('',(0.,1.,0.));
#5226=DIRECTION('',(1.,0.,0.));
#5227=DIRECTION('center_axis',(0.,-1.,0.));
#5228=DIRECTION('ref_axis',(0.,0.,-1.));
#5229=DIRECTION('',(0.,0.,-1.));
#5230=DIRECTION('',(0.,0.,-1.));
#5231=DIRECTION('',(1.,0.,0.));
#5232=DIRECTION('center_axis',(0.,8.30073289439369E-16,-1.));
#5233=DIRECTION('ref_axis',(0.,1.,8.30073289439369E-16));
#5234=DIRECTION('',(0.,1.,8.30073289439369E-16));
#5235=DIRECTION('',(0.,1.,8.30073289439369E-16));
#5236=DIRECTION('',(1.,0.,0.));
#5237=DIRECTION('center_axis',(0.,-1.,0.));
#5238=DIRECTION('ref_axis',(0.,0.,-1.));
#5239=DIRECTION('',(0.,0.,1.));
#5240=DIRECTION('',(0.,0.,-1.));
#5241=DIRECTION('',(1.,0.,0.));
#5242=DIRECTION('center_axis',(0.,3.17206578464331E-17,1.));
#5243=DIRECTION('ref_axis',(0.,-1.,3.17206578464331E-17));
#5244=DIRECTION('',(0.,-1.,3.17206578464331E-17));
#5245=DIRECTION('',(0.,-1.,3.17206578464331E-17));
#5246=DIRECTION('',(1.,0.,0.));
#5247=DIRECTION('center_axis',(1.,0.,0.));
#5248=DIRECTION('ref_axis',(0.,1.,-7.7715611723761E-16));
#5249=DIRECTION('center_axis',(1.,0.,0.));
#5250=DIRECTION('ref_axis',(0.,1.,-7.7715611723761E-16));
#5251=DIRECTION('center_axis',(1.,0.,0.));
#5252=DIRECTION('ref_axis',(0.,1.,-7.7715611723761E-16));
#5253=DIRECTION('',(1.,0.,0.));
#5254=DIRECTION('center_axis',(0.,1.,1.62521203570707E-16));
#5255=DIRECTION('ref_axis',(0.,-1.62521203570707E-16,1.));
#5256=DIRECTION('',(0.,-1.62521203570707E-16,1.));
#5257=DIRECTION('',(0.,-1.62521203570707E-16,1.));
#5258=DIRECTION('center_axis',(1.,0.,0.));
#5259=DIRECTION('ref_axis',(0.,0.,-1.));
#5260=DIRECTION('center_axis',(1.,0.,0.));
#5261=DIRECTION('ref_axis',(0.,0.,-1.));
#5262=DIRECTION('center_axis',(1.,0.,0.));
#5263=DIRECTION('ref_axis',(0.,0.,-1.));
#5264=DIRECTION('center_axis',(-1.,0.,0.));
#5265=DIRECTION('ref_axis',(0.,0.,-1.));
#5266=DIRECTION('',(1.,0.,0.));
#5267=DIRECTION('center_axis',(-1.,0.,0.));
#5268=DIRECTION('ref_axis',(0.,0.,-1.));
#5269=DIRECTION('center_axis',(0.,0.,1.));
#5270=DIRECTION('ref_axis',(0.,1.,0.));
#5271=DIRECTION('',(0.,-1.,0.));
#5272=DIRECTION('',(-1.,0.,0.));
#5273=DIRECTION('',(0.,1.,0.));
#5274=DIRECTION('',(-1.,0.,0.));
#5275=DIRECTION('center_axis',(0.,1.,0.));
#5276=DIRECTION('ref_axis',(0.,0.,-1.));
#5277=DIRECTION('',(0.,0.,-1.));
#5278=DIRECTION('',(-1.,0.,0.));
#5279=DIRECTION('',(0.,0.,-1.));
#5280=DIRECTION('center_axis',(0.,-8.30073289439369E-16,1.));
#5281=DIRECTION('ref_axis',(0.,1.,8.30073289439369E-16));
#5282=DIRECTION('',(0.,1.,8.30073289439369E-16));
#5283=DIRECTION('',(-1.,0.,0.));
#5284=DIRECTION('',(0.,1.,8.30073289439369E-16));
#5285=DIRECTION('center_axis',(0.,1.,0.));
#5286=DIRECTION('ref_axis',(0.,0.,-1.));
#5287=DIRECTION('',(0.,0.,1.));
#5288=DIRECTION('',(-1.,0.,0.));
#5289=DIRECTION('',(0.,0.,-1.));
#5290=DIRECTION('center_axis',(0.,-3.17206578464331E-17,-1.));
#5291=DIRECTION('ref_axis',(0.,-1.,3.17206578464331E-17));
#5292=DIRECTION('',(0.,-1.,3.17206578464331E-17));
#5293=DIRECTION('',(-1.,0.,0.));
#5294=DIRECTION('',(0.,-1.,3.17206578464331E-17));
#5295=DIRECTION('center_axis',(1.,0.,0.));
#5296=DIRECTION('ref_axis',(0.,1.,-7.7715611723761E-16));
#5297=DIRECTION('center_axis',(1.,0.,0.));
#5298=DIRECTION('ref_axis',(0.,1.,-7.7715611723761E-16));
#5299=DIRECTION('',(-1.,0.,0.));
#5300=DIRECTION('center_axis',(1.,0.,0.));
#5301=DIRECTION('ref_axis',(0.,1.,-7.7715611723761E-16));
#5302=DIRECTION('center_axis',(0.,-1.,-1.62521203570707E-16));
#5303=DIRECTION('ref_axis',(0.,-1.62521203570707E-16,1.));
#5304=DIRECTION('',(0.,-1.62521203570707E-16,1.));
#5305=DIRECTION('',(0.,-1.62521203570707E-16,1.));
#5306=DIRECTION('center_axis',(1.,0.,0.));
#5307=DIRECTION('ref_axis',(0.,0.,-1.));
#5308=DIRECTION('center_axis',(1.,0.,0.));
#5309=DIRECTION('ref_axis',(0.,0.,-1.));
#5310=DIRECTION('axis',(0.,0.,1.));
#5311=DIRECTION('refdir',(1.,0.,0.));
#5312=DIRECTION('center_axis',(1.13950056188247E-8,1.,0.));
#5313=DIRECTION('ref_axis',(1.,-1.13950056188247E-8,0.));
#5314=DIRECTION('',(-1.,1.13950056188247E-8,0.));
#5315=DIRECTION('',(0.,0.,-1.));
#5316=DIRECTION('',(1.,-1.13950056188247E-8,0.));
#5317=DIRECTION('',(0.,0.,-1.));
#5318=DIRECTION('center_axis',(-1.13950055139011E-8,-1.,0.));
#5319=DIRECTION('ref_axis',(-1.,1.13950055139011E-8,0.));
#5320=DIRECTION('',(-1.,1.13950055139011E-8,0.));
#5321=DIRECTION('',(0.,0.,-1.));
#5322=DIRECTION('',(-1.,1.13950055139011E-8,0.));
#5323=DIRECTION('',(0.,0.,-1.));
#5324=DIRECTION('center_axis',(-1.,1.13950056188247E-8,0.));
#5325=DIRECTION('ref_axis',(1.13950056188247E-8,1.,0.));
#5326=DIRECTION('',(-1.13950056188247E-8,-1.,0.));
#5327=DIRECTION('',(0.,0.,-1.));
#5328=DIRECTION('',(1.13950056188247E-8,1.,0.));
#5329=DIRECTION('center_axis',(1.13950055623248E-8,1.,0.));
#5330=DIRECTION('ref_axis',(1.,-1.13950055623248E-8,0.));
#5331=DIRECTION('',(1.,-1.13950055623248E-8,0.));
#5332=DIRECTION('',(0.,0.,-1.));
#5333=DIRECTION('',(1.,-1.13950055623248E-8,0.));
#5334=DIRECTION('center_axis',(-1.,1.13950056188247E-8,0.));
#5335=DIRECTION('ref_axis',(1.13950056188247E-8,1.,0.));
#5336=DIRECTION('',(1.13950056188247E-8,1.,0.));
#5337=DIRECTION('',(1.13950056188247E-8,1.,0.));
#5338=DIRECTION('center_axis',(0.,-1.,0.));
#5339=DIRECTION('ref_axis',(-1.,0.,0.));
#5340=DIRECTION('',(1.,0.,0.));
#5341=DIRECTION('',(0.,0.,-1.));
#5342=DIRECTION('',(-1.,0.,0.));
#5343=DIRECTION('center_axis',(1.04923617212064E-16,1.,0.));
#5344=DIRECTION('ref_axis',(1.,-1.04923617212064E-16,0.));
#5345=DIRECTION('',(1.,-1.04923617212064E-16,0.));
#5346=DIRECTION('',(1.,-1.04923617212064E-16,0.));
#5347=DIRECTION('',(0.,0.,-1.));
#5348=DIRECTION('center_axis',(-1.,0.,0.));
#5349=DIRECTION('ref_axis',(0.,1.,0.));
#5350=DIRECTION('',(0.,-1.,0.));
#5351=DIRECTION('',(0.,1.,0.));
#5352=DIRECTION('',(0.,0.,-1.));
#5353=DIRECTION('center_axis',(-5.64998994720181E-17,-1.,0.));
#5354=DIRECTION('ref_axis',(-1.,5.64998994720181E-17,0.));
#5355=DIRECTION('',(-1.,5.64998994720181E-17,0.));
#5356=DIRECTION('',(-1.,5.64998994720181E-17,0.));
#5357=DIRECTION('',(0.,0.,-1.));
#5358=DIRECTION('center_axis',(-1.,0.,0.));
#5359=DIRECTION('ref_axis',(0.,1.,0.));
#5360=DIRECTION('',(0.,1.,0.));
#5361=DIRECTION('',(0.,1.,0.));
#5362=DIRECTION('center_axis',(0.,0.,-1.));
#5363=DIRECTION('ref_axis',(-1.,0.,0.));
#5364=DIRECTION('center_axis',(0.,0.,-1.));
#5365=DIRECTION('ref_axis',(-1.,0.,0.));
#5366=DIRECTION('axis',(0.,0.,1.));
#5367=DIRECTION('refdir',(1.,0.,0.));
#5368=DIRECTION('center_axis',(-1.,1.13950056188247E-8,0.));
#5369=DIRECTION('ref_axis',(1.13950056188247E-8,1.,0.));
#5370=DIRECTION('',(-1.13950056188247E-8,-1.,0.));
#5371=DIRECTION('',(0.,0.,-1.));
#5372=DIRECTION('',(1.13950056188247E-8,1.,0.));
#5373=DIRECTION('',(0.,0.,-1.));
#5374=DIRECTION('center_axis',(-1.13950056188247E-8,-1.,0.));
#5375=DIRECTION('ref_axis',(-1.,1.13950056188247E-8,0.));
#5376=DIRECTION('',(1.,-1.13950056188247E-8,0.));
#5377=DIRECTION('',(0.,0.,-1.));
#5378=DIRECTION('',(-1.,1.13950056188247E-8,0.));
#5379=DIRECTION('center_axis',(-0.999999999999995,1.0293797541038E-7,0.));
#5380=DIRECTION('ref_axis',(1.0293797541038E-7,0.999999999999995,0.));
#5381=DIRECTION('',(-1.0293797541038E-7,-0.999999999999995,0.));
#5382=DIRECTION('',(0.,0.,-1.));
#5383=DIRECTION('',(1.0293797541038E-7,0.999999999999995,0.));
#5384=DIRECTION('center_axis',(1.13950055139011E-8,1.,0.));
#5385=DIRECTION('ref_axis',(1.,-1.13950055139011E-8,0.));
#5386=DIRECTION('',(-1.,1.13950055139011E-8,0.));
#5387=DIRECTION('',(0.,0.,-1.));
#5388=DIRECTION('',(1.,-1.13950055139011E-8,0.));
#5389=DIRECTION('center_axis',(-1.13950056188247E-8,-1.,0.));
#5390=DIRECTION('ref_axis',(-1.,1.13950056188247E-8,0.));
#5391=DIRECTION('',(-1.,1.13950056188247E-8,0.));
#5392=DIRECTION('',(-1.,1.13950056188247E-8,0.));
#5393=DIRECTION('',(0.,0.,-1.));
#5394=DIRECTION('center_axis',(-1.,0.,0.));
#5395=DIRECTION('ref_axis',(0.,1.,0.));
#5396=DIRECTION('',(0.,-1.,0.));
#5397=DIRECTION('',(0.,0.,-1.));
#5398=DIRECTION('',(0.,1.,0.));
#5399=DIRECTION('',(0.,0.,-1.));
#5400=DIRECTION('center_axis',(0.,1.,0.));
#5401=DIRECTION('ref_axis',(1.,0.,0.));
#5402=DIRECTION('',(-1.,0.,0.));
#5403=DIRECTION('',(1.,0.,0.));
#5404=DIRECTION('',(0.,0.,-1.));
#5405=DIRECTION('center_axis',(-0.999999999999996,-9.15429697915553E-8,
0.));
#5406=DIRECTION('ref_axis',(-9.15429697915552E-8,0.999999999999996,0.));
#5407=DIRECTION('',(9.15429697915552E-8,-0.999999999999996,0.));
#5408=DIRECTION('',(-9.15429697915552E-8,0.999999999999996,0.));
#5409=DIRECTION('',(0.,0.,-1.));
#5410=DIRECTION('center_axis',(-1.04923617212064E-16,-1.,0.));
#5411=DIRECTION('ref_axis',(-1.,1.04923617212064E-16,0.));
#5412=DIRECTION('',(1.,-1.04923617212064E-16,0.));
#5413=DIRECTION('',(-1.,1.04923617212064E-16,0.));
#5414=DIRECTION('center_axis',(0.,1.,0.));
#5415=DIRECTION('ref_axis',(1.,0.,0.));
#5416=DIRECTION('',(1.,0.,0.));
#5417=DIRECTION('',(1.,0.,0.));
#5418=DIRECTION('center_axis',(0.,0.,-1.));
#5419=DIRECTION('ref_axis',(-1.,0.,0.));
#5420=DIRECTION('center_axis',(0.,0.,-1.));
#5421=DIRECTION('ref_axis',(-1.,0.,0.));
#5422=DIRECTION('axis',(0.,0.,1.));
#5423=DIRECTION('refdir',(1.,0.,0.));
#5424=DIRECTION('center_axis',(1.,0.,0.));
#5425=DIRECTION('ref_axis',(0.,0.,-1.));
#5426=DIRECTION('',(0.,0.,1.));
#5427=DIRECTION('',(0.,1.,0.));
#5428=DIRECTION('',(0.,0.,-1.));
#5429=DIRECTION('',(0.,1.,0.));
#5430=DIRECTION('center_axis',(1.,0.,0.));
#5431=DIRECTION('ref_axis',(0.,0.,-1.));
#5432=DIRECTION('',(0.,0.,-1.));
#5433=DIRECTION('',(0.,1.,0.));
#5434=DIRECTION('',(0.,0.,-1.));
#5435=DIRECTION('',(0.,1.,0.));
#5436=DIRECTION('center_axis',(3.57627868652343E-8,0.,-0.999999999999999));
#5437=DIRECTION('ref_axis',(-0.999999999999999,0.,-3.57627868652343E-8));
#5438=DIRECTION('',(-0.999999999999999,0.,-3.57627868652343E-8));
#5439=DIRECTION('',(0.,1.,0.));
#5440=DIRECTION('',(-0.999999999999999,0.,-3.57627868652343E-8));
#5441=DIRECTION('center_axis',(-1.,0.,0.));
#5442=DIRECTION('ref_axis',(0.,0.,1.));
#5443=DIRECTION('',(0.,0.,1.));
#5444=DIRECTION('',(0.,1.,0.));
#5445=DIRECTION('',(0.,0.,1.));
#5446=DIRECTION('center_axis',(0.,0.,1.));
#5447=DIRECTION('ref_axis',(1.,0.,0.));
#5448=DIRECTION('',(1.,0.,0.));
#5449=DIRECTION('',(0.,1.,0.));
#5450=DIRECTION('',(1.,0.,0.));
#5451=DIRECTION('center_axis',(-1.,0.,0.));
#5452=DIRECTION('ref_axis',(0.,0.,1.));
#5453=DIRECTION('',(0.,0.,-1.));
#5454=DIRECTION('',(0.,1.,0.));
#5455=DIRECTION('',(0.,0.,1.));
#5456=DIRECTION('center_axis',(0.,0.,1.));
#5457=DIRECTION('ref_axis',(1.,0.,0.));
#5458=DIRECTION('',(1.,0.,0.));
#5459=DIRECTION('',(0.,1.,0.));
#5460=DIRECTION('',(1.,0.,0.));
#5461=DIRECTION('center_axis',(-1.,0.,0.));
#5462=DIRECTION('ref_axis',(0.,0.,1.));
#5463=DIRECTION('',(0.,0.,1.));
#5464=DIRECTION('',(0.,1.,0.));
#5465=DIRECTION('',(0.,0.,1.));
#5466=DIRECTION('center_axis',(4.15036644719685E-16,0.,-1.));
#5467=DIRECTION('ref_axis',(-1.,0.,-4.15036644719685E-16));
#5468=DIRECTION('',(1.,0.,4.15036644719685E-16));
#5469=DIRECTION('',(0.,1.,0.));
#5470=DIRECTION('',(-1.,0.,-4.15036644719685E-16));
#5471=DIRECTION('center_axis',(-0.999999999999999,0.,-5.36441758471121E-8));
#5472=DIRECTION('ref_axis',(-5.36441758471121E-8,0.,0.999999999999999));
#5473=DIRECTION('',(-5.36441758471121E-8,0.,0.999999999999999));
#5474=DIRECTION('',(0.,1.,0.));
#5475=DIRECTION('',(-5.36441758471121E-8,0.,0.999999999999999));
#5476=DIRECTION('center_axis',(0.,0.,1.));
#5477=DIRECTION('ref_axis',(1.,0.,0.));
#5478=DIRECTION('',(1.,0.,0.));
#5479=DIRECTION('',(1.,0.,0.));
#5480=DIRECTION('center_axis',(1.,0.,0.));
#5481=DIRECTION('ref_axis',(0.,0.,-1.));
#5482=DIRECTION('',(0.,0.,1.));
#5483=DIRECTION('',(0.,1.,0.));
#5484=DIRECTION('',(0.,0.,-1.));
#5485=DIRECTION('',(0.,1.,0.));
#5486=DIRECTION('center_axis',(0.,0.,-1.));
#5487=DIRECTION('ref_axis',(-1.,0.,0.));
#5488=DIRECTION('',(1.,0.,0.));
#5489=DIRECTION('',(1.,0.,0.));
#5490=DIRECTION('center_axis',(0.,0.,1.));
#5491=DIRECTION('ref_axis',(1.,0.,0.));
#5492=DIRECTION('',(1.,0.,0.));
#5493=DIRECTION('',(1.,0.,0.));
#5494=DIRECTION('',(0.,1.,0.));
#5495=DIRECTION('center_axis',(1.,0.,0.));
#5496=DIRECTION('ref_axis',(0.,0.,-1.));
#5497=DIRECTION('',(0.,0.,-1.));
#5498=DIRECTION('',(0.,0.,-1.));
#5499=DIRECTION('',(0.,1.,0.));
#5500=DIRECTION('center_axis',(3.57627868652343E-8,0.,0.999999999999999));
#5501=DIRECTION('ref_axis',(0.999999999999999,0.,-3.57627868652343E-8));
#5502=DIRECTION('',(0.999999999999999,0.,-3.57627868652343E-8));
#5503=DIRECTION('',(0.999999999999999,0.,-3.57627868652343E-8));
#5504=DIRECTION('',(0.,1.,0.));
#5505=DIRECTION('center_axis',(-1.,0.,0.));
#5506=DIRECTION('ref_axis',(0.,0.,1.));
#5507=DIRECTION('',(0.,0.,1.));
#5508=DIRECTION('',(0.,0.,1.));
#5509=DIRECTION('',(0.,1.,0.));
#5510=DIRECTION('center_axis',(0.,0.,-1.));
#5511=DIRECTION('ref_axis',(-1.,0.,0.));
#5512=DIRECTION('',(-1.,0.,0.));
#5513=DIRECTION('',(-1.,0.,0.));
#5514=DIRECTION('',(0.,1.,0.));
#5515=DIRECTION('center_axis',(-1.,0.,0.));
#5516=DIRECTION('ref_axis',(0.,0.,1.));
#5517=DIRECTION('',(0.,0.,-1.));
#5518=DIRECTION('',(0.,0.,1.));
#5519=DIRECTION('',(0.,1.,0.));
#5520=DIRECTION('center_axis',(0.,0.,-1.));
#5521=DIRECTION('ref_axis',(-1.,0.,0.));
#5522=DIRECTION('',(-1.,0.,0.));
#5523=DIRECTION('',(-1.,0.,0.));
#5524=DIRECTION('',(0.,1.,0.));
#5525=DIRECTION('center_axis',(-1.,0.,0.));
#5526=DIRECTION('ref_axis',(0.,0.,1.));
#5527=DIRECTION('',(0.,0.,1.));
#5528=DIRECTION('',(0.,0.,1.));
#5529=DIRECTION('',(0.,1.,0.));
#5530=DIRECTION('center_axis',(4.15036644719685E-16,0.,1.));
#5531=DIRECTION('ref_axis',(1.,0.,-4.15036644719685E-16));
#5532=DIRECTION('',(-1.,0.,4.15036644719685E-16));
#5533=DIRECTION('',(1.,0.,-4.15036644719685E-16));
#5534=DIRECTION('',(0.,1.,0.));
#5535=DIRECTION('center_axis',(-0.999999999999999,0.,5.36441758471121E-8));
#5536=DIRECTION('ref_axis',(5.36441758471121E-8,0.,0.999999999999999));
#5537=DIRECTION('',(5.36441758471121E-8,0.,0.999999999999999));
#5538=DIRECTION('',(5.36441758471121E-8,0.,0.999999999999999));
#5539=DIRECTION('',(0.,1.,0.));
#5540=DIRECTION('center_axis',(0.,0.,-1.));
#5541=DIRECTION('ref_axis',(-1.,0.,0.));
#5542=DIRECTION('',(-1.,0.,0.));
#5543=DIRECTION('',(-1.,0.,0.));
#5544=DIRECTION('center_axis',(0.,1.,0.));
#5545=DIRECTION('ref_axis',(0.,0.,1.));
#5546=DIRECTION('center_axis',(0.,1.,0.));
#5547=DIRECTION('ref_axis',(1.,0.,0.));
#5548=DIRECTION('',(0.,0.,1.));
#5549=DIRECTION('',(1.,0.,0.));
#5550=DIRECTION('',(0.,0.,1.));
#5551=DIRECTION('',(1.,0.,0.));
#5552=DIRECTION('',(0.,0.,1.));
#5553=DIRECTION('',(1.,0.,0.));
#5554=DIRECTION('',(0.,0.,1.));
#5555=DIRECTION('',(1.,0.,0.));
#5556=DIRECTION('',(0.,0.,1.));
#5557=DIRECTION('',(1.,0.,0.));
#5558=DIRECTION('',(0.,0.,1.));
#5559=DIRECTION('',(1.,0.,0.));
#5560=DIRECTION('',(0.,0.,1.));
#5561=DIRECTION('',(1.,0.,0.));
#5562=DIRECTION('',(0.,0.,1.));
#5563=DIRECTION('',(1.,0.,0.));
#5564=DIRECTION('',(0.,0.,1.));
#5565=DIRECTION('',(1.,0.,0.));
#5566=DIRECTION('',(0.,0.,1.));
#5567=DIRECTION('',(1.,0.,0.));
#5568=CARTESIAN_POINT('',(0.,0.,0.));
#5569=CARTESIAN_POINT('',(0.,0.,0.));
#5570=CARTESIAN_POINT('',(0.,0.,0.));
#5571=CARTESIAN_POINT('Origin',(84.65,44.5528333333333,60.));
#5572=CARTESIAN_POINT('',(90.,44.5528333333333,60.));
#5573=CARTESIAN_POINT('',(84.65,44.5528333333333,60.));
#5574=CARTESIAN_POINT('',(90.,44.5528333333333,60.));
#5575=CARTESIAN_POINT('',(90.,44.5528333333333,54.65));
#5576=CARTESIAN_POINT('',(90.,44.5528333333333,60.));
#5577=CARTESIAN_POINT('',(84.65,44.5528333333333,54.65));
#5578=CARTESIAN_POINT('',(90.,44.5528333333333,54.65));
#5579=CARTESIAN_POINT('',(84.65,44.5528333333333,60.));
#5580=CARTESIAN_POINT('Origin',(84.65,65.,60.));
#5581=CARTESIAN_POINT('',(84.65,65.,60.));
#5582=CARTESIAN_POINT('',(84.65,44.5528333333333,60.));
#5583=CARTESIAN_POINT('',(84.65,65.,54.65));
#5584=CARTESIAN_POINT('',(84.65,44.5528333333333,54.65));
#5585=CARTESIAN_POINT('',(84.65,65.,60.));
#5586=CARTESIAN_POINT('Origin',(-84.65,65.,60.));
#5587=CARTESIAN_POINT('',(-84.65,65.,60.));
#5588=CARTESIAN_POINT('',(-84.65,65.,60.));
#5589=CARTESIAN_POINT('',(-84.65,65.,54.65));
#5590=CARTESIAN_POINT('',(-84.65,65.,54.65));
#5591=CARTESIAN_POINT('',(-84.65,65.,60.));
#5592=CARTESIAN_POINT('Origin',(-84.65,44.5528333333333,60.));
#5593=CARTESIAN_POINT('',(-84.65,44.5528333333333,60.));
#5594=CARTESIAN_POINT('',(-84.65,44.5528333333333,60.));
#5595=CARTESIAN_POINT('',(-84.65,44.5528333333333,54.65));
#5596=CARTESIAN_POINT('',(-84.65,44.5528333333333,54.65));
#5597=CARTESIAN_POINT('',(-84.65,44.5528333333333,60.));
#5598=CARTESIAN_POINT('Origin',(-90.,44.5528333333333,60.));
#5599=CARTESIAN_POINT('',(-90.,44.5528333333333,60.));
#5600=CARTESIAN_POINT('',(-90.,44.5528333333333,60.));
#5601=CARTESIAN_POINT('',(-90.,44.5528333333333,54.65));
#5602=CARTESIAN_POINT('',(-90.,44.5528333333333,54.65));
#5603=CARTESIAN_POINT('',(-90.,44.5528333333333,60.));
#5604=CARTESIAN_POINT('Origin',(-90.,25.7971666666667,60.));
#5605=CARTESIAN_POINT('',(-90.,25.7971666666667,60.));
#5606=CARTESIAN_POINT('',(-90.,25.7971666666667,60.));
#5607=CARTESIAN_POINT('',(-90.,25.7971666666667,54.65));
#5608=CARTESIAN_POINT('',(-90.,25.7971666666667,54.65));
#5609=CARTESIAN_POINT('',(-90.,25.7971666666667,60.));
#5610=CARTESIAN_POINT('Origin',(-84.65,25.7971666666667,60.));
#5611=CARTESIAN_POINT('',(-84.65,25.7971666666667,60.));
#5612=CARTESIAN_POINT('',(-90.,25.7971666666667,60.));
#5613=CARTESIAN_POINT('',(-84.65,25.7971666666667,54.65));
#5614=CARTESIAN_POINT('',(-90.,25.7971666666667,54.65));
#5615=CARTESIAN_POINT('',(-84.65,25.7971666666667,60.));
#5616=CARTESIAN_POINT('Origin',(-84.65,5.35,60.));
#5617=CARTESIAN_POINT('',(-84.65,5.35,60.));
#5618=CARTESIAN_POINT('',(-84.65,25.7971666666667,60.));
#5619=CARTESIAN_POINT('',(-84.65,5.35,54.65));
#5620=CARTESIAN_POINT('',(-84.65,25.7971666666667,54.65));
#5621=CARTESIAN_POINT('',(-84.65,5.35,60.));
#5622=CARTESIAN_POINT('Origin',(-65.,5.35,60.));
#5623=CARTESIAN_POINT('',(-65.,5.35,60.));
#5624=CARTESIAN_POINT('',(-84.65,5.35,60.));
#5625=CARTESIAN_POINT('',(-65.,5.35,54.65));
#5626=CARTESIAN_POINT('',(-84.65,5.35,54.65));
#5627=CARTESIAN_POINT('',(-65.,5.35,60.));
#5628=CARTESIAN_POINT('Origin',(-65.,0.,60.));
#5629=CARTESIAN_POINT('',(-65.,0.,60.));
#5630=CARTESIAN_POINT('',(-65.,0.,60.));
#5631=CARTESIAN_POINT('',(-65.,0.,54.65));
#5632=CARTESIAN_POINT('',(-65.,0.,54.65));
#5633=CARTESIAN_POINT('',(-65.,0.,60.));
#5634=CARTESIAN_POINT('Origin',(65.,0.,60.));
#5635=CARTESIAN_POINT('',(65.,0.,60.));
#5636=CARTESIAN_POINT('',(65.,0.,60.));
#5637=CARTESIAN_POINT('',(65.,0.,54.65));
#5638=CARTESIAN_POINT('',(65.,0.,54.65));
#5639=CARTESIAN_POINT('',(65.,0.,60.));
#5640=CARTESIAN_POINT('Origin',(65.,5.35,60.));
#5641=CARTESIAN_POINT('',(65.,5.35,60.));
#5642=CARTESIAN_POINT('',(65.,0.,60.));
#5643=CARTESIAN_POINT('',(65.,5.35,54.65));
#5644=CARTESIAN_POINT('',(65.,0.,54.65));
#5645=CARTESIAN_POINT('',(65.,5.35,60.));
#5646=CARTESIAN_POINT('Origin',(84.65,5.35,60.));
#5647=CARTESIAN_POINT('',(84.65,5.35,60.));
#5648=CARTESIAN_POINT('',(65.,5.35,60.));
#5649=CARTESIAN_POINT('',(84.65,5.35,54.65));
#5650=CARTESIAN_POINT('',(65.,5.35,54.65));
#5651=CARTESIAN_POINT('',(84.65,5.35,60.));
#5652=CARTESIAN_POINT('Origin',(84.65,25.7971666666667,60.));
#5653=CARTESIAN_POINT('',(84.65,25.7971666666667,60.));
#5654=CARTESIAN_POINT('',(84.65,25.7971666666667,60.));
#5655=CARTESIAN_POINT('',(84.65,25.7971666666667,54.65));
#5656=CARTESIAN_POINT('',(84.65,25.7971666666667,54.65));
#5657=CARTESIAN_POINT('',(84.65,25.7971666666667,60.));
#5658=CARTESIAN_POINT('Origin',(90.,25.7971666666667,60.));
#5659=CARTESIAN_POINT('',(90.,25.7971666666667,60.));
#5660=CARTESIAN_POINT('',(90.,25.7971666666667,60.));
#5661=CARTESIAN_POINT('',(90.,25.7971666666667,54.65));
#5662=CARTESIAN_POINT('',(90.,25.7971666666667,54.65));
#5663=CARTESIAN_POINT('',(90.,25.7971666666667,60.));
#5664=CARTESIAN_POINT('Origin',(90.,44.5528333333333,60.));
#5665=CARTESIAN_POINT('',(90.,25.7971666666667,60.));
#5666=CARTESIAN_POINT('',(90.,25.7971666666667,54.65));
#5667=CARTESIAN_POINT('Origin',(0.,32.5,60.));
#5668=CARTESIAN_POINT('Origin',(0.,32.5,54.65));
#5669=CARTESIAN_POINT('',(0.,0.,0.));
#5670=CARTESIAN_POINT('Origin',(90.,79.65,60.));
#5671=CARTESIAN_POINT('',(90.,70.35,60.));
#5672=CARTESIAN_POINT('',(90.,79.65,60.));
#5673=CARTESIAN_POINT('',(90.,70.35,60.));
#5674=CARTESIAN_POINT('',(90.,70.35,54.65));
#5675=CARTESIAN_POINT('',(90.,70.35,60.));
#5676=CARTESIAN_POINT('',(90.,79.65,54.65));
#5677=CARTESIAN_POINT('',(90.,70.35,54.65));
#5678=CARTESIAN_POINT('',(90.,79.65,60.));
#5679=CARTESIAN_POINT('Origin',(65.,79.65,60.));
#5680=CARTESIAN_POINT('',(65.,79.65,60.));
#5681=CARTESIAN_POINT('',(65.,79.65,60.));
#5682=CARTESIAN_POINT('',(65.,79.65,54.65));
#5683=CARTESIAN_POINT('',(65.,79.65,54.65));
#5684=CARTESIAN_POINT('',(65.,79.65,60.));
#5685=CARTESIAN_POINT('Origin',(65.,85.,60.));
#5686=CARTESIAN_POINT('',(65.,85.,60.));
#5687=CARTESIAN_POINT('',(65.,85.,60.));
#5688=CARTESIAN_POINT('',(65.,85.,54.65));
#5689=CARTESIAN_POINT('',(65.,85.,54.65));
#5690=CARTESIAN_POINT('',(65.,85.,60.));
#5691=CARTESIAN_POINT('Origin',(-65.,85.,60.));
#5692=CARTESIAN_POINT('',(-65.,85.,60.));
#5693=CARTESIAN_POINT('',(-65.,85.,60.));
#5694=CARTESIAN_POINT('',(-65.,85.,54.65));
#5695=CARTESIAN_POINT('',(-65.,85.,54.65));
#5696=CARTESIAN_POINT('',(-65.,85.,60.));
#5697=CARTESIAN_POINT('Origin',(-65.,79.65,60.));
#5698=CARTESIAN_POINT('',(-65.,79.65,60.));
#5699=CARTESIAN_POINT('',(-65.,79.65,60.));
#5700=CARTESIAN_POINT('',(-65.,79.65,54.65));
#5701=CARTESIAN_POINT('',(-65.,79.65,54.65));
#5702=CARTESIAN_POINT('',(-65.,79.65,60.));
#5703=CARTESIAN_POINT('Origin',(-90.,79.65,60.));
#5704=CARTESIAN_POINT('',(-90.,79.65,60.));
#5705=CARTESIAN_POINT('',(-90.,79.65,60.));
#5706=CARTESIAN_POINT('',(-90.,79.65,54.65));
#5707=CARTESIAN_POINT('',(-90.,79.65,54.65));
#5708=CARTESIAN_POINT('',(-90.,79.65,60.));
#5709=CARTESIAN_POINT('Origin',(-90.,70.35,60.));
#5710=CARTESIAN_POINT('',(-90.,70.35,60.));
#5711=CARTESIAN_POINT('',(-90.,70.35,60.));
#5712=CARTESIAN_POINT('',(-90.,70.35,54.65));
#5713=CARTESIAN_POINT('',(-90.,70.35,54.65));
#5714=CARTESIAN_POINT('',(-90.,70.35,60.));
#5715=CARTESIAN_POINT('Origin',(-84.65,70.35,60.));
#5716=CARTESIAN_POINT('',(-84.65,70.35,60.));
#5717=CARTESIAN_POINT('',(-90.,70.35,60.));
#5718=CARTESIAN_POINT('',(-84.65,70.35,54.65));
#5719=CARTESIAN_POINT('',(-90.,70.35,54.65));
#5720=CARTESIAN_POINT('',(-84.65,70.35,60.));
#5721=CARTESIAN_POINT('Origin',(-84.65,65.,60.));
#5722=CARTESIAN_POINT('',(-84.65,65.,60.));
#5723=CARTESIAN_POINT('',(-84.65,70.35,60.));
#5724=CARTESIAN_POINT('',(-84.65,65.,54.65));
#5725=CARTESIAN_POINT('',(-84.65,70.35,54.65));
#5726=CARTESIAN_POINT('',(-84.65,65.,60.));
#5727=CARTESIAN_POINT('Origin',(84.65,65.,60.));
#5728=CARTESIAN_POINT('',(84.65,65.,60.));
#5729=CARTESIAN_POINT('',(-84.65,65.,60.));
#5730=CARTESIAN_POINT('',(84.65,65.,54.65));
#5731=CARTESIAN_POINT('',(-84.65,65.,54.65));
#5732=CARTESIAN_POINT('',(84.65,65.,60.));
#5733=CARTESIAN_POINT('Origin',(84.65,70.35,60.));
#5734=CARTESIAN_POINT('',(84.65,70.35,60.));
#5735=CARTESIAN_POINT('',(84.65,70.35,60.));
#5736=CARTESIAN_POINT('',(84.65,70.35,54.65));
#5737=CARTESIAN_POINT('',(84.65,70.35,54.65));
#5738=CARTESIAN_POINT('',(84.65,70.35,60.));
#5739=CARTESIAN_POINT('Origin',(90.,70.35,60.));
#5740=CARTESIAN_POINT('',(90.,70.35,60.));
#5741=CARTESIAN_POINT('',(90.,70.35,54.65));
#5742=CARTESIAN_POINT('Origin',(0.,75.,60.));
#5743=CARTESIAN_POINT('Origin',(0.,75.,54.65));
#5744=CARTESIAN_POINT('',(0.,0.,0.));
#5745=CARTESIAN_POINT('Origin',(-90.,19.0000002235174,-30.));
#5746=CARTESIAN_POINT('',(-90.,19.0000002235174,-30.));
#5747=CARTESIAN_POINT('',(-90.,26.0000004470348,-30.));
#5748=CARTESIAN_POINT('',(-90.,19.0000002235174,-30.));
#5749=CARTESIAN_POINT('',(-84.65,26.0000004470348,-30.));
#5750=CARTESIAN_POINT('',(-90.,26.0000004470348,-30.));
#5751=CARTESIAN_POINT('',(-84.65,19.0000002235174,-30.));
#5752=CARTESIAN_POINT('',(-84.65,19.0000002235174,-30.));
#5753=CARTESIAN_POINT('',(-90.,19.0000002235174,-30.));
#5754=CARTESIAN_POINT('Origin',(-90.,19.0000002235174,-34.));
#5755=CARTESIAN_POINT('',(-90.,15.0000002235174,-34.));
#5756=CARTESIAN_POINT('Origin',(-90.,19.0000002235174,-34.));
#5757=CARTESIAN_POINT('',(-84.65,15.0000002235174,-34.));
#5758=CARTESIAN_POINT('Origin',(-84.65,19.0000002235174,-34.));
#5759=CARTESIAN_POINT('',(-90.,15.0000002235174,-34.));
#5760=CARTESIAN_POINT('Origin',(-90.,15.0000002235174,-60.));
#5761=CARTESIAN_POINT('',(-90.,15.0000002235174,-60.));
#5762=CARTESIAN_POINT('',(-90.,15.0000002235174,-60.));
#5763=CARTESIAN_POINT('',(-84.65,15.0000002235174,-60.));
#5764=CARTESIAN_POINT('',(-84.65,15.0000002235174,-60.));
#5765=CARTESIAN_POINT('',(-90.,15.0000002235174,-60.));
#5766=CARTESIAN_POINT('Origin',(-90.,5.35,-60.));
#5767=CARTESIAN_POINT('',(-90.,5.35,-60.));
#5768=CARTESIAN_POINT('',(-90.,5.35,-60.));
#5769=CARTESIAN_POINT('',(-84.65,5.35,-60.));
#5770=CARTESIAN_POINT('',(-84.65,5.35,-60.));
#5771=CARTESIAN_POINT('',(-90.,5.35,-60.));
#5772=CARTESIAN_POINT('Origin',(-90.,5.35,-35.0000005215406));
#5773=CARTESIAN_POINT('',(-90.,5.35,-35.0000005215406));
#5774=CARTESIAN_POINT('',(-90.,5.35,-35.0000005215406));
#5775=CARTESIAN_POINT('',(-84.65,5.35,-35.0000005215406));
#5776=CARTESIAN_POINT('',(-84.65,5.35,-35.0000005215406));
#5777=CARTESIAN_POINT('',(-90.,5.35,-35.0000005215406));
#5778=CARTESIAN_POINT('Origin',(-90.,0.,-35.0000005215406));
#5779=CARTESIAN_POINT('',(-90.,0.,-35.0000005215406));
#5780=CARTESIAN_POINT('',(-90.,0.,-35.0000005215406));
#5781=CARTESIAN_POINT('',(-84.65,0.,-35.0000005215406));
#5782=CARTESIAN_POINT('',(-84.65,0.,-35.0000005215406));
#5783=CARTESIAN_POINT('',(-90.,0.,-35.0000005215406));
#5784=CARTESIAN_POINT('Origin',(-90.,0.,35.));
#5785=CARTESIAN_POINT('',(-90.,0.,35.));
#5786=CARTESIAN_POINT('',(-90.,0.,35.));
#5787=CARTESIAN_POINT('',(-84.65,0.,35.));
#5788=CARTESIAN_POINT('',(-84.65,0.,35.));
#5789=CARTESIAN_POINT('',(-90.,0.,35.));
#5790=CARTESIAN_POINT('Origin',(-90.,5.35,35.));
#5791=CARTESIAN_POINT('',(-90.,5.35,35.));
#5792=CARTESIAN_POINT('',(-90.,0.,35.));
#5793=CARTESIAN_POINT('',(-84.65,5.35,35.));
#5794=CARTESIAN_POINT('',(-84.65,0.,35.));
#5795=CARTESIAN_POINT('',(-90.,5.35,35.));
#5796=CARTESIAN_POINT('Origin',(-90.,5.35,60.));
#5797=CARTESIAN_POINT('',(-90.,5.35,60.));
#5798=CARTESIAN_POINT('',(-90.,5.35,60.));
#5799=CARTESIAN_POINT('',(-84.65,5.35,60.));
#5800=CARTESIAN_POINT('',(-84.65,5.35,60.));
#5801=CARTESIAN_POINT('',(-90.,5.35,60.));
#5802=CARTESIAN_POINT('Origin',(-90.,25.7971666666667,60.));
#5803=CARTESIAN_POINT('',(-90.,25.7971666666667,60.));
#5804=CARTESIAN_POINT('',(-90.,25.7971666666667,60.));
#5805=CARTESIAN_POINT('',(-84.65,25.7971666666667,60.));
#5806=CARTESIAN_POINT('',(-84.65,25.7971666666667,60.));
#5807=CARTESIAN_POINT('',(-90.,25.7971666666667,60.));
#5808=CARTESIAN_POINT('Origin',(-90.,25.7971666666667,54.65));
#5809=CARTESIAN_POINT('',(-90.,25.7971666666667,54.65));
#5810=CARTESIAN_POINT('',(-90.,25.7971666666667,60.));
#5811=CARTESIAN_POINT('',(-84.65,25.7971666666667,54.65));
#5812=CARTESIAN_POINT('',(-84.65,25.7971666666667,60.));
#5813=CARTESIAN_POINT('',(-90.,25.7971666666667,54.65));
#5814=CARTESIAN_POINT('Origin',(-90.,44.5528333333333,54.65));
#5815=CARTESIAN_POINT('',(-90.,44.5528333333333,54.65));
#5816=CARTESIAN_POINT('',(-90.,44.5528333333333,54.65));
#5817=CARTESIAN_POINT('',(-84.65,44.5528333333333,54.65));
#5818=CARTESIAN_POINT('',(-84.65,44.5528333333333,54.65));
#5819=CARTESIAN_POINT('',(-90.,44.5528333333333,54.65));
#5820=CARTESIAN_POINT('Origin',(-90.,44.5528333333333,60.));
#5821=CARTESIAN_POINT('',(-90.,44.5528333333333,60.));
#5822=CARTESIAN_POINT('',(-90.,44.5528333333333,60.));
#5823=CARTESIAN_POINT('',(-84.65,44.5528333333333,60.));
#5824=CARTESIAN_POINT('',(-84.65,44.5528333333333,60.));
#5825=CARTESIAN_POINT('',(-90.,44.5528333333333,60.));
#5826=CARTESIAN_POINT('Origin',(-90.,65.,60.));
#5827=CARTESIAN_POINT('',(-90.,65.,60.));
#5828=CARTESIAN_POINT('',(-90.,44.5528333333333,60.));
#5829=CARTESIAN_POINT('',(-84.65,65.,60.));
#5830=CARTESIAN_POINT('',(-84.65,44.5528333333333,60.));
#5831=CARTESIAN_POINT('',(-90.,65.,60.));
#5832=CARTESIAN_POINT('Origin',(-90.,65.,0.));
#5833=CARTESIAN_POINT('',(-90.,65.,0.));
#5834=CARTESIAN_POINT('',(-90.,65.,60.));
#5835=CARTESIAN_POINT('',(-84.65,65.,0.));
#5836=CARTESIAN_POINT('',(-84.65,65.,60.));
#5837=CARTESIAN_POINT('',(-90.,65.,0.));
#5838=CARTESIAN_POINT('Origin',(-90.,34.0000004470348,-2.77555756156289E-15));
#5839=CARTESIAN_POINT('',(-90.,34.0000004470348,-2.77555756156289E-15));
#5840=CARTESIAN_POINT('',(-90.,34.0000004470348,-2.77555756156289E-15));
#5841=CARTESIAN_POINT('',(-84.65,34.0000004470348,-4.44089209850063E-15));
#5842=CARTESIAN_POINT('',(-84.65,34.0000004470348,-2.77555756156289E-15));
#5843=CARTESIAN_POINT('',(-90.,34.0000004470348,-2.77555756156289E-15));
#5844=CARTESIAN_POINT('Origin',(-90.,34.0000004470348,-4.));
#5845=CARTESIAN_POINT('',(-90.,30.0000004470348,-4.));
#5846=CARTESIAN_POINT('Origin',(-90.,34.0000004470348,-4.));
#5847=CARTESIAN_POINT('',(-84.65,30.0000004470348,-4.));
#5848=CARTESIAN_POINT('Origin',(-84.65,34.0000004470348,-4.));
#5849=CARTESIAN_POINT('',(-90.,30.0000004470348,-4.));
#5850=CARTESIAN_POINT('Origin',(-90.,30.0000004470348,-26.));
#5851=CARTESIAN_POINT('',(-90.,30.0000004470348,-26.));
#5852=CARTESIAN_POINT('',(-90.,30.0000004470348,-26.));
#5853=CARTESIAN_POINT('',(-84.65,30.0000004470348,-26.));
#5854=CARTESIAN_POINT('',(-84.65,30.0000004470348,-26.));
#5855=CARTESIAN_POINT('',(-90.,30.0000004470348,-26.));
#5856=CARTESIAN_POINT('Origin',(-90.,26.0000004470348,-26.));
#5857=CARTESIAN_POINT('Origin',(-90.,26.0000004470348,-26.));
#5858=CARTESIAN_POINT('Origin',(-84.65,26.0000004470348,-26.));
#5859=CARTESIAN_POINT('Origin',(-90.,32.5,0.));
#5860=CARTESIAN_POINT('Origin',(-84.65,32.5,0.));
#5861=CARTESIAN_POINT('Origin',(90.,19.0000002235174,-30.));
#5862=CARTESIAN_POINT('',(90.,19.0000002235174,-30.));
#5863=CARTESIAN_POINT('',(90.,26.0000004470348,-30.));
#5864=CARTESIAN_POINT('',(90.,19.0000002235174,-30.));
#5865=CARTESIAN_POINT('',(84.65,19.0000002235174,-30.));
#5866=CARTESIAN_POINT('',(90.,19.0000002235174,-30.));
#5867=CARTESIAN_POINT('',(84.65,26.0000004470348,-30.));
#5868=CARTESIAN_POINT('',(84.65,19.0000002235174,-30.));
#5869=CARTESIAN_POINT('',(90.,26.0000004470348,-30.));
#5870=CARTESIAN_POINT('Origin',(90.,19.0000002235174,-34.));
#5871=CARTESIAN_POINT('',(90.,15.0000002235174,-34.));
#5872=CARTESIAN_POINT('Origin',(90.,19.0000002235174,-34.));
#5873=CARTESIAN_POINT('',(84.65,15.0000002235174,-34.));
#5874=CARTESIAN_POINT('',(90.,15.0000002235174,-34.));
#5875=CARTESIAN_POINT('Origin',(84.65,19.0000002235174,-34.));
#5876=CARTESIAN_POINT('Origin',(90.,15.0000002235174,-60.));
#5877=CARTESIAN_POINT('',(90.,15.0000002235174,-60.));
#5878=CARTESIAN_POINT('',(90.,15.0000002235174,-60.));
#5879=CARTESIAN_POINT('',(84.65,15.0000002235174,-60.));
#5880=CARTESIAN_POINT('',(90.,15.0000002235174,-60.));
#5881=CARTESIAN_POINT('',(84.65,15.0000002235174,-60.));
#5882=CARTESIAN_POINT('Origin',(90.,5.35,-60.));
#5883=CARTESIAN_POINT('',(90.,5.35,-60.));
#5884=CARTESIAN_POINT('',(90.,5.35,-60.));
#5885=CARTESIAN_POINT('',(84.65,5.35,-60.));
#5886=CARTESIAN_POINT('',(90.,5.35,-60.));
#5887=CARTESIAN_POINT('',(84.65,5.35,-60.));
#5888=CARTESIAN_POINT('Origin',(90.,5.35,-35.0000005215406));
#5889=CARTESIAN_POINT('',(90.,5.35,-35.0000005215406));
#5890=CARTESIAN_POINT('',(90.,5.35,-35.0000005215406));
#5891=CARTESIAN_POINT('',(84.65,5.35,-35.0000005215406));
#5892=CARTESIAN_POINT('',(90.,5.35,-35.0000005215406));
#5893=CARTESIAN_POINT('',(84.65,5.35,-35.0000005215406));
#5894=CARTESIAN_POINT('Origin',(90.,0.,-35.0000005215406));
#5895=CARTESIAN_POINT('',(90.,0.,-35.0000005215406));
#5896=CARTESIAN_POINT('',(90.,0.,-35.0000005215406));
#5897=CARTESIAN_POINT('',(84.65,0.,-35.0000005215406));
#5898=CARTESIAN_POINT('',(90.,0.,-35.0000005215406));
#5899=CARTESIAN_POINT('',(84.65,0.,-35.0000005215406));
#5900=CARTESIAN_POINT('Origin',(90.,0.,35.));
#5901=CARTESIAN_POINT('',(90.,0.,35.));
#5902=CARTESIAN_POINT('',(90.,0.,35.));
#5903=CARTESIAN_POINT('',(84.65,0.,35.));
#5904=CARTESIAN_POINT('',(90.,0.,35.));
#5905=CARTESIAN_POINT('',(84.65,0.,35.));
#5906=CARTESIAN_POINT('Origin',(90.,5.35,35.));
#5907=CARTESIAN_POINT('',(90.,5.35,35.));
#5908=CARTESIAN_POINT('',(90.,0.,35.));
#5909=CARTESIAN_POINT('',(84.65,5.35,35.));
#5910=CARTESIAN_POINT('',(90.,5.35,35.));
#5911=CARTESIAN_POINT('',(84.65,0.,35.));
#5912=CARTESIAN_POINT('Origin',(90.,5.35,60.));
#5913=CARTESIAN_POINT('',(90.,5.35,60.));
#5914=CARTESIAN_POINT('',(90.,5.35,60.));
#5915=CARTESIAN_POINT('',(84.65,5.35,60.));
#5916=CARTESIAN_POINT('',(90.,5.35,60.));
#5917=CARTESIAN_POINT('',(84.65,5.35,60.));
#5918=CARTESIAN_POINT('Origin',(90.,25.7971666666667,60.));
#5919=CARTESIAN_POINT('',(90.,25.7971666666667,60.));
#5920=CARTESIAN_POINT('',(90.,25.7971666666667,60.));
#5921=CARTESIAN_POINT('',(84.65,25.7971666666667,60.));
#5922=CARTESIAN_POINT('',(90.,25.7971666666667,60.));
#5923=CARTESIAN_POINT('',(84.65,25.7971666666667,60.));
#5924=CARTESIAN_POINT('Origin',(90.,25.7971666666667,54.65));
#5925=CARTESIAN_POINT('',(90.,25.7971666666667,54.65));
#5926=CARTESIAN_POINT('',(90.,25.7971666666667,60.));
#5927=CARTESIAN_POINT('',(84.65,25.7971666666667,54.65));
#5928=CARTESIAN_POINT('',(90.,25.7971666666667,54.65));
#5929=CARTESIAN_POINT('',(84.65,25.7971666666667,60.));
#5930=CARTESIAN_POINT('Origin',(90.,44.5528333333333,54.65));
#5931=CARTESIAN_POINT('',(90.,44.5528333333333,54.65));
#5932=CARTESIAN_POINT('',(90.,44.5528333333333,54.65));
#5933=CARTESIAN_POINT('',(84.65,44.5528333333333,54.65));
#5934=CARTESIAN_POINT('',(90.,44.5528333333333,54.65));
#5935=CARTESIAN_POINT('',(84.65,44.5528333333333,54.65));
#5936=CARTESIAN_POINT('Origin',(90.,44.5528333333333,60.));
#5937=CARTESIAN_POINT('',(90.,44.5528333333333,60.));
#5938=CARTESIAN_POINT('',(90.,44.5528333333333,60.));
#5939=CARTESIAN_POINT('',(84.65,44.5528333333333,60.));
#5940=CARTESIAN_POINT('',(90.,44.5528333333333,60.));
#5941=CARTESIAN_POINT('',(84.65,44.5528333333333,60.));
#5942=CARTESIAN_POINT('Origin',(90.,65.,60.));
#5943=CARTESIAN_POINT('',(90.,65.,60.));
#5944=CARTESIAN_POINT('',(90.,44.5528333333333,60.));
#5945=CARTESIAN_POINT('',(84.65,65.,60.));
#5946=CARTESIAN_POINT('',(90.,65.,60.));
#5947=CARTESIAN_POINT('',(84.65,44.5528333333333,60.));
#5948=CARTESIAN_POINT('Origin',(90.,65.,0.));
#5949=CARTESIAN_POINT('',(90.,65.,0.));
#5950=CARTESIAN_POINT('',(90.,65.,60.));
#5951=CARTESIAN_POINT('',(84.65,65.,0.));
#5952=CARTESIAN_POINT('',(90.,65.,0.));
#5953=CARTESIAN_POINT('',(84.65,65.,60.));
#5954=CARTESIAN_POINT('Origin',(90.,34.0000004470348,-2.77555756156289E-15));
#5955=CARTESIAN_POINT('',(90.,34.0000004470348,-2.77555756156289E-15));
#5956=CARTESIAN_POINT('',(90.,34.0000004470348,-2.77555756156289E-15));
#5957=CARTESIAN_POINT('',(84.65,34.0000004470348,-4.44089209850063E-15));
#5958=CARTESIAN_POINT('',(90.,34.0000004470348,-2.77555756156289E-15));
#5959=CARTESIAN_POINT('',(84.65,34.0000004470348,-2.77555756156289E-15));
#5960=CARTESIAN_POINT('Origin',(90.,34.0000004470348,-4.));
#5961=CARTESIAN_POINT('',(90.,30.0000004470348,-4.));
#5962=CARTESIAN_POINT('Origin',(90.,34.0000004470348,-4.));
#5963=CARTESIAN_POINT('',(84.65,30.0000004470348,-4.));
#5964=CARTESIAN_POINT('',(90.,30.0000004470348,-4.));
#5965=CARTESIAN_POINT('Origin',(84.65,34.0000004470348,-4.));
#5966=CARTESIAN_POINT('Origin',(90.,30.0000004470348,-26.));
#5967=CARTESIAN_POINT('',(90.,30.0000004470348,-26.));
#5968=CARTESIAN_POINT('',(90.,30.0000004470348,-26.));
#5969=CARTESIAN_POINT('',(84.65,30.0000004470348,-26.));
#5970=CARTESIAN_POINT('',(90.,30.0000004470348,-26.));
#5971=CARTESIAN_POINT('',(84.65,30.0000004470348,-26.));
#5972=CARTESIAN_POINT('Origin',(90.,26.0000004470348,-26.));
#5973=CARTESIAN_POINT('Origin',(90.,26.0000004470348,-26.));
#5974=CARTESIAN_POINT('Origin',(84.65,26.0000004470348,-26.));
#5975=CARTESIAN_POINT('Origin',(90.,32.5,0.));
#5976=CARTESIAN_POINT('Origin',(84.65,32.5,0.));
#5977=CARTESIAN_POINT('',(0.,0.,0.));
#5978=CARTESIAN_POINT('Origin',(-90.,25.000000372529,-50.0000007450581));
#5979=CARTESIAN_POINT('',(-84.65,25.000000372529,-52.0500007450581));
#5980=CARTESIAN_POINT('Origin',(-84.65,25.000000372529,-50.0000007450581));
#5981=CARTESIAN_POINT('',(-90.,25.000000372529,-52.0500007450581));
#5982=CARTESIAN_POINT('',(-90.,25.000000372529,-52.0500007450581));
#5983=CARTESIAN_POINT('Origin',(-90.,25.000000372529,-50.0000007450581));
#5984=CARTESIAN_POINT('Origin',(-90.,70.35,60.));
#5985=CARTESIAN_POINT('',(-90.,65.,60.));
#5986=CARTESIAN_POINT('',(-90.,70.35,60.));
#5987=CARTESIAN_POINT('',(-90.,65.,60.));
#5988=CARTESIAN_POINT('',(-84.65,65.,60.));
#5989=CARTESIAN_POINT('',(-90.,65.,60.));
#5990=CARTESIAN_POINT('',(-84.65,70.35,60.));
#5991=CARTESIAN_POINT('',(-84.65,65.,60.));
#5992=CARTESIAN_POINT('',(-90.,70.35,60.));
#5993=CARTESIAN_POINT('Origin',(-90.,70.35,54.65));
#5994=CARTESIAN_POINT('',(-90.,70.35,54.65));
#5995=CARTESIAN_POINT('',(-90.,70.35,54.65));
#5996=CARTESIAN_POINT('',(-84.65,70.35,54.65));
#5997=CARTESIAN_POINT('',(-84.65,70.35,54.65));
#5998=CARTESIAN_POINT('',(-90.,70.35,54.65));
#5999=CARTESIAN_POINT('Origin',(-90.,79.65,54.65));
#6000=CARTESIAN_POINT('',(-90.,79.65,54.65));
#6001=CARTESIAN_POINT('',(-90.,79.65,54.65));
#6002=CARTESIAN_POINT('',(-84.65,79.65,54.65));
#6003=CARTESIAN_POINT('',(-84.65,79.65,54.65));
#6004=CARTESIAN_POINT('',(-90.,79.65,54.65));
#6005=CARTESIAN_POINT('Origin',(-90.,79.65,35.));
#6006=CARTESIAN_POINT('',(-90.,79.65,35.));
#6007=CARTESIAN_POINT('',(-90.,79.65,35.));
#6008=CARTESIAN_POINT('',(-84.65,79.65,35.));
#6009=CARTESIAN_POINT('',(-84.65,79.65,35.));
#6010=CARTESIAN_POINT('',(-90.,79.65,35.));
#6011=CARTESIAN_POINT('Origin',(-90.,85.0000012665987,35.));
#6012=CARTESIAN_POINT('',(-90.,85.0000012665987,35.));
#6013=CARTESIAN_POINT('',(-90.,85.0000012665987,35.));
#6014=CARTESIAN_POINT('',(-84.65,85.0000012665987,35.));
#6015=CARTESIAN_POINT('',(-84.65,85.0000012665987,35.));
#6016=CARTESIAN_POINT('',(-90.,85.0000012665987,35.));
#6017=CARTESIAN_POINT('Origin',(-90.,85.,-35.0000005215406));
#6018=CARTESIAN_POINT('',(-90.,85.,-35.0000005215406));
#6019=CARTESIAN_POINT('',(-90.,85.,-35.0000005215406));
#6020=CARTESIAN_POINT('',(-84.65,85.,-35.0000005215406));
#6021=CARTESIAN_POINT('',(-84.65,85.,-35.0000005215406));
#6022=CARTESIAN_POINT('',(-90.,85.,-35.0000005215406));
#6023=CARTESIAN_POINT('Origin',(-90.,79.65,-35.0000005215406));
#6024=CARTESIAN_POINT('',(-90.,79.65,-35.0000005215406));
#6025=CARTESIAN_POINT('',(-90.,79.65,-35.0000005215406));
#6026=CARTESIAN_POINT('',(-84.65,79.65,-35.0000005215406));
#6027=CARTESIAN_POINT('',(-84.65,79.65,-35.0000005215406));
#6028=CARTESIAN_POINT('',(-90.,79.65,-35.0000005215406));
#6029=CARTESIAN_POINT('Origin',(-90.,79.65,-54.6500025957357));
#6030=CARTESIAN_POINT('',(-90.,79.65,-54.6500025957357));
#6031=CARTESIAN_POINT('',(-90.,79.65,-35.0000005215406));
#6032=CARTESIAN_POINT('',(-84.65,79.65,-54.6500025957357));
#6033=CARTESIAN_POINT('',(-84.65,79.65,-35.0000005215406));
#6034=CARTESIAN_POINT('',(-90.,79.65,-54.6500025957357));
#6035=CARTESIAN_POINT('Origin',(-90.,65.0000009685755,-54.6500025957357));
#6036=CARTESIAN_POINT('',(-90.,65.0000009685755,-54.6500025957357));
#6037=CARTESIAN_POINT('',(-90.,79.65,-54.6500025957357));
#6038=CARTESIAN_POINT('',(-84.65,65.0000009685755,-54.6500025957357));
#6039=CARTESIAN_POINT('',(-84.65,79.65,-54.6500025957357));
#6040=CARTESIAN_POINT('',(-90.,65.0000009685755,-54.6500025957357));
#6041=CARTESIAN_POINT('Origin',(-90.,65.,-60.));
#6042=CARTESIAN_POINT('',(-90.,65.,-60.));
#6043=CARTESIAN_POINT('',(-90.,65.,-60.));
#6044=CARTESIAN_POINT('',(-84.65,65.,-60.));
#6045=CARTESIAN_POINT('',(-84.65,65.,-60.));
#6046=CARTESIAN_POINT('',(-90.,65.,-60.));
#6047=CARTESIAN_POINT('Origin',(-90.,25.0042290121329,-60.));
#6048=CARTESIAN_POINT('',(-90.,25.0042290121329,-60.));
#6049=CARTESIAN_POINT('',(-90.,65.,-60.));
#6050=CARTESIAN_POINT('',(-84.65,25.0042290121329,-60.));
#6051=CARTESIAN_POINT('',(-84.65,65.,-60.));
#6052=CARTESIAN_POINT('',(-90.,25.0042290121329,-60.));
#6053=CARTESIAN_POINT('Origin',(-90.,25.000000372529,-50.0000007450581));
#6054=CARTESIAN_POINT('',(-90.,15.0000002235174,-50.0000007450581));
#6055=CARTESIAN_POINT('Origin',(-90.,25.000000372529,-50.0000007450581));
#6056=CARTESIAN_POINT('',(-84.65,15.0000002235174,-50.0000007450581));
#6057=CARTESIAN_POINT('Origin',(-84.65,25.000000372529,-50.0000007450581));
#6058=CARTESIAN_POINT('',(-90.,15.0000002235174,-50.0000007450581));
#6059=CARTESIAN_POINT('Origin',(-90.,15.0000002235174,-34.));
#6060=CARTESIAN_POINT('',(-90.,15.0000002235174,-34.));
#6061=CARTESIAN_POINT('',(-90.,15.0000002235174,-60.));
#6062=CARTESIAN_POINT('',(-84.65,15.0000002235174,-34.));
#6063=CARTESIAN_POINT('',(-84.65,15.0000002235174,-60.));
#6064=CARTESIAN_POINT('',(-90.,15.0000002235174,-34.));
#6065=CARTESIAN_POINT('Origin',(-90.,19.0000002235174,-34.));
#6066=CARTESIAN_POINT('',(-90.,19.0000002235174,-30.));
#6067=CARTESIAN_POINT('Origin',(-90.,19.0000002235174,-34.));
#6068=CARTESIAN_POINT('',(-84.65,19.0000002235174,-30.));
#6069=CARTESIAN_POINT('Origin',(-84.65,19.0000002235174,-34.));
#6070=CARTESIAN_POINT('',(-90.,19.0000002235174,-30.));
#6071=CARTESIAN_POINT('Origin',(-90.,26.0000004470348,-30.));
#6072=CARTESIAN_POINT('',(-90.,26.0000004470348,-30.));
#6073=CARTESIAN_POINT('',(-90.,19.0000002235174,-30.));
#6074=CARTESIAN_POINT('',(-84.65,26.0000004470348,-30.));
#6075=CARTESIAN_POINT('',(-84.65,19.0000002235174,-30.));
#6076=CARTESIAN_POINT('',(-90.,26.0000004470348,-30.));
#6077=CARTESIAN_POINT('Origin',(-90.,26.0000004470348,-26.));
#6078=CARTESIAN_POINT('',(-90.,30.0000004470348,-26.));
#6079=CARTESIAN_POINT('Origin',(-90.,26.0000004470348,-26.));
#6080=CARTESIAN_POINT('',(-84.65,30.0000004470348,-26.));
#6081=CARTESIAN_POINT('Origin',(-84.65,26.0000004470348,-26.));
#6082=CARTESIAN_POINT('',(-90.,30.0000004470348,-26.));
#6083=CARTESIAN_POINT('Origin',(-90.,30.0000004470348,-4.));
#6084=CARTESIAN_POINT('',(-90.,30.0000004470348,-4.));
#6085=CARTESIAN_POINT('',(-90.,30.0000004470348,-26.));
#6086=CARTESIAN_POINT('',(-84.65,30.0000004470348,-4.));
#6087=CARTESIAN_POINT('',(-84.65,30.0000004470348,-26.));
#6088=CARTESIAN_POINT('',(-90.,30.0000004470348,-4.));
#6089=CARTESIAN_POINT('Origin',(-90.,34.0000004470348,-4.));
#6090=CARTESIAN_POINT('',(-90.,34.0000004470348,-2.77555756156289E-15));
#6091=CARTESIAN_POINT('Origin',(-90.,34.0000004470348,-4.));
#6092=CARTESIAN_POINT('',(-84.65,34.0000004470348,0.));
#6093=CARTESIAN_POINT('Origin',(-84.65,34.0000004470348,-4.));
#6094=CARTESIAN_POINT('',(-90.,34.0000004470348,-2.77555756156289E-15));
#6095=CARTESIAN_POINT('Origin',(-90.,65.,0.));
#6096=CARTESIAN_POINT('',(-90.,65.,0.));
#6097=CARTESIAN_POINT('',(-90.,34.0000004470348,-2.77555756156289E-15));
#6098=CARTESIAN_POINT('',(-84.65,65.,0.));
#6099=CARTESIAN_POINT('',(-84.65,34.0000004470348,-2.77555756156289E-15));
#6100=CARTESIAN_POINT('',(-90.,65.,0.));
#6101=CARTESIAN_POINT('Origin',(-90.,65.,60.));
#6102=CARTESIAN_POINT('',(-90.,65.,60.));
#6103=CARTESIAN_POINT('',(-84.65,65.,60.));
#6104=CARTESIAN_POINT('Origin',(-90.,50.0000007450581,-4.4703483581543E-7));
#6105=CARTESIAN_POINT('Origin',(-84.65,50.0000007450581,-4.4703483581543E-7));
#6106=CARTESIAN_POINT('Origin',(90.,25.000000372529,-50.0000007450581));
#6107=CARTESIAN_POINT('',(84.65,25.000000372529,-52.0500007450581));
#6108=CARTESIAN_POINT('Origin',(84.65,25.000000372529,-50.0000007450581));
#6109=CARTESIAN_POINT('',(90.,25.000000372529,-52.0500007450581));
#6110=CARTESIAN_POINT('',(90.,25.000000372529,-52.0500007450581));
#6111=CARTESIAN_POINT('Origin',(90.,25.000000372529,-50.0000007450581));
#6112=CARTESIAN_POINT('Origin',(90.,70.35,60.));
#6113=CARTESIAN_POINT('',(90.,65.,60.));
#6114=CARTESIAN_POINT('',(90.,70.35,60.));
#6115=CARTESIAN_POINT('',(90.,65.,60.));
#6116=CARTESIAN_POINT('',(84.65,70.35,60.));
#6117=CARTESIAN_POINT('',(90.,70.35,60.));
#6118=CARTESIAN_POINT('',(84.65,65.,60.));
#6119=CARTESIAN_POINT('',(84.65,65.,60.));
#6120=CARTESIAN_POINT('',(90.,65.,60.));
#6121=CARTESIAN_POINT('Origin',(90.,70.35,54.65));
#6122=CARTESIAN_POINT('',(90.,70.35,54.65));
#6123=CARTESIAN_POINT('',(90.,70.35,54.65));
#6124=CARTESIAN_POINT('',(84.65,70.35,54.65));
#6125=CARTESIAN_POINT('',(90.,70.35,54.65));
#6126=CARTESIAN_POINT('',(84.65,70.35,54.65));
#6127=CARTESIAN_POINT('Origin',(90.,79.65,54.65));
#6128=CARTESIAN_POINT('',(90.,79.65,54.65));
#6129=CARTESIAN_POINT('',(90.,79.65,54.65));
#6130=CARTESIAN_POINT('',(84.65,79.65,54.65));
#6131=CARTESIAN_POINT('',(90.,79.65,54.65));
#6132=CARTESIAN_POINT('',(84.65,79.65,54.65));
#6133=CARTESIAN_POINT('Origin',(90.,79.65,35.));
#6134=CARTESIAN_POINT('',(90.,79.65,35.));
#6135=CARTESIAN_POINT('',(90.,79.65,35.));
#6136=CARTESIAN_POINT('',(84.65,79.65,35.));
#6137=CARTESIAN_POINT('',(90.,79.65,35.));
#6138=CARTESIAN_POINT('',(84.65,79.65,35.));
#6139=CARTESIAN_POINT('Origin',(90.,85.0000012665987,35.));
#6140=CARTESIAN_POINT('',(90.,85.0000012665987,35.));
#6141=CARTESIAN_POINT('',(90.,85.0000012665987,35.));
#6142=CARTESIAN_POINT('',(84.65,85.0000012665987,35.));
#6143=CARTESIAN_POINT('',(90.,85.0000012665987,35.));
#6144=CARTESIAN_POINT('',(84.65,85.0000012665987,35.));
#6145=CARTESIAN_POINT('Origin',(90.,85.,-35.0000005215406));
#6146=CARTESIAN_POINT('',(90.,85.,-35.0000005215406));
#6147=CARTESIAN_POINT('',(90.,85.,-35.0000005215406));
#6148=CARTESIAN_POINT('',(84.65,85.,-35.0000005215406));
#6149=CARTESIAN_POINT('',(90.,85.,-35.0000005215406));
#6150=CARTESIAN_POINT('',(84.65,85.,-35.0000005215406));
#6151=CARTESIAN_POINT('Origin',(90.,79.65,-35.0000005215406));
#6152=CARTESIAN_POINT('',(90.,79.65,-35.0000005215406));
#6153=CARTESIAN_POINT('',(90.,79.65,-35.0000005215406));
#6154=CARTESIAN_POINT('',(84.65,79.65,-35.0000005215406));
#6155=CARTESIAN_POINT('',(90.,79.65,-35.0000005215406));
#6156=CARTESIAN_POINT('',(84.65,79.65,-35.0000005215406));
#6157=CARTESIAN_POINT('Origin',(90.,79.65,-54.6500025957357));
#6158=CARTESIAN_POINT('',(90.,79.65,-54.6500025957357));
#6159=CARTESIAN_POINT('',(90.,79.65,-35.0000005215406));
#6160=CARTESIAN_POINT('',(84.65,79.65,-54.6500025957357));
#6161=CARTESIAN_POINT('',(90.,79.65,-54.6500025957357));
#6162=CARTESIAN_POINT('',(84.65,79.65,-35.0000005215406));
#6163=CARTESIAN_POINT('Origin',(90.,65.0000009685755,-54.6500025957357));
#6164=CARTESIAN_POINT('',(90.,65.0000009685755,-54.6500025957357));
#6165=CARTESIAN_POINT('',(90.,79.65,-54.6500025957357));
#6166=CARTESIAN_POINT('',(84.65,65.0000009685755,-54.6500025957357));
#6167=CARTESIAN_POINT('',(90.,65.0000009685755,-54.6500025957357));
#6168=CARTESIAN_POINT('',(84.65,79.65,-54.6500025957357));
#6169=CARTESIAN_POINT('Origin',(90.,65.,-60.));
#6170=CARTESIAN_POINT('',(90.,65.,-60.));
#6171=CARTESIAN_POINT('',(90.,65.,-60.));
#6172=CARTESIAN_POINT('',(84.65,65.,-60.));
#6173=CARTESIAN_POINT('',(90.,65.,-60.));
#6174=CARTESIAN_POINT('',(84.65,65.,-60.));
#6175=CARTESIAN_POINT('Origin',(90.,25.0042290121329,-60.));
#6176=CARTESIAN_POINT('',(90.,25.0042290121329,-60.));
#6177=CARTESIAN_POINT('',(90.,65.,-60.));
#6178=CARTESIAN_POINT('',(84.65,25.0042290121329,-60.));
#6179=CARTESIAN_POINT('',(90.,25.0042290121329,-60.));
#6180=CARTESIAN_POINT('',(84.65,65.,-60.));
#6181=CARTESIAN_POINT('Origin',(90.,25.000000372529,-50.0000007450581));
#6182=CARTESIAN_POINT('',(90.,15.0000002235174,-50.0000007450581));
#6183=CARTESIAN_POINT('Origin',(90.,25.000000372529,-50.0000007450581));
#6184=CARTESIAN_POINT('',(84.65,15.0000002235174,-50.0000007450581));
#6185=CARTESIAN_POINT('',(90.,15.0000002235174,-50.0000007450581));
#6186=CARTESIAN_POINT('Origin',(84.65,25.000000372529,-50.0000007450581));
#6187=CARTESIAN_POINT('Origin',(90.,15.0000002235174,-34.));
#6188=CARTESIAN_POINT('',(90.,15.0000002235174,-34.));
#6189=CARTESIAN_POINT('',(90.,15.0000002235174,-60.));
#6190=CARTESIAN_POINT('',(84.65,15.0000002235174,-34.));
#6191=CARTESIAN_POINT('',(90.,15.0000002235174,-34.));
#6192=CARTESIAN_POINT('',(84.65,15.0000002235174,-60.));
#6193=CARTESIAN_POINT('Origin',(90.,19.0000002235174,-34.));
#6194=CARTESIAN_POINT('',(90.,19.0000002235174,-30.));
#6195=CARTESIAN_POINT('Origin',(90.,19.0000002235174,-34.));
#6196=CARTESIAN_POINT('',(84.65,19.0000002235174,-30.));
#6197=CARTESIAN_POINT('',(90.,19.0000002235174,-30.));
#6198=CARTESIAN_POINT('Origin',(84.65,19.0000002235174,-34.));
#6199=CARTESIAN_POINT('Origin',(90.,26.0000004470348,-30.));
#6200=CARTESIAN_POINT('',(90.,26.0000004470348,-30.));
#6201=CARTESIAN_POINT('',(90.,19.0000002235174,-30.));
#6202=CARTESIAN_POINT('',(84.65,26.0000004470348,-30.));
#6203=CARTESIAN_POINT('',(90.,26.0000004470348,-30.));
#6204=CARTESIAN_POINT('',(84.65,19.0000002235174,-30.));
#6205=CARTESIAN_POINT('Origin',(90.,26.0000004470348,-26.));
#6206=CARTESIAN_POINT('',(90.,30.0000004470348,-26.));
#6207=CARTESIAN_POINT('Origin',(90.,26.0000004470348,-26.));
#6208=CARTESIAN_POINT('',(84.65,30.0000004470348,-26.));
#6209=CARTESIAN_POINT('',(90.,30.0000004470348,-26.));
#6210=CARTESIAN_POINT('Origin',(84.65,26.0000004470348,-26.));
#6211=CARTESIAN_POINT('Origin',(90.,30.0000004470348,-4.));
#6212=CARTESIAN_POINT('',(90.,30.0000004470348,-4.));
#6213=CARTESIAN_POINT('',(90.,30.0000004470348,-26.));
#6214=CARTESIAN_POINT('',(84.65,30.0000004470348,-4.));
#6215=CARTESIAN_POINT('',(90.,30.0000004470348,-4.));
#6216=CARTESIAN_POINT('',(84.65,30.0000004470348,-26.));
#6217=CARTESIAN_POINT('Origin',(90.,34.0000004470348,-4.));
#6218=CARTESIAN_POINT('',(90.,34.0000004470348,-2.77555756156289E-15));
#6219=CARTESIAN_POINT('Origin',(90.,34.0000004470348,-4.));
#6220=CARTESIAN_POINT('',(84.65,34.0000004470348,0.));
#6221=CARTESIAN_POINT('',(90.,34.0000004470348,-2.77555756156289E-15));
#6222=CARTESIAN_POINT('Origin',(84.65,34.0000004470348,-4.));
#6223=CARTESIAN_POINT('Origin',(90.,65.,0.));
#6224=CARTESIAN_POINT('',(90.,65.,0.));
#6225=CARTESIAN_POINT('',(90.,34.0000004470348,-2.77555756156289E-15));
#6226=CARTESIAN_POINT('',(84.65,65.,0.));
#6227=CARTESIAN_POINT('',(90.,65.,0.));
#6228=CARTESIAN_POINT('',(84.65,34.0000004470348,-2.77555756156289E-15));
#6229=CARTESIAN_POINT('Origin',(90.,65.,60.));
#6230=CARTESIAN_POINT('',(90.,65.,60.));
#6231=CARTESIAN_POINT('',(84.65,65.,60.));
#6232=CARTESIAN_POINT('Origin',(90.,50.0000007450581,-4.4703483581543E-7));
#6233=CARTESIAN_POINT('Origin',(84.65,50.0000007450581,-4.4703483581543E-7));
#6234=CARTESIAN_POINT('',(0.,0.,0.));
#6235=CARTESIAN_POINT('Origin',(90.,85.,-35.0000005215406));
#6236=CARTESIAN_POINT('',(84.65,85.,-35.0000005215406));
#6237=CARTESIAN_POINT('',(90.,85.,-35.0000005215406));
#6238=CARTESIAN_POINT('',(84.65,85.,-35.0000005215406));
#6239=CARTESIAN_POINT('',(84.65,79.65,-35.0000005215406));
#6240=CARTESIAN_POINT('',(84.65,85.,-35.0000005215406));
#6241=CARTESIAN_POINT('',(90.,79.65,-35.0000005215406));
#6242=CARTESIAN_POINT('',(84.65,79.65,-35.0000005215406));
#6243=CARTESIAN_POINT('',(90.,85.,-35.0000005215406));
#6244=CARTESIAN_POINT('Origin',(90.,85.,-60.));
#6245=CARTESIAN_POINT('',(90.,85.,-60.));
#6246=CARTESIAN_POINT('',(90.,85.,-35.0000005215406));
#6247=CARTESIAN_POINT('',(90.,79.65,-60.));
#6248=CARTESIAN_POINT('',(90.,79.65,-35.0000005215406));
#6249=CARTESIAN_POINT('',(90.,85.,-60.));
#6250=CARTESIAN_POINT('Origin',(65.,85.,-60.));
#6251=CARTESIAN_POINT('',(65.,85.,-60.));
#6252=CARTESIAN_POINT('',(90.,85.,-60.));
#6253=CARTESIAN_POINT('',(65.,79.65,-60.));
#6254=CARTESIAN_POINT('',(90.,79.65,-60.));
#6255=CARTESIAN_POINT('',(65.,85.,-60.));
#6256=CARTESIAN_POINT('Origin',(65.,85.,-54.6500025957357));
#6257=CARTESIAN_POINT('',(65.,85.,-54.6500025957357));
#6258=CARTESIAN_POINT('',(65.,85.,-60.));
#6259=CARTESIAN_POINT('',(65.,79.65,-54.6500025957357));
#6260=CARTESIAN_POINT('',(65.,79.65,-60.));
#6261=CARTESIAN_POINT('',(65.,85.,-54.6500025957357));
#6262=CARTESIAN_POINT('Origin',(-65.,85.,-54.6500025957357));
#6263=CARTESIAN_POINT('',(-65.,85.,-54.6500025957357));
#6264=CARTESIAN_POINT('',(65.,85.,-54.6500025957357));
#6265=CARTESIAN_POINT('',(-65.,79.65,-54.6500025957357));
#6266=CARTESIAN_POINT('',(65.,79.65,-54.6500025957357));
#6267=CARTESIAN_POINT('',(-65.,85.,-54.6500025957357));
#6268=CARTESIAN_POINT('Origin',(-65.,85.,-60.));
#6269=CARTESIAN_POINT('',(-65.,85.,-60.));
#6270=CARTESIAN_POINT('',(-65.,85.,-60.));
#6271=CARTESIAN_POINT('',(-65.,79.65,-60.));
#6272=CARTESIAN_POINT('',(-65.,79.65,-60.));
#6273=CARTESIAN_POINT('',(-65.,85.,-60.));
#6274=CARTESIAN_POINT('Origin',(-90.,85.,-60.));
#6275=CARTESIAN_POINT('',(-90.,85.,-60.));
#6276=CARTESIAN_POINT('',(-90.,85.,-60.));
#6277=CARTESIAN_POINT('',(-90.,79.65,-60.));
#6278=CARTESIAN_POINT('',(-90.,79.65,-60.));
#6279=CARTESIAN_POINT('',(-90.,85.,-60.));
#6280=CARTESIAN_POINT('Origin',(-90.,85.,-35.0000005215406));
#6281=CARTESIAN_POINT('',(-90.,85.,-35.0000005215406));
#6282=CARTESIAN_POINT('',(-90.,85.,-35.0000005215406));
#6283=CARTESIAN_POINT('',(-90.,79.65,-35.0000005215406));
#6284=CARTESIAN_POINT('',(-90.,79.65,-35.0000005215406));
#6285=CARTESIAN_POINT('',(-90.,85.,-35.0000005215406));
#6286=CARTESIAN_POINT('Origin',(-84.65,85.,-35.0000005215406));
#6287=CARTESIAN_POINT('',(-84.65,85.,-35.0000005215406));
#6288=CARTESIAN_POINT('',(-84.65,85.,-35.0000005215406));
#6289=CARTESIAN_POINT('',(-84.65,79.65,-35.0000005215406));
#6290=CARTESIAN_POINT('',(-84.65,79.65,-35.0000005215406));
#6291=CARTESIAN_POINT('',(-84.65,85.,-35.0000005215406));
#6292=CARTESIAN_POINT('Origin',(-84.65,85.,35.));
#6293=CARTESIAN_POINT('',(-84.65,85.,35.));
#6294=CARTESIAN_POINT('',(-84.65,85.,35.));
#6295=CARTESIAN_POINT('',(-84.65,79.65,35.));
#6296=CARTESIAN_POINT('',(-84.65,79.65,35.));
#6297=CARTESIAN_POINT('',(-84.65,85.,35.));
#6298=CARTESIAN_POINT('Origin',(-90.,85.,35.));
#6299=CARTESIAN_POINT('',(-90.,85.,35.));
#6300=CARTESIAN_POINT('',(-84.65,85.,35.));
#6301=CARTESIAN_POINT('',(-90.,79.65,35.));
#6302=CARTESIAN_POINT('',(-84.65,79.65,35.));
#6303=CARTESIAN_POINT('',(-90.,85.,35.));
#6304=CARTESIAN_POINT('Origin',(-90.0000013411045,85.,60.));
#6305=CARTESIAN_POINT('',(-90.0000013411045,85.,60.));
#6306=CARTESIAN_POINT('',(-90.0000013411045,85.,60.));
#6307=CARTESIAN_POINT('',(-90.0000013411045,79.65,60.));
#6308=CARTESIAN_POINT('',(-90.0000013411045,79.65,60.));
#6309=CARTESIAN_POINT('',(-90.0000013411045,85.,60.));
#6310=CARTESIAN_POINT('Origin',(-65.,85.,60.));
#6311=CARTESIAN_POINT('',(-65.,85.,60.));
#6312=CARTESIAN_POINT('',(-65.,85.,60.));
#6313=CARTESIAN_POINT('',(-65.,79.65,60.));
#6314=CARTESIAN_POINT('',(-65.,79.65,60.));
#6315=CARTESIAN_POINT('',(-65.,85.,60.));
#6316=CARTESIAN_POINT('Origin',(-65.,85.,54.65));
#6317=CARTESIAN_POINT('',(-65.,85.,54.65));
#6318=CARTESIAN_POINT('',(-65.,85.,60.));
#6319=CARTESIAN_POINT('',(-65.,79.65,54.65));
#6320=CARTESIAN_POINT('',(-65.,79.65,60.));
#6321=CARTESIAN_POINT('',(-65.,85.,54.65));
#6322=CARTESIAN_POINT('Origin',(65.,85.,54.65));
#6323=CARTESIAN_POINT('',(65.,85.,54.65));
#6324=CARTESIAN_POINT('',(-65.,85.,54.65));
#6325=CARTESIAN_POINT('',(65.,79.65,54.65));
#6326=CARTESIAN_POINT('',(-65.,79.65,54.65));
#6327=CARTESIAN_POINT('',(65.,85.,54.65));
#6328=CARTESIAN_POINT('Origin',(65.,85.,60.));
#6329=CARTESIAN_POINT('',(65.,85.,60.));
#6330=CARTESIAN_POINT('',(65.,85.,60.));
#6331=CARTESIAN_POINT('',(65.,79.65,60.));
#6332=CARTESIAN_POINT('',(65.,79.65,60.));
#6333=CARTESIAN_POINT('',(65.,85.,60.));
#6334=CARTESIAN_POINT('Origin',(90.0000013411045,85.,60.));
#6335=CARTESIAN_POINT('',(90.0000013411045,85.,60.));
#6336=CARTESIAN_POINT('',(65.,85.,60.));
#6337=CARTESIAN_POINT('',(90.0000013411045,79.65,60.));
#6338=CARTESIAN_POINT('',(65.,79.65,60.));
#6339=CARTESIAN_POINT('',(90.0000013411045,85.,60.));
#6340=CARTESIAN_POINT('Origin',(90.,85.,35.));
#6341=CARTESIAN_POINT('',(90.,85.,35.));
#6342=CARTESIAN_POINT('',(90.0000013411045,85.,60.));
#6343=CARTESIAN_POINT('',(90.,79.65,35.));
#6344=CARTESIAN_POINT('',(90.0000013411045,79.65,60.));
#6345=CARTESIAN_POINT('',(90.,85.,35.));
#6346=CARTESIAN_POINT('Origin',(84.65,85.,35.));
#6347=CARTESIAN_POINT('',(84.65,85.,35.));
#6348=CARTESIAN_POINT('',(84.65,85.,35.));
#6349=CARTESIAN_POINT('',(84.65,79.65,35.));
#6350=CARTESIAN_POINT('',(84.65,79.65,35.));
#6351=CARTESIAN_POINT('',(84.65,85.,35.));
#6352=CARTESIAN_POINT('Origin',(84.65,85.,-35.0000005215406));
#6353=CARTESIAN_POINT('',(84.65,85.,35.));
#6354=CARTESIAN_POINT('',(84.65,79.65,35.));
#6355=CARTESIAN_POINT('Origin',(0.,85.,0.));
#6356=CARTESIAN_POINT('Origin',(0.,79.65,0.));
#6357=CARTESIAN_POINT('',(0.,0.,0.));
#6358=CARTESIAN_POINT('Origin',(-84.65,25.000000372529,-50.0000007450581));
#6359=CARTESIAN_POINT('',(-79.3,25.000000372529,-47.9500007450581));
#6360=CARTESIAN_POINT('Origin',(-79.3,25.000000372529,-50.0000007450581));
#6361=CARTESIAN_POINT('',(-84.65,25.000000372529,-47.9500007450581));
#6362=CARTESIAN_POINT('',(-84.65,25.000000372529,-47.9500007450581));
#6363=CARTESIAN_POINT('Origin',(-84.65,25.000000372529,-50.0000007450581));
#6364=CARTESIAN_POINT('Origin',(-84.65,5.35,-54.6500025957357));
#6365=CARTESIAN_POINT('',(-84.65,45.,-54.6500025957357));
#6366=CARTESIAN_POINT('',(-84.65,5.35,-54.6500025957357));
#6367=CARTESIAN_POINT('',(-84.65,45.,-54.6500025957357));
#6368=CARTESIAN_POINT('',(-79.3,45.,-54.6500025957357));
#6369=CARTESIAN_POINT('',(-84.65,45.,-54.6500025957357));
#6370=CARTESIAN_POINT('',(-79.3,5.35,-54.6500025957357));
#6371=CARTESIAN_POINT('',(-79.3,45.,-54.6500025957357));
#6372=CARTESIAN_POINT('',(-84.65,5.35,-54.6500025957357));
#6373=CARTESIAN_POINT('Origin',(-84.65,5.35,-35.0000005215406));
#6374=CARTESIAN_POINT('',(-84.65,5.35,-35.0000005215406));
#6375=CARTESIAN_POINT('',(-84.65,5.35,-35.0000005215406));
#6376=CARTESIAN_POINT('',(-79.3,5.35,-35.0000005215406));
#6377=CARTESIAN_POINT('',(-79.3,5.35,-35.0000005215406));
#6378=CARTESIAN_POINT('',(-84.65,5.35,-35.0000005215406));
#6379=CARTESIAN_POINT('Origin',(-84.65,0.,-35.0000005215406));
#6380=CARTESIAN_POINT('',(-84.65,0.,-35.0000005215406));
#6381=CARTESIAN_POINT('',(-84.65,0.,-35.0000005215406));
#6382=CARTESIAN_POINT('',(-79.3,0.,-35.0000005215406));
#6383=CARTESIAN_POINT('',(-79.3,0.,-35.0000005215406));
#6384=CARTESIAN_POINT('',(-84.65,0.,-35.0000005215406));
#6385=CARTESIAN_POINT('Origin',(-84.65,0.,10.));
#6386=CARTESIAN_POINT('',(-84.65,0.,10.));
#6387=CARTESIAN_POINT('',(-84.65,0.,-35.0000005215406));
#6388=CARTESIAN_POINT('',(-79.3,0.,10.));
#6389=CARTESIAN_POINT('',(-79.3,0.,-35.0000005215406));
#6390=CARTESIAN_POINT('',(-84.65,0.,10.));
#6391=CARTESIAN_POINT('Origin',(-84.65,35.,10.));
#6392=CARTESIAN_POINT('',(-84.65,35.,10.));
#6393=CARTESIAN_POINT('',(-84.65,35.,10.));
#6394=CARTESIAN_POINT('',(-79.3,35.,10.));
#6395=CARTESIAN_POINT('',(-79.3,35.,10.));
#6396=CARTESIAN_POINT('',(-84.65,35.,10.));
#6397=CARTESIAN_POINT('Origin',(-84.65,35.,7.7715611723761E-15));
#6398=CARTESIAN_POINT('',(-84.65,45.,0.));
#6399=CARTESIAN_POINT('Origin',(-84.65,35.,7.7715611723761E-15));
#6400=CARTESIAN_POINT('',(-79.3,45.,0.));
#6401=CARTESIAN_POINT('Origin',(-79.3,35.,7.7715611723761E-15));
#6402=CARTESIAN_POINT('',(-84.65,45.,0.));
#6403=CARTESIAN_POINT('Origin',(-84.65,45.,-54.6500025957357));
#6404=CARTESIAN_POINT('',(-84.65,45.,-54.6500025957357));
#6405=CARTESIAN_POINT('',(-79.3,45.,-54.6500025957357));
#6406=CARTESIAN_POINT('Origin',(-79.3,22.5,-22.3250012978679));
#6407=CARTESIAN_POINT('Origin',(-84.65,22.5,-22.3250012978679));
#6408=CARTESIAN_POINT('Origin',(84.65,25.000000372529,-50.0000007450581));
#6409=CARTESIAN_POINT('',(79.3,25.000000372529,-47.9500007450581));
#6410=CARTESIAN_POINT('Origin',(79.3,25.000000372529,-50.0000007450581));
#6411=CARTESIAN_POINT('',(84.65,25.000000372529,-47.9500007450581));
#6412=CARTESIAN_POINT('',(84.65,25.000000372529,-47.9500007450581));
#6413=CARTESIAN_POINT('Origin',(84.65,25.000000372529,-50.0000007450581));
#6414=CARTESIAN_POINT('Origin',(84.65,5.35,-54.6500025957357));
#6415=CARTESIAN_POINT('',(84.65,45.,-54.6500025957357));
#6416=CARTESIAN_POINT('',(84.65,5.35,-54.6500025957357));
#6417=CARTESIAN_POINT('',(84.65,45.,-54.6500025957357));
#6418=CARTESIAN_POINT('',(79.3,5.35,-54.6500025957357));
#6419=CARTESIAN_POINT('',(84.65,5.35,-54.6500025957357));
#6420=CARTESIAN_POINT('',(79.3,45.,-54.6500025957357));
#6421=CARTESIAN_POINT('',(79.3,45.,-54.6500025957357));
#6422=CARTESIAN_POINT('',(84.65,45.,-54.6500025957357));
#6423=CARTESIAN_POINT('Origin',(84.65,5.35,-35.0000005215406));
#6424=CARTESIAN_POINT('',(84.65,5.35,-35.0000005215406));
#6425=CARTESIAN_POINT('',(84.65,5.35,-35.0000005215406));
#6426=CARTESIAN_POINT('',(79.3,5.35,-35.0000005215406));
#6427=CARTESIAN_POINT('',(84.65,5.35,-35.0000005215406));
#6428=CARTESIAN_POINT('',(79.3,5.35,-35.0000005215406));
#6429=CARTESIAN_POINT('Origin',(84.65,0.,-35.0000005215406));
#6430=CARTESIAN_POINT('',(84.65,0.,-35.0000005215406));
#6431=CARTESIAN_POINT('',(84.65,0.,-35.0000005215406));
#6432=CARTESIAN_POINT('',(79.3,0.,-35.0000005215406));
#6433=CARTESIAN_POINT('',(84.65,0.,-35.0000005215406));
#6434=CARTESIAN_POINT('',(79.3,0.,-35.0000005215406));
#6435=CARTESIAN_POINT('Origin',(84.65,0.,10.));
#6436=CARTESIAN_POINT('',(84.65,0.,10.));
#6437=CARTESIAN_POINT('',(84.65,0.,-35.0000005215406));
#6438=CARTESIAN_POINT('',(79.3,0.,10.));
#6439=CARTESIAN_POINT('',(84.65,0.,10.));
#6440=CARTESIAN_POINT('',(79.3,0.,-35.0000005215406));
#6441=CARTESIAN_POINT('Origin',(84.65,35.,10.));
#6442=CARTESIAN_POINT('',(84.65,35.,10.));
#6443=CARTESIAN_POINT('',(84.65,35.,10.));
#6444=CARTESIAN_POINT('',(79.3,35.,10.));
#6445=CARTESIAN_POINT('',(84.65,35.,10.));
#6446=CARTESIAN_POINT('',(79.3,35.,10.));
#6447=CARTESIAN_POINT('Origin',(84.65,35.,7.7715611723761E-15));
#6448=CARTESIAN_POINT('',(84.65,45.,0.));
#6449=CARTESIAN_POINT('Origin',(84.65,35.,7.7715611723761E-15));
#6450=CARTESIAN_POINT('',(79.3,45.,0.));
#6451=CARTESIAN_POINT('',(84.65,45.,0.));
#6452=CARTESIAN_POINT('Origin',(79.3,35.,7.7715611723761E-15));
#6453=CARTESIAN_POINT('Origin',(84.65,45.,-54.6500025957357));
#6454=CARTESIAN_POINT('',(84.65,45.,-54.6500025957357));
#6455=CARTESIAN_POINT('',(79.3,45.,-54.6500025957357));
#6456=CARTESIAN_POINT('Origin',(79.3,22.5,-22.3250012978679));
#6457=CARTESIAN_POINT('Origin',(84.65,22.5,-22.3250012978679));
#6458=CARTESIAN_POINT('',(0.,0.,0.));
#6459=CARTESIAN_POINT('Origin',(-7.40675365223604E-7,8.88178419700125E-15,
-54.6500025957357));
#6460=CARTESIAN_POINT('',(64.9999992593246,-7.4067535634182E-7,-54.6500025957357));
#6461=CARTESIAN_POINT('',(0.,0.,-54.6500025957357));
#6462=CARTESIAN_POINT('',(90.0000006004291,-1.02555051209433E-6,-54.6500025957357));
#6463=CARTESIAN_POINT('',(0.,0.,-60.0000025957357));
#6464=CARTESIAN_POINT('',(0.,0.,-54.6500025957357));
#6465=CARTESIAN_POINT('',(64.9999992593246,-7.4067535634182E-7,-60.0000025957357));
#6466=CARTESIAN_POINT('',(90.0000006004291,-1.02555051209433E-6,-60.0000025957357));
#6467=CARTESIAN_POINT('',(64.9999992593246,-7.4067535634182E-7,-54.6500025957357));
#6468=CARTESIAN_POINT('Origin',(84.65,64.9999990354128,-54.6500025957357));
#6469=CARTESIAN_POINT('',(84.65,64.9999990354128,-54.6500025957357));
#6470=CARTESIAN_POINT('',(0.,65.,-54.6500025957357));
#6471=CARTESIAN_POINT('',(84.65,64.9999990354128,-54.6500025957357));
#6472=CARTESIAN_POINT('',(84.65,64.9999990354128,-60.0000025957357));
#6473=CARTESIAN_POINT('',(84.65,64.9999990354128,-54.6500025957357));
#6474=CARTESIAN_POINT('',(0.,65.,-60.0000025957357));
#6475=CARTESIAN_POINT('',(84.65,64.9999990354128,-60.0000025957357));
#6476=CARTESIAN_POINT('',(0.,65.,-54.6500025957357));
#6477=CARTESIAN_POINT('Origin',(84.6499993202879,5.34999903541278,-54.6500025957357));
#6478=CARTESIAN_POINT('',(84.6499993202879,5.34999903541278,-54.6500025957357));
#6479=CARTESIAN_POINT('',(84.65,64.9999990354128,-54.6500025957357));
#6480=CARTESIAN_POINT('',(84.6499993202879,5.34999903541278,-60.0000025957357));
#6481=CARTESIAN_POINT('',(84.6499993202879,5.34999903541278,-54.6500025957357));
#6482=CARTESIAN_POINT('',(84.65,64.9999990354128,-60.0000025957357));
#6483=CARTESIAN_POINT('Origin',(64.9999993202879,5.34999925932464,-54.6500025957357));
#6484=CARTESIAN_POINT('',(64.9999993202879,5.34999925932464,-54.6500025957357));
#6485=CARTESIAN_POINT('',(64.9999993202879,5.34999925932464,-54.6500025957357));
#6486=CARTESIAN_POINT('',(64.9999993202879,5.34999925932464,-60.0000025957357));
#6487=CARTESIAN_POINT('',(64.9999993202879,5.34999925932464,-54.6500025957357));
#6488=CARTESIAN_POINT('',(64.9999993202879,5.34999925932464,-60.0000025957357));
#6489=CARTESIAN_POINT('Origin',(64.9999992593246,-7.4067535634182E-7,-54.6500025957357));
#6490=CARTESIAN_POINT('',(64.9999992593246,-7.4067535634182E-7,-54.6500025957357));
#6491=CARTESIAN_POINT('',(64.9999992593246,-7.4067535634182E-7,-60.0000025957357));
#6492=CARTESIAN_POINT('Origin',(0.,0.,-54.6500025957357));
#6493=CARTESIAN_POINT('',(-65.,0.,-54.6500025957357));
#6494=CARTESIAN_POINT('',(-90.0000013411045,0.,-54.6500025957357));
#6495=CARTESIAN_POINT('',(-65.,0.,-60.0000025957357));
#6496=CARTESIAN_POINT('',(-65.,0.,-54.6500025957357));
#6497=CARTESIAN_POINT('',(-90.0000013411045,0.,-60.0000025957357));
#6498=CARTESIAN_POINT('Origin',(-84.65,65.,-54.6500025957357));
#6499=CARTESIAN_POINT('',(-84.65,65.,-54.6500025957357));
#6500=CARTESIAN_POINT('',(-84.65,65.,-54.6500025957357));
#6501=CARTESIAN_POINT('',(-84.65,65.,-60.0000025957357));
#6502=CARTESIAN_POINT('',(-84.65,65.,-60.0000025957357));
#6503=CARTESIAN_POINT('',(-84.65,65.,-54.6500025957357));
#6504=CARTESIAN_POINT('Origin',(-84.65,5.35,-54.6500025957357));
#6505=CARTESIAN_POINT('',(-84.65,5.35,-54.6500025957357));
#6506=CARTESIAN_POINT('',(-84.65,65.,-54.6500025957357));
#6507=CARTESIAN_POINT('',(-84.65,5.35,-60.0000025957357));
#6508=CARTESIAN_POINT('',(-84.65,65.,-60.0000025957357));
#6509=CARTESIAN_POINT('',(-84.65,5.35,-54.6500025957357));
#6510=CARTESIAN_POINT('Origin',(-65.,5.35,-54.6500025957357));
#6511=CARTESIAN_POINT('',(-65.,5.35,-54.6500025957357));
#6512=CARTESIAN_POINT('',(-65.,5.35,-54.6500025957357));
#6513=CARTESIAN_POINT('',(-65.,5.35,-60.0000025957357));
#6514=CARTESIAN_POINT('',(-65.,5.35,-60.0000025957357));
#6515=CARTESIAN_POINT('',(-65.,5.35,-54.6500025957357));
#6516=CARTESIAN_POINT('Origin',(-65.,0.,-54.6500025957357));
#6517=CARTESIAN_POINT('',(-65.,0.,-54.6500025957357));
#6518=CARTESIAN_POINT('',(-65.,0.,-60.0000025957357));
#6519=CARTESIAN_POINT('Origin',(-42.3249998148312,32.5,-60.0000025957357));
#6520=CARTESIAN_POINT('Origin',(-42.3249998148312,32.5,-54.6500025957357));
#6521=CARTESIAN_POINT('',(0.,0.,0.));
#6522=CARTESIAN_POINT('Origin',(65.0000009076122,79.6499992593246,-54.6500025957357));
#6523=CARTESIAN_POINT('',(65.0000009685755,84.9999992593246,-54.6500025957357));
#6524=CARTESIAN_POINT('',(65.0000009076122,79.6499992593246,-54.6500025957357));
#6525=CARTESIAN_POINT('',(65.0000009685755,84.9999992593246,-54.6500025957357));
#6526=CARTESIAN_POINT('',(65.0000009076122,79.6499992593246,-60.0000025957357));
#6527=CARTESIAN_POINT('',(65.0000009076122,79.6499992593246,-54.6500025957357));
#6528=CARTESIAN_POINT('',(65.0000009685755,84.9999992593246,-60.0000025957357));
#6529=CARTESIAN_POINT('',(65.0000009685755,84.9999992593246,-60.0000025957357));
#6530=CARTESIAN_POINT('',(65.0000009685755,84.9999992593246,-54.6500025957357));
#6531=CARTESIAN_POINT('Origin',(90.0000022487167,79.6499989744495,-54.6500025957357));
#6532=CARTESIAN_POINT('',(90.0000022487167,79.6499989744495,-54.6500025957357));
#6533=CARTESIAN_POINT('',(65.0000009076122,79.6499992593246,-54.6500025957357));
#6534=CARTESIAN_POINT('',(90.0000022487167,79.6499989744495,-60.0000025957357));
#6535=CARTESIAN_POINT('',(90.0000022487167,79.6499989744495,-54.6500025957357));
#6536=CARTESIAN_POINT('',(65.0000009076122,79.6499992593246,-60.0000025957357));
#6537=CARTESIAN_POINT('Origin',(90.0000007406754,64.9999989744495,-54.6500025957357));
#6538=CARTESIAN_POINT('',(90.0000007406754,64.9999989744495,-54.6500025957357));
#6539=CARTESIAN_POINT('',(90.0000022487167,79.6499989744495,-54.6500025957357));
#6540=CARTESIAN_POINT('',(90.0000007406754,64.9999989744495,-60.0000025957357));
#6541=CARTESIAN_POINT('',(90.0000007406754,64.9999989744495,-54.6500025957357));
#6542=CARTESIAN_POINT('',(90.0000022487167,79.6499989744495,-60.0000025957357));
#6543=CARTESIAN_POINT('Origin',(7.40675365223604E-7,65.,-54.6500025957357));
#6544=CARTESIAN_POINT('',(0.,65.,-54.6500025957357));
#6545=CARTESIAN_POINT('',(84.6500007406754,64.9999990354128,-54.6500025957357));
#6546=CARTESIAN_POINT('',(0.,65.,-60.0000025957357));
#6547=CARTESIAN_POINT('',(0.,65.,-54.6500025957357));
#6548=CARTESIAN_POINT('',(84.6500007406754,64.9999990354128,-60.0000025957357));
#6549=CARTESIAN_POINT('Origin',(65.0000009685755,84.9999992593246,-54.6500025957357));
#6550=CARTESIAN_POINT('',(4.84287738800049E-7,85.,-54.6500025957357));
#6551=CARTESIAN_POINT('',(65.0000009685755,84.9999992593246,-54.6500025957357));
#6552=CARTESIAN_POINT('',(4.84287738800049E-7,85.,-60.0000025957357));
#6553=CARTESIAN_POINT('',(65.0000009685755,84.9999992593246,-60.0000025957357));
#6554=CARTESIAN_POINT('',(4.84287738800049E-7,85.,-54.6500025957357));
#6555=CARTESIAN_POINT('Origin',(-65.,79.65,-54.6500025957357));
#6556=CARTESIAN_POINT('',(-65.,85.,-54.6500025957357));
#6557=CARTESIAN_POINT('',(-65.,79.65,-54.6500025957357));
#6558=CARTESIAN_POINT('',(-65.,85.,-54.6500025957357));
#6559=CARTESIAN_POINT('',(-65.,85.,-60.0000025957357));
#6560=CARTESIAN_POINT('',(-65.,85.,-54.6500025957357));
#6561=CARTESIAN_POINT('',(-65.,79.65,-60.0000025957357));
#6562=CARTESIAN_POINT('',(-65.,85.,-60.0000025957357));
#6563=CARTESIAN_POINT('',(-65.,79.65,-54.6500025957357));
#6564=CARTESIAN_POINT('Origin',(-90.0000013411045,79.65,-54.6500025957357));
#6565=CARTESIAN_POINT('',(-90.0000013411045,79.65,-54.6500025957357));
#6566=CARTESIAN_POINT('',(-65.,79.65,-54.6500025957357));
#6567=CARTESIAN_POINT('',(-90.0000013411045,79.65,-60.0000025957357));
#6568=CARTESIAN_POINT('',(-65.,79.65,-60.0000025957357));
#6569=CARTESIAN_POINT('',(-90.0000013411045,79.65,-54.6500025957357));
#6570=CARTESIAN_POINT('Origin',(-90.,65.,-54.6500025957357));
#6571=CARTESIAN_POINT('',(-90.,65.,-54.6500025957357));
#6572=CARTESIAN_POINT('',(-90.0000013411045,79.65,-54.6500025957357));
#6573=CARTESIAN_POINT('',(-90.,65.,-60.0000025957357));
#6574=CARTESIAN_POINT('',(-90.0000013411045,79.65,-60.0000025957357));
#6575=CARTESIAN_POINT('',(-90.,65.,-54.6500025957357));
#6576=CARTESIAN_POINT('Origin',(0.,65.,-54.6500025957357));
#6577=CARTESIAN_POINT('',(-84.65,65.,-54.6500025957357));
#6578=CARTESIAN_POINT('',(-84.65,65.,-60.0000025957357));
#6579=CARTESIAN_POINT('Origin',(-65.,85.,-54.6500025957357));
#6580=CARTESIAN_POINT('',(-65.,85.,-54.6500025957357));
#6581=CARTESIAN_POINT('',(-65.,85.,-60.0000025957357));
#6582=CARTESIAN_POINT('Origin',(-45.0000004284084,75.,-60.0000025957357));
#6583=CARTESIAN_POINT('Origin',(-45.0000004284084,75.,-54.6500025957357));
#6584=CARTESIAN_POINT('',(0.,0.,0.));
#6585=CARTESIAN_POINT('Origin',(65.,0.,-54.6500025957357));
#6586=CARTESIAN_POINT('',(65.,0.,-60.0000025957357));
#6587=CARTESIAN_POINT('',(65.,0.,-54.6500025957357));
#6588=CARTESIAN_POINT('',(65.,0.,-60.0000025957357));
#6589=CARTESIAN_POINT('',(65.,5.35,-54.6500025957357));
#6590=CARTESIAN_POINT('',(65.,0.,-54.6500025957357));
#6591=CARTESIAN_POINT('',(65.,5.35,-60.0000025957357));
#6592=CARTESIAN_POINT('',(65.,5.35,-60.0000025957357));
#6593=CARTESIAN_POINT('',(65.,0.,-60.0000025957357));
#6594=CARTESIAN_POINT('Origin',(65.,0.,60.));
#6595=CARTESIAN_POINT('',(65.,0.,60.));
#6596=CARTESIAN_POINT('',(65.,0.,54.65));
#6597=CARTESIAN_POINT('',(65.,0.,60.));
#6598=CARTESIAN_POINT('',(65.,5.35,60.));
#6599=CARTESIAN_POINT('',(65.,0.,60.));
#6600=CARTESIAN_POINT('',(65.,5.35,54.65));
#6601=CARTESIAN_POINT('',(65.,5.35,60.));
#6602=CARTESIAN_POINT('',(65.,0.,54.65));
#6603=CARTESIAN_POINT('Origin',(90.,0.,60.0000008940697));
#6604=CARTESIAN_POINT('',(90.,0.,60.0000008940697));
#6605=CARTESIAN_POINT('',(90.,0.,60.0000008940697));
#6606=CARTESIAN_POINT('',(90.,5.35,60.0000008940697));
#6607=CARTESIAN_POINT('',(90.,0.,60.0000008940697));
#6608=CARTESIAN_POINT('',(90.,5.35,60.0000008940697));
#6609=CARTESIAN_POINT('Origin',(90.,0.,35.));
#6610=CARTESIAN_POINT('',(90.,0.,35.));
#6611=CARTESIAN_POINT('',(90.,0.,35.));
#6612=CARTESIAN_POINT('',(90.,5.35,35.));
#6613=CARTESIAN_POINT('',(90.,0.,35.));
#6614=CARTESIAN_POINT('',(90.,5.35,35.));
#6615=CARTESIAN_POINT('Origin',(84.65,0.,35.));
#6616=CARTESIAN_POINT('',(84.65,0.,35.));
#6617=CARTESIAN_POINT('',(84.65,0.,35.));
#6618=CARTESIAN_POINT('',(84.65,5.35,35.));
#6619=CARTESIAN_POINT('',(84.65,0.,35.));
#6620=CARTESIAN_POINT('',(84.65,5.35,35.));
#6621=CARTESIAN_POINT('Origin',(84.65,0.,10.));
#6622=CARTESIAN_POINT('',(84.65,0.,10.));
#6623=CARTESIAN_POINT('',(84.65,0.,35.));
#6624=CARTESIAN_POINT('',(84.65,5.35,10.));
#6625=CARTESIAN_POINT('',(84.65,0.,10.));
#6626=CARTESIAN_POINT('',(84.65,5.35,35.));
#6627=CARTESIAN_POINT('Origin',(79.3,0.,10.));
#6628=CARTESIAN_POINT('',(79.3,0.,10.));
#6629=CARTESIAN_POINT('',(79.3,0.,10.));
#6630=CARTESIAN_POINT('',(79.3,5.35,10.));
#6631=CARTESIAN_POINT('',(79.3,0.,10.));
#6632=CARTESIAN_POINT('',(79.3,5.35,10.));
#6633=CARTESIAN_POINT('Origin',(79.3,0.,-35.0000005215406));
#6634=CARTESIAN_POINT('',(79.3,0.,-35.0000005215406));
#6635=CARTESIAN_POINT('',(79.3,0.,-35.0000005215406));
#6636=CARTESIAN_POINT('',(79.3,5.35,-35.0000005215406));
#6637=CARTESIAN_POINT('',(79.3,0.,-35.0000005215406));
#6638=CARTESIAN_POINT('',(79.3,5.35,-35.0000005215406));
#6639=CARTESIAN_POINT('Origin',(90.,0.,-35.0000005215406));
#6640=CARTESIAN_POINT('',(90.,0.,-35.0000005215406));
#6641=CARTESIAN_POINT('',(79.3,0.,-35.0000005215406));
#6642=CARTESIAN_POINT('',(90.,5.35,-35.0000005215406));
#6643=CARTESIAN_POINT('',(90.,0.,-35.0000005215406));
#6644=CARTESIAN_POINT('',(79.3,5.35,-35.0000005215406));
#6645=CARTESIAN_POINT('Origin',(90.0000013411045,0.,-60.0000025957357));
#6646=CARTESIAN_POINT('',(90.0000013411045,0.,-60.0000025957357));
#6647=CARTESIAN_POINT('',(90.0000013411045,0.,-60.0000025957357));
#6648=CARTESIAN_POINT('',(90.0000013411045,5.35,-60.0000025957357));
#6649=CARTESIAN_POINT('',(90.0000013411045,0.,-60.0000025957357));
#6650=CARTESIAN_POINT('',(90.0000013411045,5.35,-60.0000025957357));
#6651=CARTESIAN_POINT('Origin',(65.,0.,-60.0000025957357));
#6652=CARTESIAN_POINT('',(65.,0.,-60.0000025957357));
#6653=CARTESIAN_POINT('',(65.,5.35,-60.0000025957357));
#6654=CARTESIAN_POINT('Origin',(-65.,0.,-54.6500025957357));
#6655=CARTESIAN_POINT('',(-65.,0.,-60.0000025957357));
#6656=CARTESIAN_POINT('',(-65.,0.,-54.6500025957357));
#6657=CARTESIAN_POINT('',(-65.,0.,-60.0000025957357));
#6658=CARTESIAN_POINT('',(-65.,5.35,-60.0000025957357));
#6659=CARTESIAN_POINT('',(-65.,0.,-60.0000025957357));
#6660=CARTESIAN_POINT('',(-65.,5.35,-54.6500025957357));
#6661=CARTESIAN_POINT('',(-65.,5.35,-60.0000025957357));
#6662=CARTESIAN_POINT('',(-65.,0.,-54.6500025957357));
#6663=CARTESIAN_POINT('Origin',(0.,0.,-54.6500025957357));
#6664=CARTESIAN_POINT('',(0.,0.,-54.6500025957357));
#6665=CARTESIAN_POINT('',(0.,5.35,-54.6500025957357));
#6666=CARTESIAN_POINT('Origin',(-65.,0.,54.65));
#6667=CARTESIAN_POINT('',(-65.,0.,54.65));
#6668=CARTESIAN_POINT('',(-65.,0.,54.65));
#6669=CARTESIAN_POINT('',(-65.,5.35,54.65));
#6670=CARTESIAN_POINT('',(-65.,5.35,54.65));
#6671=CARTESIAN_POINT('',(-65.,0.,54.65));
#6672=CARTESIAN_POINT('Origin',(-65.,0.,60.));
#6673=CARTESIAN_POINT('',(-65.,0.,60.));
#6674=CARTESIAN_POINT('',(-65.,0.,60.));
#6675=CARTESIAN_POINT('',(-65.,5.35,60.));
#6676=CARTESIAN_POINT('',(-65.,5.35,60.));
#6677=CARTESIAN_POINT('',(-65.,0.,60.));
#6678=CARTESIAN_POINT('Origin',(-90.,0.,60.0000008940697));
#6679=CARTESIAN_POINT('',(-90.,0.,60.0000008940697));
#6680=CARTESIAN_POINT('',(-90.,0.,60.0000008940697));
#6681=CARTESIAN_POINT('',(-90.,5.35,60.0000008940697));
#6682=CARTESIAN_POINT('',(-90.,5.35,60.0000008940697));
#6683=CARTESIAN_POINT('',(-90.,0.,60.0000008940697));
#6684=CARTESIAN_POINT('Origin',(-90.,0.,35.));
#6685=CARTESIAN_POINT('',(-90.,0.,35.));
#6686=CARTESIAN_POINT('',(-90.,0.,35.));
#6687=CARTESIAN_POINT('',(-90.,5.35,35.));
#6688=CARTESIAN_POINT('',(-90.,5.35,35.));
#6689=CARTESIAN_POINT('',(-90.,0.,35.));
#6690=CARTESIAN_POINT('Origin',(-84.65,0.,35.));
#6691=CARTESIAN_POINT('',(-84.65,0.,35.));
#6692=CARTESIAN_POINT('',(-84.65,0.,35.));
#6693=CARTESIAN_POINT('',(-84.65,5.35,35.));
#6694=CARTESIAN_POINT('',(-84.65,5.35,35.));
#6695=CARTESIAN_POINT('',(-84.65,0.,35.));
#6696=CARTESIAN_POINT('Origin',(-84.65,0.,10.));
#6697=CARTESIAN_POINT('',(-84.65,0.,10.));
#6698=CARTESIAN_POINT('',(-84.65,0.,35.));
#6699=CARTESIAN_POINT('',(-84.65,5.35,10.));
#6700=CARTESIAN_POINT('',(-84.65,5.35,35.));
#6701=CARTESIAN_POINT('',(-84.65,0.,10.));
#6702=CARTESIAN_POINT('Origin',(-79.3,0.,10.));
#6703=CARTESIAN_POINT('',(-79.3,0.,10.));
#6704=CARTESIAN_POINT('',(-79.3,0.,10.));
#6705=CARTESIAN_POINT('',(-79.3,5.35,10.));
#6706=CARTESIAN_POINT('',(-79.3,5.35,10.));
#6707=CARTESIAN_POINT('',(-79.3,0.,10.));
#6708=CARTESIAN_POINT('Origin',(-79.3,0.,-35.0000005215406));
#6709=CARTESIAN_POINT('',(-79.3,0.,-35.0000005215406));
#6710=CARTESIAN_POINT('',(-79.3,0.,-35.0000005215406));
#6711=CARTESIAN_POINT('',(-79.3,5.35,-35.0000005215406));
#6712=CARTESIAN_POINT('',(-79.3,5.35,-35.0000005215406));
#6713=CARTESIAN_POINT('',(-79.3,0.,-35.0000005215406));
#6714=CARTESIAN_POINT('Origin',(-90.,0.,-35.0000005215406));
#6715=CARTESIAN_POINT('',(-90.,0.,-35.0000005215406));
#6716=CARTESIAN_POINT('',(-79.3,0.,-35.0000005215406));
#6717=CARTESIAN_POINT('',(-90.,5.35,-35.0000005215406));
#6718=CARTESIAN_POINT('',(-79.3,5.35,-35.0000005215406));
#6719=CARTESIAN_POINT('',(-90.,0.,-35.0000005215406));
#6720=CARTESIAN_POINT('Origin',(-90.0000013411045,0.,-60.0000025957357));
#6721=CARTESIAN_POINT('',(-90.0000013411045,0.,-60.0000025957357));
#6722=CARTESIAN_POINT('',(-90.0000013411045,0.,-60.0000025957357));
#6723=CARTESIAN_POINT('',(-90.0000013411045,5.35,-60.0000025957357));
#6724=CARTESIAN_POINT('',(-90.0000013411045,5.35,-60.0000025957357));
#6725=CARTESIAN_POINT('',(-90.0000013411045,0.,-60.0000025957357));
#6726=CARTESIAN_POINT('Origin',(-65.,0.,-60.0000025957357));
#6727=CARTESIAN_POINT('',(-65.,0.,-60.0000025957357));
#6728=CARTESIAN_POINT('',(-65.,5.35,-60.0000025957357));
#6729=CARTESIAN_POINT('Origin',(-45.0000006705523,5.35,-8.50833021814879E-7));
#6730=CARTESIAN_POINT('Origin',(-45.0000006705523,0.,-8.50833021814879E-7));
#6731=CARTESIAN_POINT('',(0.,0.,0.));
#6732=CARTESIAN_POINT('',(0.,0.,0.));
#6733=CARTESIAN_POINT('',(0.,0.,0.));
#6734=CARTESIAN_POINT('',(0.,0.,0.));
#6735=CARTESIAN_POINT('',(0.,0.,0.));
#6736=CARTESIAN_POINT('',(0.,0.,0.));
#6737=CARTESIAN_POINT('',(0.,0.,0.));
#6738=CARTESIAN_POINT('',(0.,0.,0.));
#6739=CARTESIAN_POINT('',(0.,0.,0.));
#6740=CARTESIAN_POINT('',(0.,0.,0.));
#6741=UNCERTAINTY_MEASURE_WITH_UNIT(LENGTH_MEASURE(0.01),#6765,
'DISTANCE_ACCURACY_VALUE',
'Maximum model space distance between geometric entities at asserted c
onnectivities');
#6742=UNCERTAINTY_MEASURE_WITH_UNIT(LENGTH_MEASURE(0.01),#6765,
'DISTANCE_ACCURACY_VALUE',
'Maximum model space distance between geometric entities at asserted c
onnectivities');
#6743=UNCERTAINTY_MEASURE_WITH_UNIT(LENGTH_MEASURE(0.01),#6765,
'DISTANCE_ACCURACY_VALUE',
'Maximum model space distance between geometric entities at asserted c
onnectivities');
#6744=UNCERTAINTY_MEASURE_WITH_UNIT(LENGTH_MEASURE(0.01),#6765,
'DISTANCE_ACCURACY_VALUE',
'Maximum model space distance between geometric entities at asserted c
onnectivities');
#6745=UNCERTAINTY_MEASURE_WITH_UNIT(LENGTH_MEASURE(0.01),#6765,
'DISTANCE_ACCURACY_VALUE',
'Maximum model space distance between geometric entities at asserted c
onnectivities');
#6746=UNCERTAINTY_MEASURE_WITH_UNIT(LENGTH_MEASURE(0.01),#6765,
'DISTANCE_ACCURACY_VALUE',
'Maximum model space distance between geometric entities at asserted c
onnectivities');
#6747=UNCERTAINTY_MEASURE_WITH_UNIT(LENGTH_MEASURE(0.01),#6765,
'DISTANCE_ACCURACY_VALUE',
'Maximum model space distance between geometric entities at asserted c
onnectivities');
#6748=UNCERTAINTY_MEASURE_WITH_UNIT(LENGTH_MEASURE(0.01),#6765,
'DISTANCE_ACCURACY_VALUE',
'Maximum model space distance between geometric entities at asserted c
onnectivities');
#6749=UNCERTAINTY_MEASURE_WITH_UNIT(LENGTH_MEASURE(0.01),#6765,
'DISTANCE_ACCURACY_VALUE',
'Maximum model space distance between geometric entities at asserted c
onnectivities');
#6750=UNCERTAINTY_MEASURE_WITH_UNIT(LENGTH_MEASURE(0.01),#6765,
'DISTANCE_ACCURACY_VALUE',
'Maximum model space distance between geometric entities at asserted c
onnectivities');
#6751=UNCERTAINTY_MEASURE_WITH_UNIT(LENGTH_MEASURE(0.01),#6765,
'DISTANCE_ACCURACY_VALUE',
'Maximum model space distance between geometric entities at asserted c
onnectivities');
#6752=UNCERTAINTY_MEASURE_WITH_UNIT(LENGTH_MEASURE(0.01),#6765,
'DISTANCE_ACCURACY_VALUE',
'Maximum model space distance between geometric entities at asserted c
onnectivities');
#6753=(
GEOMETRIC_REPRESENTATION_CONTEXT(3)
GLOBAL_UNCERTAINTY_ASSIGNED_CONTEXT((#6741))
GLOBAL_UNIT_ASSIGNED_CONTEXT((#6765,#6767,#6768))
REPRESENTATION_CONTEXT('','3D')
);
#6754=(
GEOMETRIC_REPRESENTATION_CONTEXT(3)
GLOBAL_UNCERTAINTY_ASSIGNED_CONTEXT((#6742))
GLOBAL_UNIT_ASSIGNED_CONTEXT((#6765,#6767,#6768))
REPRESENTATION_CONTEXT('','3D')
);
#6755=(
GEOMETRIC_REPRESENTATION_CONTEXT(3)
GLOBAL_UNCERTAINTY_ASSIGNED_CONTEXT((#6743))
GLOBAL_UNIT_ASSIGNED_CONTEXT((#6765,#6767,#6768))
REPRESENTATION_CONTEXT('','3D')
);
#6756=(
GEOMETRIC_REPRESENTATION_CONTEXT(3)
GLOBAL_UNCERTAINTY_ASSIGNED_CONTEXT((#6744))
GLOBAL_UNIT_ASSIGNED_CONTEXT((#6765,#6767,#6768))
REPRESENTATION_CONTEXT('','3D')
);
#6757=(
GEOMETRIC_REPRESENTATION_CONTEXT(3)
GLOBAL_UNCERTAINTY_ASSIGNED_CONTEXT((#6745))
GLOBAL_UNIT_ASSIGNED_CONTEXT((#6765,#6767,#6768))
REPRESENTATION_CONTEXT('','3D')
);
#6758=(
GEOMETRIC_REPRESENTATION_CONTEXT(3)
GLOBAL_UNCERTAINTY_ASSIGNED_CONTEXT((#6746))
GLOBAL_UNIT_ASSIGNED_CONTEXT((#6765,#6767,#6768))
REPRESENTATION_CONTEXT('','3D')
);
#6759=(
GEOMETRIC_REPRESENTATION_CONTEXT(3)
GLOBAL_UNCERTAINTY_ASSIGNED_CONTEXT((#6747))
GLOBAL_UNIT_ASSIGNED_CONTEXT((#6765,#6767,#6768))
REPRESENTATION_CONTEXT('','3D')
);
#6760=(
GEOMETRIC_REPRESENTATION_CONTEXT(3)
GLOBAL_UNCERTAINTY_ASSIGNED_CONTEXT((#6748))
GLOBAL_UNIT_ASSIGNED_CONTEXT((#6765,#6767,#6768))
REPRESENTATION_CONTEXT('','3D')
);
#6761=(
GEOMETRIC_REPRESENTATION_CONTEXT(3)
GLOBAL_UNCERTAINTY_ASSIGNED_CONTEXT((#6749))
GLOBAL_UNIT_ASSIGNED_CONTEXT((#6765,#6767,#6768))
REPRESENTATION_CONTEXT('','3D')
);
#6762=(
GEOMETRIC_REPRESENTATION_CONTEXT(3)
GLOBAL_UNCERTAINTY_ASSIGNED_CONTEXT((#6750))
GLOBAL_UNIT_ASSIGNED_CONTEXT((#6765,#6767,#6768))
REPRESENTATION_CONTEXT('','3D')
);
#6763=(
GEOMETRIC_REPRESENTATION_CONTEXT(3)
GLOBAL_UNCERTAINTY_ASSIGNED_CONTEXT((#6751))
GLOBAL_UNIT_ASSIGNED_CONTEXT((#6765,#6767,#6768))
REPRESENTATION_CONTEXT('','3D')
);
#6764=(
GEOMETRIC_REPRESENTATION_CONTEXT(3)
GLOBAL_UNCERTAINTY_ASSIGNED_CONTEXT((#6752))
GLOBAL_UNIT_ASSIGNED_CONTEXT((#6765,#6767,#6768))
REPRESENTATION_CONTEXT('','3D')
);
#6765=(
LENGTH_UNIT()
NAMED_UNIT(*)
SI_UNIT(.MILLI.,.METRE.)
);
#6766=(
LENGTH_UNIT()
NAMED_UNIT(*)
SI_UNIT($,.METRE.)
);
#6767=(
NAMED_UNIT(*)
PLANE_ANGLE_UNIT()
SI_UNIT($,.RADIAN.)
);
#6768=(
NAMED_UNIT(*)
SI_UNIT($,.STERADIAN.)
SOLID_ANGLE_UNIT()
);
#6769=SHAPE_DEFINITION_REPRESENTATION(#6780,#6801);
#6770=SHAPE_DEFINITION_REPRESENTATION(#6781,#6802);
#6771=SHAPE_DEFINITION_REPRESENTATION(#6782,#6803);
#6772=SHAPE_DEFINITION_REPRESENTATION(#6783,#6804);
#6773=SHAPE_DEFINITION_REPRESENTATION(#6784,#6805);
#6774=SHAPE_DEFINITION_REPRESENTATION(#6785,#6806);
#6775=SHAPE_DEFINITION_REPRESENTATION(#6786,#6807);
#6776=SHAPE_DEFINITION_REPRESENTATION(#6787,#6808);
#6777=SHAPE_DEFINITION_REPRESENTATION(#6788,#6809);
#6778=SHAPE_DEFINITION_REPRESENTATION(#6789,#6810);
#6779=SHAPE_DEFINITION_REPRESENTATION(#6790,#6811);
#6780=PRODUCT_DEFINITION_SHAPE('',$,#6813);
#6781=PRODUCT_DEFINITION_SHAPE('',$,#6814);
#6782=PRODUCT_DEFINITION_SHAPE('',$,#6815);
#6783=PRODUCT_DEFINITION_SHAPE('',$,#6816);
#6784=PRODUCT_DEFINITION_SHAPE('',$,#6817);
#6785=PRODUCT_DEFINITION_SHAPE('',$,#6818);
#6786=PRODUCT_DEFINITION_SHAPE('',$,#6819);
#6787=PRODUCT_DEFINITION_SHAPE('',$,#6820);
#6788=PRODUCT_DEFINITION_SHAPE('',$,#6821);
#6789=PRODUCT_DEFINITION_SHAPE('',$,#6822);
#6790=PRODUCT_DEFINITION_SHAPE('',$,#6823);
#6791=PRODUCT_DEFINITION_SHAPE($,$,#41);
#6792=PRODUCT_DEFINITION_SHAPE($,$,#42);
#6793=PRODUCT_DEFINITION_SHAPE($,$,#43);
#6794=PRODUCT_DEFINITION_SHAPE($,$,#44);
#6795=PRODUCT_DEFINITION_SHAPE($,$,#45);
#6796=PRODUCT_DEFINITION_SHAPE($,$,#46);
#6797=PRODUCT_DEFINITION_SHAPE($,$,#47);
#6798=PRODUCT_DEFINITION_SHAPE($,$,#48);
#6799=PRODUCT_DEFINITION_SHAPE($,$,#49);
#6800=PRODUCT_DEFINITION_SHAPE($,$,#50);
#6801=SHAPE_REPRESENTATION('',(#4225,#4497),#6753);
#6802=SHAPE_REPRESENTATION('',(#4226,#4488,#4489,#4490,#4491,#4492,#4493,
#4494,#4495,#4496),#6754);
#6803=SHAPE_REPRESENTATION('',(#4227),#6755);
#6804=SHAPE_REPRESENTATION('',(#4246),#6756);
#6805=SHAPE_REPRESENTATION('',(#4261),#6757);
#6806=SHAPE_REPRESENTATION('',(#4316),#6758);
#6807=SHAPE_REPRESENTATION('',(#4383),#6759);
#6808=SHAPE_REPRESENTATION('',(#4406),#6760);
#6809=SHAPE_REPRESENTATION('',(#4435),#6761);
#6810=SHAPE_REPRESENTATION('',(#4448),#6762);
#6811=SHAPE_REPRESENTATION('',(#4461),#6763);
#6812=PRODUCT_DEFINITION_CONTEXT('part definition',#6847,'design');
#6813=PRODUCT_DEFINITION('2026-09-28-20-56-06-992','box',#6824,#6812);
#6814=PRODUCT_DEFINITION('2026-09-28-21-22-20-061','front',#6825,#6812);
#6815=PRODUCT_DEFINITION('2026-09-28-21-34-32-228','Component2',#6826,#6812);
#6816=PRODUCT_DEFINITION('2026-09-28-21-35-19-669','Component3',#6827,#6812);
#6817=PRODUCT_DEFINITION('2026-09-28-21-52-41-259','Component4',#6828,#6812);
#6818=PRODUCT_DEFINITION('2026-09-28-22-37-48-902','Component5',#6829,#6812);
#6819=PRODUCT_DEFINITION('2026-09-28-22-44-15-540','Component6',#6830,#6812);
#6820=PRODUCT_DEFINITION('2026-09-28-22-58-33-791','Component7',#6831,#6812);
#6821=PRODUCT_DEFINITION('2026-09-28-22-58-36-560','Component8',#6832,#6812);
#6822=PRODUCT_DEFINITION('2026-09-28-23-01-10-843','Component9',#6833,#6812);
#6823=PRODUCT_DEFINITION('2026-09-28-23-07-51-660','Component10',#6834,
#6812);
#6824=PRODUCT_DEFINITION_FORMATION('',$,#6849);
#6825=PRODUCT_DEFINITION_FORMATION('',$,#6850);
#6826=PRODUCT_DEFINITION_FORMATION('',$,#6851);
#6827=PRODUCT_DEFINITION_FORMATION('',$,#6852);
#6828=PRODUCT_DEFINITION_FORMATION('',$,#6853);
#6829=PRODUCT_DEFINITION_FORMATION('',$,#6854);
#6830=PRODUCT_DEFINITION_FORMATION('',$,#6855);
#6831=PRODUCT_DEFINITION_FORMATION('',$,#6856);
#6832=PRODUCT_DEFINITION_FORMATION('',$,#6857);
#6833=PRODUCT_DEFINITION_FORMATION('',$,#6858);
#6834=PRODUCT_DEFINITION_FORMATION('',$,#6859);
#6835=PRODUCT_RELATED_PRODUCT_CATEGORY('box','box',(#6849));
#6836=PRODUCT_RELATED_PRODUCT_CATEGORY('front','front',(#6850));
#6837=PRODUCT_RELATED_PRODUCT_CATEGORY('Component2','Component2',(#6851));
#6838=PRODUCT_RELATED_PRODUCT_CATEGORY('Component3','Component3',(#6852));
#6839=PRODUCT_RELATED_PRODUCT_CATEGORY('Component4','Component4',(#6853));
#6840=PRODUCT_RELATED_PRODUCT_CATEGORY('Component5','Component5',(#6854));
#6841=PRODUCT_RELATED_PRODUCT_CATEGORY('Component6','Component6',(#6855));
#6842=PRODUCT_RELATED_PRODUCT_CATEGORY('Component7','Component7',(#6856));
#6843=PRODUCT_RELATED_PRODUCT_CATEGORY('Component8','Component8',(#6857));
#6844=PRODUCT_RELATED_PRODUCT_CATEGORY('Component9','Component9',(#6858));
#6845=PRODUCT_RELATED_PRODUCT_CATEGORY('Component10','Component10',(#6859));
#6846=APPLICATION_PROTOCOL_DEFINITION('international standard',
'automotive_design',2009,#6847);
#6847=APPLICATION_CONTEXT(
'Core Data for Automotive Mechanical Design Process');
#6848=PRODUCT_CONTEXT('part definition',#6847,'mechanical');
#6849=PRODUCT('2026-09-28-20-56-06-992','box',$,(#6848));
#6850=PRODUCT('2026-09-28-21-22-20-061','front',$,(#6848));
#6851=PRODUCT('2026-09-28-21-34-32-228','Component2',$,(#6848));
#6852=PRODUCT('2026-09-28-21-35-19-669','Component3',$,(#6848));
#6853=PRODUCT('2026-09-28-21-52-41-259','Component4',$,(#6848));
#6854=PRODUCT('2026-09-28-22-37-48-902','Component5',$,(#6848));
#6855=PRODUCT('2026-09-28-22-44-15-540','Component6',$,(#6848));
#6856=PRODUCT('2026-09-28-22-58-33-791','Component7',$,(#6848));
#6857=PRODUCT('2026-09-28-22-58-36-560','Component8',$,(#6848));
#6858=PRODUCT('2026-09-28-23-01-10-843','Component9',$,(#6848));
#6859=PRODUCT('2026-09-28-23-07-51-660','Component10',$,(#6848));
#6860=PRESENTATION_STYLE_ASSIGNMENT((#6861));
#6861=SURFACE_STYLE_USAGE(.BOTH.,#6862);
#6862=SURFACE_SIDE_STYLE('',(#6863));
#6863=SURFACE_STYLE_FILL_AREA(#6864);
#6864=FILL_AREA_STYLE('Steel - Satin',(#6865));
#6865=FILL_AREA_STYLE_COLOUR('Steel - Satin',#6866);
#6866=COLOUR_RGB('Steel - Satin',0.627450980392157,0.627450980392157,0.627450980392157);
ENDSEC;
END-ISO-10303-21;
